adm0_iso3,adm0_name,admin_level,adm1_pcode,adm1_name,adm2_pcode,adm2_name,period_number,start_date,end_date,cropland_flooded_sq_km,cropland_flooded_ha,total_area_flooded_sq_km,total_area_flooded_ha,perc_cropland_flooded,perc_total_area_flooded,pop_exposed
NPL,Nepal,admin2,NP07,Sudurpaschim,NP0775,Darchula,61,2026-07-01,2026-07-15,0,0,1.61,161,0,0.29850867812824666,1
NPL,Nepal,admin2,NP07,Sudurpaschim,NP0774,Baitadi,61,2026-07-01,2026-07-15,0,0,0.19,19,0,0.01483657898682292,32
NPL,Nepal,admin2,NP07,Sudurpaschim,NP0773,Dadeldhura,61,2026-07-01,2026-07-15,0,0,0.12000000000000001,12,0,0.007313410694400272,7
NPL,Nepal,admin2,NP07,Sudurpaschim,NP0772,Kanchanpur,61,2026-07-01,2026-07-15,46.8,4680,57.839999999999996,5784,7.719990123277257,3.1202390634713235,114786
NPL,Nepal,admin2,NP07,Sudurpaschim,NP0771,Kailali,61,2026-07-01,2026-07-15,153.31,15331,185.04,18504,16.536840466689036,4.920374988859204,135007
NPL,Nepal,admin2,NP07,Sudurpaschim,NP0770,Doti,61,2026-07-01,2026-07-15,0,0,0.15000000000000002,15,0,0.006757878652951347,2
NPL,Nepal,admin2,NP07,Sudurpaschim,NP0769,Achham,61,2026-07-01,2026-07-15,0.01,1,0.39,39,0.0072736690897017,0.019986622528486705,33
NPL,Nepal,admin2,NP07,Sudurpaschim,NP0768,Bajura,61,2026-07-01,2026-07-15,0,0,2.57,257,0,0.0980290411277409,4
NPL,Nepal,admin2,NP07,Sudurpaschim,NP0767,Bajhang,61,2026-07-01,2026-07-15,0,0,5.63,563,0,0.42117241798117117,2
NPL,Nepal,admin2,NP06,Karnali,NP0666,Humla,61,2026-07-01,2026-07-15,0,0,44.35,4435,0,0.7383509336596467,45
NPL,Nepal,admin2,NP06,Karnali,NP0665,Mugu,61,2026-07-01,2026-07-15,0,0,14.68,1468,0,0.39376416579051293,95
NPL,Nepal,admin2,NP06,Karnali,NP0662,Dolpa,61,2026-07-01,2026-07-15,0,0,61.4,6140,0,0.6726159447456719,43
NPL,Nepal,admin2,NP06,Karnali,NP0661,Dailekh,61,2026-07-01,2026-07-15,0.03,3,0.2,20,0.0274984597267983,0.014506022573475698,36
NPL,Nepal,admin2,NP06,Karnali,NP0659,Surkhet,61,2026-07-01,2026-07-15,0.43,43,2.09,209,0.2105919390821763,0.07392920629648486,155
NPL,Nepal,admin2,NP06,Karnali,NP0652,Rukum West,61,2026-07-01,2026-07-15,0.08,8,0.68,68,0.2437893468835595,0.049070453086962895,72
NPL,Nepal,admin2,NP05,Lumbini,NP0558,Bardiya,61,2026-07-01,2026-07-15,90.98,9098,113.47999999999999,11348,13.811597684285154,4.971756374556781,44689
NPL,Nepal,admin2,NP05,Lumbini,NP0557,Banke,61,2026-07-01,2026-07-15,8.79,879,23.52,2352,1.5462334458272289,1.0993233193537546,7463
NPL,Nepal,admin2,NP05,Lumbini,NP0556,Dang,61,2026-07-01,2026-07-15,8.73,873,15.76,1576,1.4173712031607422,0.46284931155656533,4437
NPL,Nepal,admin2,NP05,Lumbini,NP0550,Arghakhanchi,61,2026-07-01,2026-07-15,0.07,7,0.12,12,0.1019574691700033,0.008956776965277113,23
NPL,Nepal,admin2,NP05,Lumbini,NP0549,Kapilbastu,61,2026-07-01,2026-07-15,69.9,6990,78.87,7887,7.513238106779482,4.216009547806751,42712
NPL,Nepal,admin2,NP05,Lumbini,NP0548,Rupandehi,61,2026-07-01,2026-07-15,104.16,10416,119.11,11911,11.614134115421423,8.061728109649298,64796
NPL,Nepal,admin2,NP05,Lumbini,NP0547,Nawalparasi West,61,2026-07-01,2026-07-15,38.06,3806,51.61000000000001,5161,8.963464827592322,6.277997578015407,23844
NPL,Nepal,admin2,NP05,Lumbini,NP0546,Palpa,61,2026-07-01,2026-07-15,3.85,385,4.8500000000000005,485,3.45653636572003,0.2946289271647756,1712
NPL,Nepal,admin2,NP04,Gandaki,NP0447,Nawalparasi East,61,2026-07-01,2026-07-15,35.58,3558,63.22,6322,15.170546376435013,3.910505029580274,21757
NPL,Nepal,admin2,NP04,Gandaki,NP0445,Mustang,61,2026-07-01,2026-07-15,0,0,42.9,4290,0,1.0499714018484474,90
NPL,Nepal,admin2,NP04,Gandaki,NP0444,Myagdi,61,2026-07-01,2026-07-15,0,0,1.9200000000000002,192,0,0.2863340411757238,0
NPL,Nepal,admin2,NP04,Gandaki,NP0441,Syangja,61,2026-07-01,2026-07-15,0.2,20,0.8099999999999999,81,0.2250386867977745,0.06890892861879047,210
NPL,Nepal,admin2,NP04,Gandaki,NP0440,Tanahu,61,2026-07-01,2026-07-15,0.66,66,2.24,224,0.4879713468328108,0.12596046230753327,523
NPL,Nepal,admin2,NP04,Gandaki,NP0439,Kaski,61,2026-07-01,2026-07-15,4.43,443,18.119999999999997,1812,4.565959963121479,0.8162223440115903,5961
NPL,Nepal,admin2,NP04,Gandaki,NP0438,Manang,61,2026-07-01,2026-07-15,0,0,29.689999999999998,2969,0,1.1184411105917331,16
NPL,Nepal,admin2,NP04,Gandaki,NP0436,Gorkha,61,2026-07-01,2026-07-15,0.28,28,2.32,232,0.2937305799451126,0.05590100231082965,179
NPL,Nepal,admin2,NP03,Bagmati,NP0335,Chitawan,61,2026-07-01,2026-07-15,119.1,11910,174.89000000000001,17489,26.599981834885067,6.910310294616752,80139
NPL,Nepal,admin2,NP03,Bagmati,NP0331,Makawanpur,61,2026-07-01,2026-07-15,1.35,135,2.2,220,0.428769732904792,0.07964826530976274,1236
NPL,Nepal,admin2,NP03,Bagmati,NP0330,Dhading,61,2026-07-01,2026-07-15,0.01,1,0.21,21,0.0056451286192745,0.012032019597070362,40
NPL,Nepal,admin2,NP03,Bagmati,NP0329,Rasuwa,61,2026-07-01,2026-07-15,0,0,0.59,59,0,0.1959281073422964,0
NPL,Nepal,admin2,NP03,Bagmati,NP0328,Nuwakot,61,2026-07-01,2026-07-15,0.39,39,0.6000000000000001,60,0.33425717602598,0.0456137286948484,340
NPL,Nepal,admin2,NP03,Bagmati,NP0324,Kabhrepalanchok,61,2026-07-01,2026-07-15,0,0,0.09999999999999999,10,0,0.046932276357120384,24
NPL,Nepal,admin2,NP03,Bagmati,NP0322,Dolakha,61,2026-07-01,2026-07-15,0,0,0.44,44,0,0.038169742477728426,0
NPL,Nepal,admin2,NP03,Bagmati,NP0320,Sindhuli,61,2026-07-01,2026-07-15,14.13,1413,19.880000000000003,1988,4.49130458303407,0.7089702752877006,4432
NPL,Nepal,admin2,NP02,Madhesh,NP0234,Parsa,61,2026-07-01,2026-07-15,42.51,4251,46.989999999999995,4699,7.704426307537815,2.9587422079442547,81961
NPL,Nepal,admin2,NP02,Madhesh,NP0233,Bara,61,2026-07-01,2026-07-15,16.2,1620,24.689999999999998,2469,2.398642406720338,1.7211587503533747,12781
NPL,Nepal,admin2,NP02,Madhesh,NP0232,Rautahat,61,2026-07-01,2026-07-15,13.3,1330,20.400000000000002,2040,2.111390001218959,1.7445706442955597,13985
NPL,Nepal,admin2,NP02,Madhesh,NP0219,Sarlahi,61,2026-07-01,2026-07-15,16.18,1618,22.4,2240,2.091256622261948,1.5737622099853383,16372
NPL,Nepal,admin2,NP02,Madhesh,NP0218,Mahottari,61,2026-07-01,2026-07-15,48.32,4832,57.45,5745,8.169598466648797,5.104486261450188,38947
NPL,Nepal,admin2,NP02,Madhesh,NP0217,Dhanusha,61,2026-07-01,2026-07-15,116.6,11660,131.16,13116,16.407457206682967,9.810542122078182,98847
NPL,Nepal,admin2,NP02,Madhesh,NP0216,Siraha,61,2026-07-01,2026-07-15,167.49,16749,183.06,18306,20.656137585997403,14.29209136224983,201504
NPL,Nepal,admin2,NP02,Madhesh,NP0215,Saptari,61,2026-07-01,2026-07-15,200.77,20077,269.62,26962,23.90350047833756,18.740001978309852,126458
NPL,Nepal,admin2,NP01,Koshi,NP0114,Udayapur,61,2026-07-01,2026-07-15,21.89,2189,37.980000000000004,3798,6.5174010445448864,1.468831988515422,7532
NPL,Nepal,admin2,NP01,Koshi,NP0112,Khotang,61,2026-07-01,2026-07-15,0,0,0.16,16,0,0.009902276424133603,42
NPL,Nepal,admin2,NP01,Koshi,NP0111,Solukhumbu,61,2026-07-01,2026-07-15,0,0,8.43,843,0,0.3336467795554215,13
NPL,Nepal,admin2,NP01,Koshi,NP0110,Bhojpur,61,2026-07-01,2026-07-15,0,0,0.02,2,0,0.0014566066594228003,2
NPL,Nepal,admin2,NP01,Koshi,NP0109,Sankhuwasabha,61,2026-07-01,2026-07-15,0,0,1.3599999999999999,136,0,0.2335095495507868,2
NPL,Nepal,admin2,NP01,Koshi,NP0107,Dhankuta,61,2026-07-01,2026-07-15,0,0,0.08,8,0,0.009329283083009742,9
NPL,Nepal,admin2,NP01,Koshi,NP0106,Sunsari,61,2026-07-01,2026-07-15,228.9,22890,334.74,33474,33.45020853406543,25.000734422402914,737810
NPL,Nepal,admin2,NP01,Koshi,NP0105,Morang,61,2026-07-01,2026-07-15,242.24,24224,280.78,28078,23.596096761140508,13.72031054522094,135307
NPL,Nepal,admin2,NP01,Koshi,NP0104,Jhapa,61,2026-07-01,2026-07-15,197.94,19794,214.60999999999999,21461,17.025041852000967,11.919379586029134,76289
NPL,Nepal,admin2,NP01,Koshi,NP0103,Ilam,61,2026-07-01,2026-07-15,0.62,62,0.71,71,0.5526654133524812,0.03933987237845482,285
NPL,Nepal,admin2,NP01,Koshi,NP0102,Panchthar,61,2026-07-01,2026-07-15,0,0,0.1,10,0,0.008977272819285698,22
NPL,Nepal,admin2,NP01,Koshi,NP0101,Taplejung,61,2026-07-01,2026-07-15,0,0,2.5300000000000002,253,0,0.11154360371993866,1
NPL,Nepal,admin2,NP07,Sudurpaschim,NP0775,Darchula,60,2026-06-16,2026-06-30,0,0,4.380000000000001,438,0,0.2904216400083226,2
NPL,Nepal,admin2,NP07,Sudurpaschim,NP0773,Dadeldhura,60,2026-06-16,2026-06-30,0,0,0.1,10,0,0.006112254062671216,16
NPL,Nepal,admin2,NP07,Sudurpaschim,NP0772,Kanchanpur,60,2026-06-16,2026-06-30,0.72,72,0.84,84,0.11876907881965,0.048374555101452235,492
NPL,Nepal,admin2,NP07,Sudurpaschim,NP0771,Kailali,60,2026-06-16,2026-06-30,10.22,1022,17.84,1784,1.1023841208633618,0.474891073973805,16695
NPL,Nepal,admin2,NP07,Sudurpaschim,NP0769,Achham,60,2026-06-16,2026-06-30,0,0,0.06,6,0,0.0033216738240051938,13
NPL,Nepal,admin2,NP07,Sudurpaschim,NP0767,Bajhang,60,2026-06-16,2026-06-30,0,0,3.21,321,0,0.08134764369451787,100
NPL,Nepal,admin2,NP06,Karnali,NP0666,Humla,60,2026-06-16,2026-06-30,0,0,58.47,5847,0,0.9734245567323688,51
NPL,Nepal,admin2,NP06,Karnali,NP0665,Mugu,60,2026-06-16,2026-06-30,0,0,28.26,2826,0,0.7580228423187941,133
NPL,Nepal,admin2,NP06,Karnali,NP0663,Jumla,60,2026-06-16,2026-06-30,0,0,0.4,40,0,0.09615301224763131,1
NPL,Nepal,admin2,NP06,Karnali,NP0662,Dolpa,60,2026-06-16,2026-06-30,0,0,269.91999999999996,26992,0,2.956881039181625,187
NPL,Nepal,admin2,NP06,Karnali,NP0661,Dailekh,60,2026-06-16,2026-06-30,0,0,0.05,5,0,0.003938122124842524,10
NPL,Nepal,admin2,NP06,Karnali,NP0659,Surkhet,60,2026-06-16,2026-06-30,0.02,2,0.6900000000000002,69,0.0097949739107989,0.024407249925633746,35
NPL,Nepal,admin2,NP06,Karnali,NP0653,Salyan,60,2026-06-16,2026-06-30,0,0,0.16,16,0,0.008609433795521981,10
NPL,Nepal,admin2,NP06,Karnali,NP0652,Rukum West,60,2026-06-16,2026-06-30,0.02,2,0.53,53,0.0609473367208898,0.038246088435427,28
NPL,Nepal,admin2,NP05,Lumbini,NP0558,Bardiya,60,2026-06-16,2026-06-30,23.97,2397,38.13,3813,3.638865646211422,1.670541686304636,12478
NPL,Nepal,admin2,NP05,Lumbini,NP0557,Banke,60,2026-06-16,2026-06-30,1.96,196,8.49,849,0.3447801540183581,0.39682206553203125,1060
NPL,Nepal,admin2,NP05,Lumbini,NP0556,Dang,60,2026-06-16,2026-06-30,0.83,83,0.84,84,0.1347557959476994,0.026126255679441802,197
NPL,Nepal,admin2,NP05,Lumbini,NP0555,Pyuthan,60,2026-06-16,2026-06-30,0.57,57,1.09,109,0.6540144382630172,0.07262380248457785,473
NPL,Nepal,admin2,NP05,Lumbini,NP0551,Gulmi,60,2026-06-16,2026-06-30,0,0,0.32000000000000006,32,0,0.029935679011453345,26
NPL,Nepal,admin2,NP05,Lumbini,NP0549,Kapilbastu,60,2026-06-16,2026-06-30,1.37,137,2.77,277,0.1472551674719297,0.14956780652856314,981
NPL,Nepal,admin2,NP05,Lumbini,NP0548,Rupandehi,60,2026-06-16,2026-06-30,14.9,1490,17.700000000000003,1770,1.6613920729625504,1.1996575733145336,9445
NPL,Nepal,admin2,NP05,Lumbini,NP0547,Nawalparasi West,60,2026-06-16,2026-06-30,13.51,1351,24.07,2407,3.181723852358704,2.927948105073258,8575
NPL,Nepal,admin2,NP05,Lumbini,NP0546,Palpa,60,2026-06-16,2026-06-30,0,0,0.26,26,0,0.018722045064047167,94
NPL,Nepal,admin2,NP04,Gandaki,NP0447,Nawalparasi East,60,2026-06-16,2026-06-30,10.16,1016,27.42,2742,4.332005373372112,1.7078687363368799,7316
NPL,Nepal,admin2,NP04,Gandaki,NP0445,Mustang,60,2026-06-16,2026-06-30,0,0,106.96000000000001,10696,0,2.617830795844055,102
NPL,Nepal,admin2,NP04,Gandaki,NP0444,Myagdi,60,2026-06-16,2026-06-30,0,0,0.73,73,0,0.10784039343697785,1
NPL,Nepal,admin2,NP04,Gandaki,NP0440,Tanahu,60,2026-06-16,2026-06-30,0.11,11,1.7900000000000005,179,0.0813285578054684,0.10065590514753782,875
NPL,Nepal,admin2,NP04,Gandaki,NP0439,Kaski,60,2026-06-16,2026-06-30,3.29,329,16.490000000000002,1649,3.3909725234017305,0.8658706725539416,4825
NPL,Nepal,admin2,NP04,Gandaki,NP0438,Manang,60,2026-06-16,2026-06-30,0,0,51.09,5109,0,1.9245926689165254,23
NPL,Nepal,admin2,NP04,Gandaki,NP0436,Gorkha,60,2026-06-16,2026-06-30,0,0,16.37,1637,0,0.7501627073233459,36
NPL,Nepal,admin2,NP03,Bagmati,NP0335,Chitawan,60,2026-06-16,2026-06-30,70.12,7012,127.02000000000001,12702,15.660711387591444,5.006670800184405,51044
NPL,Nepal,admin2,NP03,Bagmati,NP0331,Makawanpur,60,2026-06-16,2026-06-30,0.45,45,3.5500000000000003,355,0.1429232443015973,0.12941040747016483,352
NPL,Nepal,admin2,NP03,Bagmati,NP0330,Dhading,60,2026-06-16,2026-06-30,0.06,6,0.76,76,0.0338707717156475,0.042379165475071486,203
NPL,Nepal,admin2,NP03,Bagmati,NP0329,Rasuwa,60,2026-06-16,2026-06-30,0,0,8.78,878,0,0.8314842597530219,3
NPL,Nepal,admin2,NP03,Bagmati,NP0328,Nuwakot,60,2026-06-16,2026-06-30,0.04,4,0.12,12,0.0342827872847159,0.00906417381744073,59
NPL,Nepal,admin2,NP03,Bagmati,NP0324,Kabhrepalanchok,60,2026-06-16,2026-06-30,0,0,0.12,12,0,0.0103899938519078,34
NPL,Nepal,admin2,NP03,Bagmati,NP0322,Dolakha,60,2026-06-16,2026-06-30,0,0,7.449999999999999,745,0,0.6462831396797218,17
NPL,Nepal,admin2,NP03,Bagmati,NP0321,Ramechhap,60,2026-06-16,2026-06-30,0.05,5,1.69,169,0.0436107065481732,0.09815349352414687,54
NPL,Nepal,admin2,NP03,Bagmati,NP0320,Sindhuli,60,2026-06-16,2026-06-30,7.01,701,10.469999999999999,1047,2.2281702142299245,0.37349048905493815,1949
NPL,Nepal,admin2,NP02,Madhesh,NP0234,Parsa,60,2026-06-16,2026-06-30,3.66,366,10.07,1007,0.6633309876638062,0.6344086908790068,4690
NPL,Nepal,admin2,NP02,Madhesh,NP0233,Bara,60,2026-06-16,2026-06-30,7.02,702,11.280000000000001,1128,1.0394117095788131,0.7863374120690995,6059
NPL,Nepal,admin2,NP02,Madhesh,NP0232,Rautahat,60,2026-06-16,2026-06-30,8.53,853,12.19,1219,1.354147121082535,1.0424664781354347,8314
NPL,Nepal,admin2,NP02,Madhesh,NP0219,Sarlahi,60,2026-06-16,2026-06-30,13.04,1304,20.33,2033,1.685413248102336,1.4283297200447282,14036
NPL,Nepal,admin2,NP02,Madhesh,NP0218,Mahottari,60,2026-06-16,2026-06-30,36.06,3606,42.84,4284,6.096765743115803,3.8063740894782607,28461
NPL,Nepal,admin2,NP02,Madhesh,NP0217,Dhanusha,60,2026-06-16,2026-06-30,98.88,9888,110.88999999999999,11089,13.91397400168792,8.294381030171161,76396
NPL,Nepal,admin2,NP02,Madhesh,NP0216,Siraha,60,2026-06-16,2026-06-30,238.35,23835,262.02,26202,29.39513041747257,20.456756138625042,301809
NPL,Nepal,admin2,NP02,Madhesh,NP0215,Saptari,60,2026-06-16,2026-06-30,280.17,28017,357.09,35709,33.35679498438927,24.819625051682607,178286
NPL,Nepal,admin2,NP01,Koshi,NP0114,Udayapur,60,2026-06-16,2026-06-30,20.5,2050,32.129999999999995,3213,6.103550544228878,1.242590094549776,4413
NPL,Nepal,admin2,NP01,Koshi,NP0113,Okhaldhunga,60,2026-06-16,2026-06-30,0.03,3,0.16,16,0.0449308065579008,0.017532481930800602,17
NPL,Nepal,admin2,NP01,Koshi,NP0112,Khotang,60,2026-06-16,2026-06-30,0,0,0.01,1,0,0.1480827637470167,0
NPL,Nepal,admin2,NP01,Koshi,NP0111,Solukhumbu,60,2026-06-16,2026-06-30,0,0,24.38,2438,0,0.9649239010155426,23
NPL,Nepal,admin2,NP01,Koshi,NP0110,Bhojpur,60,2026-06-16,2026-06-30,0,0,0.23,23,0,0.014317834991016274,19
NPL,Nepal,admin2,NP01,Koshi,NP0109,Sankhuwasabha,60,2026-06-16,2026-06-30,0.02,2,2.9699999999999998,297,0.0525459545281733,0.07978438043375358,34
NPL,Nepal,admin2,NP01,Koshi,NP0106,Sunsari,60,2026-06-16,2026-06-30,202.79,20279,302.58,30258,29.63463428843656,22.59879972973255,774154
NPL,Nepal,admin2,NP01,Koshi,NP0105,Morang,60,2026-06-16,2026-06-30,279.48,27948,322.89000000000004,32289,27.22356804327753,15.778015072107666,132967
NPL,Nepal,admin2,NP01,Koshi,NP0104,Jhapa,60,2026-06-16,2026-06-30,178.75,17875,192.98,19298,15.37448838559752,10.718055414528227,64177
NPL,Nepal,admin2,NP01,Koshi,NP0102,Panchthar,60,2026-06-16,2026-06-30,0,0,0.32,32,0,0.024008034924394243,73
NPL,Nepal,admin2,NP01,Koshi,NP0101,Taplejung,60,2026-06-16,2026-06-30,0,0,13.61,1361,0,0.6000428642799875,7
NPL,Nepal,admin2,NP02,Madhesh,NP0217,Dhanusha,59,2026-06-01,2026-06-15,2.07,207,2.6899999999999995,269,0.2912816159333939,0.20120736740157288,2628
NPL,Nepal,admin2,NP02,Madhesh,NP0216,Siraha,59,2026-06-01,2026-06-15,2.34,234,2.4299999999999997,243,0.2885865541300013,0.20256739006636829,3382
NPL,Nepal,admin2,NP02,Madhesh,NP0215,Saptari,59,2026-06-01,2026-06-15,4.98,498,35.35,3535,0.5929144413115557,2.4570101251140612,2247
NPL,Nepal,admin2,NP01,Koshi,NP0114,Udayapur,59,2026-06-01,2026-06-15,0.58,58,2.22,222,0.1726858202757439,0.08626648132097522,126
NPL,Nepal,admin2,NP01,Koshi,NP0111,Solukhumbu,59,2026-06-01,2026-06-15,0,0,14.540000000000001,1454,0,0.5754714323530032,13
NPL,Nepal,admin2,NP01,Koshi,NP0109,Sankhuwasabha,59,2026-06-01,2026-06-15,0,0,4.2,420,0,0.11399193409678064,56
NPL,Nepal,admin2,NP01,Koshi,NP0108,Terhathum,59,2026-06-01,2026-06-15,0,0,0.32,32,0,0.04530588300222099,35
NPL,Nepal,admin2,NP01,Koshi,NP0106,Sunsari,59,2026-06-01,2026-06-15,16.82,1682,66.71000000000001,6671,2.457983868689299,4.982371372762439,52825
NPL,Nepal,admin2,NP01,Koshi,NP0105,Morang,59,2026-06-01,2026-06-15,4.3,430,6.2299999999999995,623,0.4188540954132438,0.30442885781297263,2515
NPL,Nepal,admin2,NP01,Koshi,NP0104,Jhapa,59,2026-06-01,2026-06-15,12.2,1220,13.709999999999999,1371,1.0493357107932293,0.761449578884765,4584
NPL,Nepal,admin2,NP01,Koshi,NP0102,Panchthar,59,2026-06-01,2026-06-15,0,0,0.28,28,0,0.021007030558844977,22
NPL,Nepal,admin2,NP01,Koshi,NP0101,Taplejung,59,2026-06-01,2026-06-15,0,0,11.34,1134,0,0.4999622395984603,5
NPL,Nepal,admin2,NP02,Madhesh,NP0218,Mahottari,59,2026-06-01,2026-06-15,5.51,551,6.629999999999999,663,0.931591215878205,0.5898731070652224,4930
NPL,Nepal,admin2,NP02,Madhesh,NP0219,Sarlahi,59,2026-06-01,2026-06-15,0.89,89,2.33,233,0.1150320391726287,0.16369937273508192,1274
NPL,Nepal,admin2,NP02,Madhesh,NP0232,Rautahat,59,2026-06-01,2026-06-15,0.68,68,1.4500000000000002,145,0.1079507669796159,0.12896672972288087,816
NPL,Nepal,admin2,NP02,Madhesh,NP0233,Bara,59,2026-06-01,2026-06-15,3.24,324,6.339999999999999,634,0.4797284813440676,0.4429203185607207,4037
NPL,Nepal,admin2,NP02,Madhesh,NP0234,Parsa,59,2026-06-01,2026-06-15,0.16,16,3.69,369,0.028998075963445,0.24161457233604378,449
NPL,Nepal,admin2,NP03,Bagmati,NP0320,Sindhuli,59,2026-06-01,2026-06-15,0.19,19,0.6000000000000001,60,0.0603926306282005,0.0215345949256132,56
NPL,Nepal,admin2,NP03,Bagmati,NP0322,Dolakha,59,2026-06-01,2026-06-15,0,0,2.12,212,0,0.18390875921087338,4
NPL,Nepal,admin2,NP03,Bagmati,NP0324,Kabhrepalanchok,59,2026-06-01,2026-06-15,0.23,23,0.28,28,0.1184477348612586,0.020573420414416788,15
NPL,Nepal,admin2,NP03,Bagmati,NP0328,Nuwakot,59,2026-06-01,2026-06-15,0,0,0.16,16,0,0.0159538520751797,5
NPL,Nepal,admin2,NP03,Bagmati,NP0329,Rasuwa,59,2026-06-01,2026-06-15,0,0,0.27999999999999997,28,0,0.05277610830012207,0
NPL,Nepal,admin2,NP03,Bagmati,NP0330,Dhading,59,2026-06-01,2026-06-15,0.22,22,0.5900000000000001,59,0.124192829624041,0.02944411967953362,113
NPL,Nepal,admin2,NP03,Bagmati,NP0331,Makawanpur,59,2026-06-01,2026-06-15,0.07,7,2.3600000000000003,236,0.0222325046691373,0.08732673323358998,62
NPL,Nepal,admin2,NP03,Bagmati,NP0335,Chitawan,59,2026-06-01,2026-06-15,6.62,662,31.529999999999998,3153,1.4785212405284565,1.2429067906244164,5033
NPL,Nepal,admin2,NP04,Gandaki,NP0438,Manang,59,2026-06-01,2026-06-15,0,0,41.61,4161,0,1.691596493363539,13
NPL,Nepal,admin2,NP04,Gandaki,NP0439,Kaski,59,2026-06-01,2026-06-15,2.67,267,14.17,1417,2.7519442667120426,0.7440501776888628,3503
NPL,Nepal,admin2,NP04,Gandaki,NP0440,Tanahu,59,2026-06-01,2026-06-15,0.15,15,0.9500000000000001,95,0.1109025788256388,0.053420731782212745,731
NPL,Nepal,admin2,NP04,Gandaki,NP0444,Myagdi,59,2026-06-01,2026-06-15,0,0,1.65,165,0,0.1841372307493551,3
NPL,Nepal,admin2,NP04,Gandaki,NP0445,Mustang,59,2026-06-01,2026-06-15,0,0,108.57,10857,0,2.6572353169856857,90
NPL,Nepal,admin2,NP04,Gandaki,NP0447,Nawalparasi East,59,2026-06-01,2026-06-15,1.75,175,14.29,1429,0.7461623428544483,0.883915167236667,2095
NPL,Nepal,admin2,NP05,Lumbini,NP0547,Nawalparasi West,59,2026-06-01,2026-06-15,3.63,363,12.489999999999998,1249,0.8548969344235451,1.5193216382370165,3094
NPL,Nepal,admin2,NP05,Lumbini,NP0548,Rupandehi,59,2026-06-01,2026-06-15,16.72,1672,17.95,1795,1.8643272120760963,1.2202574818598912,14009
NPL,Nepal,admin2,NP05,Lumbini,NP0549,Kapilbastu,59,2026-06-01,2026-06-15,4.42,442,6.779999999999999,678,0.4750860147634522,0.36308067050199166,2749
NPL,Nepal,admin2,NP05,Lumbini,NP0551,Gulmi,59,2026-06-01,2026-06-15,0,0,0.4,40,0,0.037523793119850664,68
NPL,Nepal,admin2,NP05,Lumbini,NP0555,Pyuthan,59,2026-06-01,2026-06-15,0.29,29,0.39999999999999997,40,0.3327441878882017,0.026650936691588262,241
NPL,Nepal,admin2,NP05,Lumbini,NP0556,Dang,59,2026-06-01,2026-06-15,0.05,5,0.45000000000000007,45,0.0081178190329939,0.013215875012719138,87
NPL,Nepal,admin2,NP05,Lumbini,NP0557,Banke,59,2026-06-01,2026-06-15,0.16,16,0.7,70,0.0281453186953761,0.03366385264518858,161
NPL,Nepal,admin2,NP05,Lumbini,NP0558,Bardiya,59,2026-06-01,2026-06-15,1.15,115,5.449999999999999,545,0.1745805378866556,0.23877398873223865,1323
NPL,Nepal,admin2,NP06,Karnali,NP0652,Rukum West,59,2026-06-01,2026-06-15,0.02,2,0.53,53,0.0609473367208898,0.04025055471459066,34
NPL,Nepal,admin2,NP06,Karnali,NP0653,Salyan,59,2026-06-01,2026-06-15,0.01,1,0.47000000000000003,47,0.0085794398937899,0.02368150199644834,34
NPL,Nepal,admin2,NP06,Karnali,NP0659,Surkhet,59,2026-06-01,2026-06-15,0.06,6,0.69,69,0.0293849217323967,0.02440724992563366,46
NPL,Nepal,admin2,NP06,Karnali,NP0661,Dailekh,59,2026-06-01,2026-06-15,0,0,0.16,16,0,0.010122168872162355,19
NPL,Nepal,admin2,NP06,Karnali,NP0662,Dolpa,59,2026-06-01,2026-06-15,0,0,306.89,30689,0,3.3618747114494996,191
NPL,Nepal,admin2,NP06,Karnali,NP0665,Mugu,59,2026-06-01,2026-06-15,0.02,2,9.2,920,0.6055784461569517,0.2465547675857153,117
NPL,Nepal,admin2,NP06,Karnali,NP0666,Humla,59,2026-06-01,2026-06-15,0,0,46,4600,0,0.7658205850810502,39
NPL,Nepal,admin2,NP07,Sudurpaschim,NP0767,Bajhang,59,2026-06-01,2026-06-15,0,0,6.78,678,0,0.1718183876164584,21
NPL,Nepal,admin2,NP07,Sudurpaschim,NP0771,Kailali,59,2026-06-01,2026-06-15,5.75,575,11.370000000000001,1137,0.6202258997029676,0.3023743985233145,6051
NPL,Nepal,admin2,NP07,Sudurpaschim,NP0772,Kanchanpur,59,2026-06-01,2026-06-15,0.2,20,0.41000000000000003,41,0.0329914107832361,0.02322071983831702,301
NPL,Nepal,admin2,NP07,Sudurpaschim,NP0773,Dadeldhura,59,2026-06-01,2026-06-15,0,0,0.2,20,0,0.012189017824000704,44
NPL,Nepal,admin2,NP07,Sudurpaschim,NP0775,Darchula,59,2026-06-01,2026-06-15,0,0,20.73,2073,0,0.7697248742669122,15
NPL,Nepal,admin2,NP02,Madhesh,NP0215,Saptari,58,2026-05-16,2026-05-31,8.45,845,35.35,3535,1.006049604233463,2.4570101251140617,5587
NPL,Nepal,admin2,NP01,Koshi,NP0114,Udayapur,58,2026-05-16,2026-05-31,0.2,20,3,300,0.0595468345778427,0.11657632610942618,216
NPL,Nepal,admin2,NP01,Koshi,NP0112,Khotang,58,2026-05-16,2026-05-31,0.01,1,0.18000000000000002,18,0.0061802600071739,0.010087715211184423,13
NPL,Nepal,admin2,NP01,Koshi,NP0111,Solukhumbu,58,2026-05-16,2026-05-31,0,0,76.12,7612,0,3.012715641727011,51
NPL,Nepal,admin2,NP01,Koshi,NP0110,Bhojpur,58,2026-05-16,2026-05-31,0.01,1,0.12,12,0.0089227759980824,0.008080116947282154,5
NPL,Nepal,admin2,NP01,Koshi,NP0109,Sankhuwasabha,58,2026-05-16,2026-05-31,0,0,11.49,1149,0,0.2953841109973635,10
NPL,Nepal,admin2,NP01,Koshi,NP0106,Sunsari,58,2026-05-16,2026-05-31,7.79,779,50.16,5016,1.1383884861527729,3.74630112513512,17047
NPL,Nepal,admin2,NP01,Koshi,NP0105,Morang,58,2026-05-16,2026-05-31,0.22,22,0.9,90,0.0214297444164915,0.047237808755168614,496
NPL,Nepal,admin2,NP01,Koshi,NP0104,Jhapa,58,2026-05-16,2026-05-31,1.28,128,1.4400000000000002,144,0.1100942385094535,0.08338256734834033,429
NPL,Nepal,admin2,NP01,Koshi,NP0102,Panchthar,58,2026-05-16,2026-05-31,0,0,0.16,16,0,0.012004017462197057,7
NPL,Nepal,admin2,NP01,Koshi,NP0101,Taplejung,58,2026-05-16,2026-05-31,0,0,33.56000000000001,3356,0,0.8164740181505796,17
NPL,Nepal,admin2,NP05,Lumbini,NP0549,Kapilbastu,58,2026-05-16,2026-05-31,0.68,68,2.6500000000000004,265,0.0730901561174541,0.1433493901621014,638
NPL,Nepal,admin2,NP05,Lumbini,NP0547,Nawalparasi West,58,2026-05-16,2026-05-31,3.1,310,10.22,1022,0.7300772718217603,1.243191924962555,2544
NPL,Nepal,admin2,NP04,Gandaki,NP0447,Nawalparasi East,58,2026-05-16,2026-05-31,0.5,50,6.71,671,0.2131892408155566,0.4246990818179845,573
NPL,Nepal,admin2,NP04,Gandaki,NP0445,Mustang,58,2026-05-16,2026-05-31,0,0,335.19,33519,0,8.2037276033935,182
NPL,Nepal,admin2,NP04,Gandaki,NP0444,Myagdi,58,2026-05-16,2026-05-31,0,0,3.05,305,0,0.22036986549547016,3
NPL,Nepal,admin2,NP04,Gandaki,NP0440,Tanahu,58,2026-05-16,2026-05-31,0.05,5,0.35000000000000003,35,0.0369675262752129,0.019804166197450148,131
NPL,Nepal,admin2,NP04,Gandaki,NP0439,Kaski,58,2026-05-16,2026-05-31,1.8,180,10.78,1078,1.8552433258732872,0.4949555193635289,2077
NPL,Nepal,admin2,NP04,Gandaki,NP0438,Manang,58,2026-05-16,2026-05-31,0,0,140.44,14044,0,5.290463778090367,77
NPL,Nepal,admin2,NP04,Gandaki,NP0436,Gorkha,58,2026-05-16,2026-05-31,0,0,9.89,989,0,0.4532137553712825,55
NPL,Nepal,admin2,NP03,Bagmati,NP0335,Chitawan,58,2026-05-16,2026-05-31,3.93,393,19.29,1929,0.8777323980780716,0.7603423062160064,1465
NPL,Nepal,admin2,NP03,Bagmati,NP0331,Makawanpur,58,2026-05-16,2026-05-31,0.05,5,1.05,105,0.0158803604779552,0.038852995718334435,112
NPL,Nepal,admin2,NP02,Madhesh,NP0219,Sarlahi,58,2026-05-16,2026-05-31,0.49,49,1.25,125,0.063332246286054,0.08786562367667465,385
NPL,Nepal,admin2,NP02,Madhesh,NP0217,Dhanusha,58,2026-05-16,2026-05-31,0.01,1,0.06,6,0.0014071575648956,0.008017269933042043,8
NPL,Nepal,admin2,NP02,Madhesh,NP0216,Siraha,58,2026-05-16,2026-05-31,0.08,8,0.1,10,0.0098662069788034,0.008634169526128617,102
NPL,Nepal,admin2,NP07,Sudurpaschim,NP0775,Darchula,58,2026-05-16,2026-05-31,0,0,57.690000000000005,5769,0,3.8252110529863383,26
NPL,Nepal,admin2,NP07,Sudurpaschim,NP0773,Dadeldhura,58,2026-05-16,2026-05-31,0,0,0.31,31,0,0.018892977627201192,38
NPL,Nepal,admin2,NP07,Sudurpaschim,NP0772,Kanchanpur,58,2026-05-16,2026-05-31,0.15,15,0.29000000000000004,29,0.0247435580874271,0.016424411592955903,237
NPL,Nepal,admin2,NP07,Sudurpaschim,NP0771,Kailali,58,2026-05-16,2026-05-31,5.66,566,10.760000000000002,1076,0.6105180160554429,0.2861177846958768,5577
NPL,Nepal,admin2,NP07,Sudurpaschim,NP0769,Achham,58,2026-05-16,2026-05-31,0.08,8,0.32,32,0.0581893527176139,0.016549194091767257,79
NPL,Nepal,admin2,NP07,Sudurpaschim,NP0768,Bajura,58,2026-05-16,2026-05-31,0,0,0.04,4,0,0.003368342298077196,0
NPL,Nepal,admin2,NP07,Sudurpaschim,NP0767,Bajhang,58,2026-05-16,2026-05-31,0,0,43.25999999999999,4326,0,1.7234258430543086,15
NPL,Nepal,admin2,NP06,Karnali,NP0666,Humla,58,2026-05-16,2026-05-31,0,0,159.63,15963,0,2.293230308008333,119
NPL,Nepal,admin2,NP06,Karnali,NP0665,Mugu,58,2026-05-16,2026-05-31,0,0,123.87,12387,0,3.322586322647878,195
NPL,Nepal,admin2,NP06,Karnali,NP0663,Jumla,58,2026-05-16,2026-05-31,0,0,1.2200000000000002,122,0,0.06973850705032505,3
NPL,Nepal,admin2,NP06,Karnali,NP0662,Dolpa,58,2026-05-16,2026-05-31,0,0,1027.75,102775,0,11.258648814533622,678
NPL,Nepal,admin2,NP06,Karnali,NP0652,Rukum West,58,2026-05-16,2026-05-31,0.02,2,1.8199999999999998,182,0.0609473367208898,0.1313356244386361,30
NPL,Nepal,admin2,NP05,Lumbini,NP0558,Bardiya,58,2026-05-16,2026-05-31,0.9,90,4.4,440,0.1366282470417305,0.19277166062786238,847
NPL,Nepal,admin2,NP05,Lumbini,NP0557,Banke,58,2026-05-16,2026-05-31,0,0,0.68,68,0,0.046289461832950546,74
NPL,Nepal,admin2,NP05,Lumbini,NP0556,Dang,58,2026-05-16,2026-05-31,0,0,0.12,12,0,0.07306384395091052,33
NPL,Nepal,admin2,NP05,Lumbini,NP0552,Rukum East,58,2026-05-16,2026-05-31,0,0,0.2,20,0,0.028499289445656932,0
NPL,Nepal,admin2,NP03,Bagmati,NP0330,Dhading,58,2026-05-16,2026-05-31,0,0,0.12,12,0,0.0076985991392513,22
NPL,Nepal,admin2,NP03,Bagmati,NP0329,Rasuwa,58,2026-05-16,2026-05-31,0,0,7.49,749,0,0.71443475023792,3
NPL,Nepal,admin2,NP03,Bagmati,NP0327,Kathmandu,58,2026-05-16,2026-05-31,0,0,1.21,121,0,1.047371184885539,86449
NPL,Nepal,admin2,NP03,Bagmati,NP0323,Sindhupalchok,58,2026-05-16,2026-05-31,0,0,0.65,65,0,0.2128974905326444,1
NPL,Nepal,admin2,NP03,Bagmati,NP0322,Dolakha,58,2026-05-16,2026-05-31,0,0,9.25,925,0,0.8024320861795214,16
NPL,Nepal,admin2,NP03,Bagmati,NP0321,Ramechhap,58,2026-05-16,2026-05-31,0,0,5.09,509,0,0.7655457182876662,8
NPL,Nepal,admin2,NP03,Bagmati,NP0320,Sindhuli,58,2026-05-16,2026-05-31,0.05,5,0.6000000000000001,60,0.0158927975337369,0.021949777188242117,29
NPL,Nepal,admin2,NP02,Madhesh,NP0233,Bara,58,2026-05-16,2026-05-31,2.64,264,3.7,370,0.3908898736877588,0.2636322828418139,2754
NPL,Nepal,admin2,NP02,Madhesh,NP0232,Rautahat,58,2026-05-16,2026-05-31,0.23,23,1.1800000000000002,118,0.0365127594195759,0.10495223522275818,457
NPL,Nepal,admin2,NP01,Koshi,NP0111,Solukhumbu,57,2026-05-01,2026-05-15,0,0,10.889999999999999,1089,0,0.43100989672106066,11
NPL,Nepal,admin2,NP01,Koshi,NP0110,Bhojpur,57,2026-05-01,2026-05-15,0.06,6,1,100,0.0535366559884948,0.05819160748313947,88
NPL,Nepal,admin2,NP01,Koshi,NP0109,Sankhuwasabha,57,2026-05-01,2026-05-15,0.05,5,6.32,632,0.1313648863204334,0.16089972217342316,69
NPL,Nepal,admin2,NP01,Koshi,NP0108,Terhathum,57,2026-05-01,2026-05-15,0,0,0.01,1,0,0.9316429797961348,1
NPL,Nepal,admin2,NP01,Koshi,NP0107,Dhankuta,57,2026-05-01,2026-05-15,0.02,2,0.68,68,0.0249594653388883,0.06736574490721359,66
NPL,Nepal,admin2,NP01,Koshi,NP0106,Sunsari,57,2026-05-01,2026-05-15,12.73,1273,65.00999999999999,6501,1.8602933798106287,4.8554034319185435,35162
NPL,Nepal,admin2,NP01,Koshi,NP0105,Morang,57,2026-05-01,2026-05-15,3.9,390,6.07,607,0.3798909237468955,0.29661046018053666,4249
NPL,Nepal,admin2,NP01,Koshi,NP0104,Jhapa,57,2026-05-01,2026-05-15,20.07,2007,22.490000000000002,2249,1.7262432553786975,1.2490883318102382,8881
NPL,Nepal,admin2,NP01,Koshi,NP0102,Panchthar,57,2026-05-01,2026-05-15,0,0,0.52,52,0,0.03901305675214061,129
NPL,Nepal,admin2,NP01,Koshi,NP0101,Taplejung,57,2026-05-01,2026-05-15,0,0,7.8100000000000005,781,0,0.1900078093491068,5
NPL,Nepal,admin2,NP06,Karnali,NP0660,Jajarkot,57,2026-05-01,2026-05-15,0,0,0.30000000000000004,30,0,0.012538533453790615,25
NPL,Nepal,admin2,NP06,Karnali,NP0659,Surkhet,57,2026-05-01,2026-05-15,0.02,2,0.52,52,0.0097949739107989,0.0183938695091732,22
NPL,Nepal,admin2,NP06,Karnali,NP0653,Salyan,57,2026-05-01,2026-05-15,0,0,0.32,32,0,0.015395188256550348,21
NPL,Nepal,admin2,NP06,Karnali,NP0652,Rukum West,57,2026-05-01,2026-05-15,0.05,5,2.62,262,0.1523683418022247,0.18906556924682755,51
NPL,Nepal,admin2,NP05,Lumbini,NP0558,Bardiya,57,2026-05-01,2026-05-15,0.61,61,2.2899999999999996,229,0.0926035896616173,0.10092638478405845,628
NPL,Nepal,admin2,NP05,Lumbini,NP0557,Banke,57,2026-05-01,2026-05-15,0.44,44,2.44,244,0.0773996264122844,0.1161177025916585,603
NPL,Nepal,admin2,NP05,Lumbini,NP0552,Rukum East,57,2026-05-01,2026-05-15,0,0,0.31,31,0,0.034396003780471016,1
NPL,Nepal,admin2,NP05,Lumbini,NP0549,Kapilbastu,57,2026-05-01,2026-05-15,7.08,708,8.790000000000001,879,0.7609975078111407,0.475487222462216,3832
NPL,Nepal,admin2,NP01,Koshi,NP0114,Udayapur,57,2026-05-01,2026-05-15,1.17,117,5.35,535,0.3483489822803799,0.20774472961100277,716
NPL,Nepal,admin2,NP01,Koshi,NP0112,Khotang,57,2026-05-01,2026-05-15,0,0,0.06,6,0,0.004575284831665745,15
NPL,Nepal,admin2,NP07,Sudurpaschim,NP0775,Darchula,57,2026-05-01,2026-05-15,0,0,15.020000000000001,1502,0,0.9959207837728339,6
NPL,Nepal,admin2,NP07,Sudurpaschim,NP0773,Dadeldhura,57,2026-05-01,2026-05-15,0.05,5,0.76,76,0.0585777595637955,0.044306311985113485,100
NPL,Nepal,admin2,NP07,Sudurpaschim,NP0772,Kanchanpur,57,2026-05-01,2026-05-15,0.13,13,0.32,32,0.0214444170091034,0.017391548615314015,220
NPL,Nepal,admin2,NP05,Lumbini,NP0548,Rupandehi,57,2026-05-01,2026-05-15,21.3,2130,24.160000000000004,2416,2.3750101445706258,1.637498698942324,18356
NPL,Nepal,admin2,NP05,Lumbini,NP0547,Nawalparasi West,57,2026-05-01,2026-05-15,2.72,272,9.239999999999998,924,0.6405839288242543,1.1239817403771042,2215
NPL,Nepal,admin2,NP04,Gandaki,NP0447,Nawalparasi East,57,2026-05-01,2026-05-15,0.42,42,6.71,671,0.1790789622850676,0.4179357848585143,391
NPL,Nepal,admin2,NP04,Gandaki,NP0445,Mustang,57,2026-05-01,2026-05-15,0,0,244.19,24419,0,5.97651553886649,167
NPL,Nepal,admin2,NP04,Gandaki,NP0444,Myagdi,57,2026-05-01,2026-05-15,0,0,7.620000000000001,762,0,0.5505634016640949,6
NPL,Nepal,admin2,NP04,Gandaki,NP0440,Tanahu,57,2026-05-01,2026-05-15,0.04,4,0.76,76,0.0295740210201703,0.04300333231446338,243
NPL,Nepal,admin2,NP04,Gandaki,NP0439,Kaski,57,2026-05-01,2026-05-15,0.58,58,20.13,2013,0.597800627225837,0.8618158824886164,1774
NPL,Nepal,admin2,NP04,Gandaki,NP0438,Manang,57,2026-05-01,2026-05-15,0,0,129.81,12981,0,4.890024943277631,59
NPL,Nepal,admin2,NP04,Gandaki,NP0437,Lamjung,57,2026-05-01,2026-05-15,0,0,1.8,180,0,0.09753552173577953,5
NPL,Nepal,admin2,NP04,Gandaki,NP0436,Gorkha,57,2026-05-01,2026-05-15,0,0,6.96,696,0,0.17164551823281013,48
NPL,Nepal,admin2,NP03,Bagmati,NP0335,Chitawan,57,2026-05-01,2026-05-15,4.12,412,21.43,2143,0.9201672977307008,0.8446933966930543,1061
NPL,Nepal,admin2,NP03,Bagmati,NP0331,Makawanpur,57,2026-05-01,2026-05-15,0.16,16,0.9700000000000001,97,0.0508171535294568,0.03532865511572699,30
NPL,Nepal,admin2,NP03,Bagmati,NP0330,Dhading,57,2026-05-01,2026-05-15,0,0,0.6000000000000001,60,0,0.03216866573898955,122
NPL,Nepal,admin2,NP03,Bagmati,NP0329,Rasuwa,57,2026-05-01,2026-05-15,0,0,6.609999999999999,661,0,0.6259807468072303,4
NPL,Nepal,admin2,NP03,Bagmati,NP0328,Nuwakot,57,2026-05-01,2026-05-15,0,0,0.28,28,0,0.0279192411315645,25
NPL,Nepal,admin2,NP03,Bagmati,NP0327,Kathmandu,57,2026-05-01,2026-05-15,0,0,1.21,121,0,1.047371184885539,86449
NPL,Nepal,admin2,NP03,Bagmati,NP0324,Kabhrepalanchok,57,2026-05-01,2026-05-15,0.03,3,0.12999999999999998,13,0.0154497045471206,0.008301028601363001,23
NPL,Nepal,admin2,NP03,Bagmati,NP0323,Sindhupalchok,57,2026-05-01,2026-05-15,0,0,1.54,154,0,0.05961886918536109,48
NPL,Nepal,admin2,NP03,Bagmati,NP0322,Dolakha,57,2026-05-01,2026-05-15,0,0,2.05,205,0,0.17783630018032637,3
NPL,Nepal,admin2,NP03,Bagmati,NP0320,Sindhuli,57,2026-05-01,2026-05-15,0.15,15,1.52,152,0.0476783926012109,0.054222114934432346,149
NPL,Nepal,admin2,NP02,Madhesh,NP0234,Parsa,57,2026-05-01,2026-05-15,4.77,477,6.1,610,0.8645051396602065,0.38429920698728304,11055
NPL,Nepal,admin2,NP02,Madhesh,NP0233,Bara,57,2026-05-01,2026-05-15,8.61,861,9.659999999999998,966,1.2748340198680317,0.6734059752293882,7134
NPL,Nepal,admin2,NP02,Madhesh,NP0232,Rautahat,57,2026-05-01,2026-05-15,0.69,69,2.63,263,0.1095382782587279,0.23391896494563935,1067
NPL,Nepal,admin2,NP02,Madhesh,NP0219,Sarlahi,57,2026-05-01,2026-05-15,3.94,394,6.719999999999999,672,0.509242959932761,0.4721286629956012,3169
NPL,Nepal,admin2,NP02,Madhesh,NP0218,Mahottari,57,2026-05-01,2026-05-15,7.43,743,9.159999999999998,916,1.2562110225000116,0.8132017337719986,5159
NPL,Nepal,admin2,NP02,Madhesh,NP0217,Dhanusha,57,2026-05-01,2026-05-15,8.21,821,9.200000000000001,920,1.1552763607793064,0.6930956300911397,5750
NPL,Nepal,admin2,NP02,Madhesh,NP0216,Siraha,57,2026-05-01,2026-05-15,0.8,80,0.92,92,0.0986620697880346,0.07349894845749942,4871
NPL,Nepal,admin2,NP02,Madhesh,NP0215,Saptari,57,2026-05-01,2026-05-15,34.63,3463,74.22,7422,4.123017490485777,5.158678684185731,27219
NPL,Nepal,admin2,NP07,Sudurpaschim,NP0771,Kailali,57,2026-05-01,2026-05-15,0.46,46,4.97,497,0.0496180719762374,0.13335045191109227,3657
NPL,Nepal,admin2,NP07,Sudurpaschim,NP0770,Doti,57,2026-05-01,2026-05-15,0.06,6,0.28,28,0.0509463874183068,0.011979110243701244,21
NPL,Nepal,admin2,NP07,Sudurpaschim,NP0769,Achham,57,2026-05-01,2026-05-15,0.2,20,0.44000000000000006,44,0.1454733817940348,0.02275514187617998,134
NPL,Nepal,admin2,NP07,Sudurpaschim,NP0767,Bajhang,57,2026-05-01,2026-05-15,0,0,13.41,1341,0,0.5342381080757809,4
NPL,Nepal,admin2,NP06,Karnali,NP0666,Humla,57,2026-05-01,2026-05-15,0,0,70.01,7001,0,1.0057574006368692,76
NPL,Nepal,admin2,NP06,Karnali,NP0665,Mugu,57,2026-05-01,2026-05-15,0,0,53.459999999999994,5346,0,1.4339667781444703,119
NPL,Nepal,admin2,NP06,Karnali,NP0664,Kalikot,57,2026-05-01,2026-05-15,0,0,0.12,12,0,0.006480265431671989,9
NPL,Nepal,admin2,NP06,Karnali,NP0662,Dolpa,57,2026-05-01,2026-05-15,0,0,629.3,62930,0,6.89376570078911,444
NPL,Nepal,admin2,NP06,Karnali,NP0661,Dailekh,57,2026-05-01,2026-05-15,0,0,0.03,3,0,0.5930600347308365,11
NPL,Nepal,admin2,NP04,Gandaki,NP0436,Gorkha,56,2026-04-16,2026-04-30,0,0,4.279999999999999,428,0,0.10555212902822221,346
NPL,Nepal,admin2,NP03,Bagmati,NP0335,Chitawan,56,2026-04-16,2026-04-30,0.64,64,11.28,1128,0.1429386093562254,0.4457377582077835,868
NPL,Nepal,admin2,NP03,Bagmati,NP0331,Makawanpur,56,2026-04-16,2026-04-30,0.29,29,1.85,185,0.0921060907721405,0.06797901689848103,205
NPL,Nepal,admin2,NP03,Bagmati,NP0330,Dhading,56,2026-04-16,2026-04-30,0.15,15,4.37,437,0.0846769292891188,0.21808610677891854,527
NPL,Nepal,admin2,NP03,Bagmati,NP0329,Rasuwa,56,2026-04-16,2026-04-30,0,0,1.2,120,0,0.08596031038301664,8
NPL,Nepal,admin2,NP03,Bagmati,NP0328,Nuwakot,56,2026-04-16,2026-04-30,0.02,2,0.68,68,0.0171413936423579,0.06073764716576035,62
NPL,Nepal,admin2,NP03,Bagmati,NP0323,Sindhupalchok,56,2026-04-16,2026-04-30,0,0,0.16,16,0,0.009001139173584152,33
NPL,Nepal,admin2,NP03,Bagmati,NP0322,Dolakha,56,2026-04-16,2026-04-30,0,0,3.91,391,0,0.16221552451947693,11
NPL,Nepal,admin2,NP03,Bagmati,NP0321,Ramechhap,56,2026-04-16,2026-04-30,0.04,4,0.8800000000000001,88,0.0348885652385385,0.053495915143463434,52
NPL,Nepal,admin2,NP03,Bagmati,NP0320,Sindhuli,56,2026-04-16,2026-04-30,0,0,0.16,16,0,0.007113307402886999,10
NPL,Nepal,admin2,NP02,Madhesh,NP0234,Parsa,56,2026-04-16,2026-04-30,0.02,2,0.46,46,0.0036247594954306,0.030537092792228035,9
NPL,Nepal,admin2,NP02,Madhesh,NP0233,Bara,56,2026-04-16,2026-04-30,3.23,323,4.1499999999999995,415,0.4782478378831291,0.29571252467240067,3000
NPL,Nepal,admin2,NP02,Madhesh,NP0232,Rautahat,56,2026-04-16,2026-04-30,0,0,0.05,5,0,0.0719988751234568,12
NPL,Nepal,admin2,NP02,Madhesh,NP0219,Sarlahi,56,2026-04-16,2026-04-30,0.19,19,0.5700000000000001,57,0.0245574016211229,0.04151833182170558,161
NPL,Nepal,admin2,NP02,Madhesh,NP0215,Saptari,56,2026-04-16,2026-04-30,2.18,218,19.22,1922,0.2595488919797573,1.3358906535980835,980
NPL,Nepal,admin2,NP04,Gandaki,NP0437,Lamjung,56,2026-04-16,2026-04-30,0,0,0.8,80,0,0.04478359676954833,79
NPL,Nepal,admin2,NP04,Gandaki,NP0438,Manang,56,2026-04-16,2026-04-30,0,0,48.65,4865,0,1.8326763230140728,33
NPL,Nepal,admin2,NP04,Gandaki,NP0439,Kaski,56,2026-04-16,2026-04-30,0.75,75,10.580000000000002,1058,0.773018052447203,0.5555434636519527,2496
NPL,Nepal,admin2,NP04,Gandaki,NP0440,Tanahu,56,2026-04-16,2026-04-30,0.15,15,8.31,831,0.1109025788256388,0.4651512167851393,1298
NPL,Nepal,admin2,NP04,Gandaki,NP0441,Syangja,56,2026-04-16,2026-04-30,0.3,30,1.31,131,0.3375580301966617,0.12327503063424188,261
NPL,Nepal,admin2,NP04,Gandaki,NP0443,Baglung,56,2026-04-16,2026-04-30,0.01,1,4.59,459,0.0197466695886575,0.21971352037543726,990
NPL,Nepal,admin2,NP04,Gandaki,NP0444,Myagdi,56,2026-04-16,2026-04-30,0,0,2.9099999999999997,291,0,0.11202690541906732,14
NPL,Nepal,admin2,NP04,Gandaki,NP0445,Mustang,56,2026-04-16,2026-04-30,0,0,125.14000000000001,12514,0,3.0619968212545143,162
NPL,Nepal,admin2,NP04,Gandaki,NP0447,Nawalparasi East,56,2026-04-16,2026-04-30,0.13,13,15.98,1598,0.0554292026120447,0.9953224801846582,1048
NPL,Nepal,admin2,NP05,Lumbini,NP0546,Palpa,56,2026-04-16,2026-04-30,0.01,1,8.619999999999997,862,0.0089780165343377,0.5236497633320342,1032
NPL,Nepal,admin2,NP05,Lumbini,NP0547,Nawalparasi West,56,2026-04-16,2026-04-30,1.41,141,9.25,925,0.33206740428022,1.125198170832058,1321
NPL,Nepal,admin2,NP05,Lumbini,NP0548,Rupandehi,56,2026-04-16,2026-04-30,0,0,0.18,18,0,0.039345112179858,12
NPL,Nepal,admin2,NP05,Lumbini,NP0549,Kapilbastu,56,2026-04-16,2026-04-30,0.7,70,4.8500000000000005,485,0.0752398665914969,0.2623564310513932,692
NPL,Nepal,admin2,NP05,Lumbini,NP0550,Arghakhanchi,56,2026-04-16,2026-04-30,0,0,3.3,330,0,0.2482799422291075,253
NPL,Nepal,admin2,NP05,Lumbini,NP0551,Gulmi,56,2026-04-16,2026-04-30,0.01,1,15.829999999999998,1583,0.0145820359610162,1.2587900759200115,2370
NPL,Nepal,admin2,NP05,Lumbini,NP0552,Rukum East,56,2026-04-16,2026-04-30,0,0,1.6400000000000001,164,0,0.0874622251862429,27
NPL,Nepal,admin2,NP05,Lumbini,NP0554,Rolpa,56,2026-04-16,2026-04-30,0,0,1.4100000000000001,141,0,0.06750319182801898,113
NPL,Nepal,admin2,NP05,Lumbini,NP0555,Pyuthan,56,2026-04-16,2026-04-30,0.16,16,29.680000000000003,2968,0.1835830002141802,1.9936658619281824,3062
NPL,Nepal,admin2,NP05,Lumbini,NP0556,Dang,56,2026-04-16,2026-04-30,0,0,2.33,233,0,0.089642018976347,89
NPL,Nepal,admin2,NP05,Lumbini,NP0557,Banke,56,2026-04-16,2026-04-30,0.12,12,0.37,37,0.0211089890215321,0.0181595532415003,128
NPL,Nepal,admin2,NP05,Lumbini,NP0558,Bardiya,56,2026-04-16,2026-04-30,0.13,13,1.05,105,0.019735191239361,0.04627628996648962,236
NPL,Nepal,admin2,NP06,Karnali,NP0652,Rukum West,56,2026-04-16,2026-04-30,0.05,5,1.2500000000000002,125,0.1523683418022247,0.0920487921263641,73
NPL,Nepal,admin2,NP06,Karnali,NP0653,Salyan,56,2026-04-16,2026-04-30,0.02,2,11.079999999999998,1108,0.0171588797875798,0.5047538761217427,1016
NPL,Nepal,admin2,NP06,Karnali,NP0659,Surkhet,56,2026-04-16,2026-04-30,0,0,1.1600000000000001,116,0,0.044993878140241333,23
NPL,Nepal,admin2,NP06,Karnali,NP0660,Jajarkot,56,2026-04-16,2026-04-30,0,0,0.28,28,0,0.011824674067101916,3
NPL,Nepal,admin2,NP07,Sudurpaschim,NP0775,Darchula,56,2026-04-16,2026-04-30,0,0,1.2,120,0,0.04469272959706784,2
NPL,Nepal,admin2,NP07,Sudurpaschim,NP0771,Kailali,56,2026-04-16,2026-04-30,0.8,80,2.77,277,0.0862922990891085,0.07365671594865968,2591
NPL,Nepal,admin2,NP07,Sudurpaschim,NP0770,Doti,56,2026-04-16,2026-04-30,0,0,2,200,0,0.09010504870601906,125
NPL,Nepal,admin2,NP07,Sudurpaschim,NP0769,Achham,56,2026-04-16,2026-04-30,0,0,2.4099999999999997,241,0,0.1341761222570118,117
NPL,Nepal,admin2,NP07,Sudurpaschim,NP0768,Bajura,56,2026-04-16,2026-04-30,0,0,0.32,32,0,0.025202192776081756,1
NPL,Nepal,admin2,NP07,Sudurpaschim,NP0767,Bajhang,56,2026-04-16,2026-04-30,0,0,2.05,205,0,0.05206118212196585,6
NPL,Nepal,admin2,NP06,Karnali,NP0666,Humla,56,2026-04-16,2026-04-30,0,0,6.7,670,0,0.11084089259895079,14
NPL,Nepal,admin2,NP06,Karnali,NP0665,Mugu,56,2026-04-16,2026-04-30,0,0,11.76,1176,0,0.3370513509669589,146
NPL,Nepal,admin2,NP06,Karnali,NP0664,Kalikot,56,2026-04-16,2026-04-30,0,0,0.06,6,0,0.0084079590069683,0
NPL,Nepal,admin2,NP06,Karnali,NP0663,Jumla,56,2026-04-16,2026-04-30,0,0,0.7500000000000001,75,0,0.044570812440497924,5
NPL,Nepal,admin2,NP06,Karnali,NP0662,Dolpa,56,2026-04-16,2026-04-30,0,0,221.23999999999998,22124,0,2.4236083325005287,208
NPL,Nepal,admin2,NP06,Karnali,NP0661,Dailekh,56,2026-04-16,2026-04-30,0,0,0.6,60,0,0.037958133270608714,36
NPL,Nepal,admin2,NP01,Koshi,NP0114,Udayapur,56,2026-04-16,2026-04-30,0.32,32,1.1300000000000001,113,0.0952749353245483,0.04391041616788387,165
NPL,Nepal,admin2,NP01,Koshi,NP0111,Solukhumbu,56,2026-04-16,2026-04-30,0,0,18.07,1807,0,0.7151835476354058,21
NPL,Nepal,admin2,NP01,Koshi,NP0110,Bhojpur,56,2026-04-16,2026-04-30,0,0,0.28,28,0,0.017525297423197052,29
NPL,Nepal,admin2,NP01,Koshi,NP0109,Sankhuwasabha,56,2026-04-16,2026-04-30,0.08,8,4.7,470,0.2101838181126935,0.11965643895808381,176
NPL,Nepal,admin2,NP01,Koshi,NP0106,Sunsari,56,2026-04-16,2026-04-30,4.77,477,34.15,3415,0.6970620127020187,2.551267565352308,18332
NPL,Nepal,admin2,NP01,Koshi,NP0105,Morang,56,2026-04-16,2026-04-30,0.09,9,0.12,12,0.0087667136249283,0.006184663001856261,32
NPL,Nepal,admin2,NP01,Koshi,NP0102,Panchthar,56,2026-04-16,2026-04-30,0,0,0.68,68,0,0.051017074214337814,53
NPL,Nepal,admin2,NP01,Koshi,NP0101,Taplejung,56,2026-04-16,2026-04-30,0,0,6.83,683,0,0.3011236416629181,5
NPL,Nepal,admin2,NP07,Sudurpaschim,NP0772,Kanchanpur,55,2026-04-01,2026-04-15,0.64,64,3.75,375,0.1055725145063556,0.21595783527434145,209
NPL,Nepal,admin2,NP07,Sudurpaschim,NP0771,Kailali,55,2026-04-01,2026-04-15,0.07,7,2.1200000000000006,212,0.0075505761702969,0.056433244216617884,434
NPL,Nepal,admin2,NP07,Sudurpaschim,NP0770,Doti,55,2026-04-01,2026-04-15,0,0,0.16,16,0,0.007208403896481477,17
NPL,Nepal,admin2,NP07,Sudurpaschim,NP0768,Bajura,55,2026-04-01,2026-04-15,0,0,0.16000000000000003,16,0,0.012601096388040802,1
NPL,Nepal,admin2,NP06,Karnali,NP0665,Mugu,55,2026-04-01,2026-04-15,0,0,3.8600000000000003,386,0,0.16331202561863403,81
NPL,Nepal,admin2,NP06,Karnali,NP0664,Kalikot,55,2026-04-01,2026-04-15,0,0,0.16,16,0,0.014057698029896199,6
NPL,Nepal,admin2,NP06,Karnali,NP0662,Dolpa,55,2026-04-01,2026-04-15,0,0,5.91,591,0,0.07722051522892771,18
NPL,Nepal,admin2,NP06,Karnali,NP0660,Jajarkot,55,2026-04-01,2026-04-15,0,0,0.28,28,0,0.011824674067101916,3
NPL,Nepal,admin2,NP06,Karnali,NP0653,Salyan,55,2026-04-01,2026-04-15,0.03,3,0.76,76,0.0257383196813697,0.034622107026401124,44
NPL,Nepal,admin2,NP06,Karnali,NP0652,Rukum West,55,2026-04-01,2026-04-15,0.04,4,0.56,56,0.1218946734417797,0.042528888000322305,37
NPL,Nepal,admin2,NP05,Lumbini,NP0558,Bardiya,55,2026-04-01,2026-04-15,0.85,85,1.56,156,0.1290377888727454,0.06858049106734761,571
NPL,Nepal,admin2,NP05,Lumbini,NP0557,Banke,55,2026-04-01,2026-04-15,0.16,16,3.05,305,0.0281453186953761,0.1446269538562194,316
NPL,Nepal,admin2,NP05,Lumbini,NP0549,Kapilbastu,55,2026-04-01,2026-04-15,0.6,60,2.13,213,0.0644913142212831,0.11385951992935689,885
NPL,Nepal,admin2,NP05,Lumbini,NP0548,Rupandehi,55,2026-04-01,2026-04-15,0.08,8,0.28,28,0.0089202258951009,0.02043260635321839,68
NPL,Nepal,admin2,NP05,Lumbini,NP0547,Nawalparasi West,55,2026-04-01,2026-04-15,2.15,215,8.53,853,0.5063439143279951,1.0376151780754004,1861
NPL,Nepal,admin2,NP04,Gandaki,NP0447,Nawalparasi East,55,2026-04-01,2026-04-15,0.2,20,7.04,704,0.0852756963262226,0.44558592190739366,167
NPL,Nepal,admin2,NP04,Gandaki,NP0445,Mustang,55,2026-04-01,2026-04-15,0,0,0.8400000000000001,84,0,0.025392882543360428,0
NPL,Nepal,admin2,NP04,Gandaki,NP0441,Syangja,55,2026-04-01,2026-04-15,0.02,2,0.16,16,0.0225038686797774,0.015108519160712878,44
NPL,Nepal,admin2,NP04,Gandaki,NP0439,Kaski,55,2026-04-01,2026-04-15,0.22,22,6.59,659,0.2267519620511795,0.37842479847238275,1321
NPL,Nepal,admin2,NP04,Gandaki,NP0436,Gorkha,55,2026-04-01,2026-04-15,0,0,0.28,28,0,0.010597832330655607,1
NPL,Nepal,admin2,NP03,Bagmati,NP0335,Chitawan,55,2026-04-01,2026-04-15,6.45,645,18.08,1808,1.440553172418209,0.7126484653387972,3332
NPL,Nepal,admin2,NP03,Bagmati,NP0331,Makawanpur,55,2026-04-01,2026-04-15,0.29,29,1.12,112,0.0921060907721405,0.04311169138803658,97
NPL,Nepal,admin2,NP03,Bagmati,NP0329,Rasuwa,55,2026-04-01,2026-04-15,0,0,0.28,28,0,0.027531528902533426,5
NPL,Nepal,admin2,NP03,Bagmati,NP0320,Sindhuli,55,2026-04-01,2026-04-15,0.06,6,0.28,28,0.0190713570404843,0.010246162621955608,23
NPL,Nepal,admin2,NP02,Madhesh,NP0232,Rautahat,55,2026-04-01,2026-04-15,0,0,0.05,5,0,0.0719988751234568,12
NPL,Nepal,admin2,NP02,Madhesh,NP0219,Sarlahi,55,2026-04-01,2026-04-15,0.15,15,0.6100000000000001,61,0.0193874223324655,0.07236266016024531,164
NPL,Nepal,admin2,NP02,Madhesh,NP0218,Mahottari,55,2026-04-01,2026-04-15,0.11,11,0.16,16,0.0185980097543743,0.01583826399583322,102
NPL,Nepal,admin2,NP02,Madhesh,NP0215,Saptari,55,2026-04-01,2026-04-15,2.13,213,19.9,1990,0.2535959357416895,1.383154214703531,998
NPL,Nepal,admin2,NP01,Koshi,NP0114,Udayapur,55,2026-04-01,2026-04-15,0.29,29,1.59,159,0.0863429101378719,0.305551358364002,80
NPL,Nepal,admin2,NP01,Koshi,NP0112,Khotang,55,2026-04-01,2026-04-15,0,0,0.16,16,0,0.012263912175960599,10
NPL,Nepal,admin2,NP01,Koshi,NP0106,Sunsari,55,2026-04-01,2026-04-15,5.73,573,35.95,3595,0.8373512228055697,2.6849985137282206,13527
NPL,Nepal,admin2,NP01,Koshi,NP0105,Morang,55,2026-04-01,2026-04-15,0.09,9,0.12,12,0.0087667136249283,0.006184663001856261,32
NPL,Nepal,admin2,NP01,Koshi,NP0104,Jhapa,55,2026-04-01,2026-04-15,1.06,106,2.31,231,0.0911717912656412,0.13441647231938,437
NPL,Nepal,admin2,NP01,Koshi,NP0103,Ilam,55,2026-04-01,2026-04-15,0,0,0.15,15,0,0.008856223483569625,11
NPL,Nepal,admin2,NP01,Koshi,NP0103,Ilam,54,2026-03-16,2026-03-31,0,0,0.08,8,0,0.004723319191237134,11
NPL,Nepal,admin2,NP01,Koshi,NP0104,Jhapa,54,2026-03-16,2026-03-31,0.28,28,0.30000000000000004,30,0.0240831146739429,0.017924656133045197,63
NPL,Nepal,admin2,NP01,Koshi,NP0106,Sunsari,54,2026-03-16,2026-03-31,3.17,317,27.11,2711,0.4632466625294339,2.125000849164239,9014
NPL,Nepal,admin2,NP01,Koshi,NP0114,Udayapur,54,2026-03-16,2026-03-31,0,0,0.5599999999999999,56,0,0.025027360092324945,36
NPL,Nepal,admin2,NP02,Madhesh,NP0215,Saptari,54,2026-03-16,2026-03-31,1.29,129,15.66,1566,0.1535862709421499,1.088452010163683,793
NPL,Nepal,admin2,NP02,Madhesh,NP0216,Siraha,54,2026-03-16,2026-03-31,0.13,13,0.16,16,0.0160325863405556,0.013337770539349257,30
NPL,Nepal,admin2,NP02,Madhesh,NP0219,Sarlahi,54,2026-03-16,2026-03-31,0.06,6,0.12,12,0.0077549689329862,0.00886689769474855,63
NPL,Nepal,admin2,NP03,Bagmati,NP0320,Sindhuli,54,2026-03-16,2026-03-31,0.06,6,0.12,12,0.0190713570404843,0.004391212552266581,13
NPL,Nepal,admin2,NP03,Bagmati,NP0323,Sindhupalchok,54,2026-03-16,2026-03-31,0,0,0.32000000000000006,32,0,0.013933660068554923,145
NPL,Nepal,admin2,NP03,Bagmati,NP0328,Nuwakot,54,2026-03-16,2026-03-31,0,0,0.27999999999999997,28,0,0.02348584627447863,24
NPL,Nepal,admin2,NP03,Bagmati,NP0330,Dhading,54,2026-03-16,2026-03-31,0,0,0.16,16,0,0.0102647988523351,9
NPL,Nepal,admin2,NP03,Bagmati,NP0331,Makawanpur,54,2026-03-16,2026-03-31,0,0,0.84,84,0,0.035181183092928385,84
NPL,Nepal,admin2,NP03,Bagmati,NP0335,Chitawan,54,2026-03-16,2026-03-31,17.4,1740,26.230000000000004,2623,3.886143441872378,1.0364082510595083,10725
NPL,Nepal,admin2,NP04,Gandaki,NP0439,Kaski,54,2026-03-16,2026-03-31,0.25,25,5.83,583,0.2576726841490677,0.3268965076858766,1645
NPL,Nepal,admin2,NP04,Gandaki,NP0441,Syangja,54,2026-03-16,2026-03-31,0,0,0.16,16,0,0.014796985897493141,27
NPL,Nepal,admin2,NP04,Gandaki,NP0445,Mustang,54,2026-03-16,2026-03-31,0,0,0.28,28,0,0.008513181343794687,0
NPL,Nepal,admin2,NP04,Gandaki,NP0447,Nawalparasi East,54,2026-03-16,2026-03-31,0.14,14,1.76,176,0.0596929874283558,0.1096225009464955,65
NPL,Nepal,admin2,NP05,Lumbini,NP0547,Nawalparasi West,54,2026-03-16,2026-03-31,0.27,27,1.99,199,0.0635873752877017,0.24933239892849685,267
NPL,Nepal,admin2,NP05,Lumbini,NP0549,Kapilbastu,54,2026-03-16,2026-03-31,0.52,52,1.41,141,0.055892472325112,0.07627269438813689,480
NPL,Nepal,admin2,NP05,Lumbini,NP0556,Dang,54,2026-03-16,2026-03-31,0.16,16,1.1199999999999999,112,0.0259770209055806,0.03366835865101157,159
NPL,Nepal,admin2,NP05,Lumbini,NP0557,Banke,54,2026-03-16,2026-03-31,0,0,0.4,40,0,0.0276563894258235,90
NPL,Nepal,admin2,NP05,Lumbini,NP0558,Bardiya,54,2026-03-16,2026-03-31,0,0,0.56,56,0,0.0374295689138518,0
NPL,Nepal,admin2,NP06,Karnali,NP0652,Rukum West,54,2026-03-16,2026-03-31,0,0,0.12,12,0,0.009346254254950866,12
NPL,Nepal,admin2,NP06,Karnali,NP0653,Salyan,54,2026-03-16,2026-03-31,0,0,0.32,32,0,0.015395188256550348,20
NPL,Nepal,admin2,NP06,Karnali,NP0659,Surkhet,54,2026-03-16,2026-03-31,0.04,4,0.41,41,0.0195899478215978,0.015814502465995868,10
NPL,Nepal,admin2,NP06,Karnali,NP0662,Dolpa,54,2026-03-16,2026-03-31,0,0,4.1,410,0,0.05357091581025434,10
NPL,Nepal,admin2,NP06,Karnali,NP0664,Kalikot,54,2026-03-16,2026-03-31,0,0,0.12,12,0,0.0105432735224222,2
NPL,Nepal,admin2,NP06,Karnali,NP0665,Mugu,54,2026-03-16,2026-03-31,0,0,4.46,446,0,0.1886973145748973,95
NPL,Nepal,admin2,NP06,Karnali,NP0666,Humla,54,2026-03-16,2026-03-31,0,0,0.21000000000000002,21,0,0.004125407551554215,0
NPL,Nepal,admin2,NP07,Sudurpaschim,NP0767,Bajhang,54,2026-03-16,2026-03-31,0.01,1,0.24,24,0.020653358884103,0.007647119999019344,72
NPL,Nepal,admin2,NP07,Sudurpaschim,NP0769,Achham,54,2026-03-16,2026-03-31,0,0,0.12,12,0,0.0066809687430876424,4
NPL,Nepal,admin2,NP07,Sudurpaschim,NP0770,Doti,54,2026-03-16,2026-03-31,0.11,11,0.5900000000000001,59,0.0934017102668958,0.025149988883520984,74
NPL,Nepal,admin2,NP07,Sudurpaschim,NP0771,Kailali,54,2026-03-16,2026-03-31,0.05,5,1.56,156,0.0053932686930692,0.042862714732987986,263
NPL,Nepal,admin2,NP07,Sudurpaschim,NP0772,Kanchanpur,54,2026-03-16,2026-03-31,0.13,13,0.16,16,0.0214444170091034,0.009170389477679182,498
NPL,Nepal,admin2,NP07,Sudurpaschim,NP0774,Baitadi,54,2026-03-16,2026-03-31,0,0,0.03,3,0,0.5045941150474578,6
NPL,Nepal,admin2,NP07,Sudurpaschim,NP0775,Darchula,53,2026-03-01,2026-03-15,0,0,0.72,72,0,0.02681563775824068,3
NPL,Nepal,admin2,NP07,Sudurpaschim,NP0772,Kanchanpur,53,2026-03-01,2026-03-15,0.46,46,2.15,215,0.0758802448014431,0.11830029757514694,3
NPL,Nepal,admin2,NP07,Sudurpaschim,NP0771,Kailali,53,2026-03-01,2026-03-15,0,0,1.1600000000000001,116,0,0.04276584008114576,216
NPL,Nepal,admin2,NP07,Sudurpaschim,NP0770,Doti,53,2026-03-01,2026-03-15,0,0,0.64,64,0,0.028833615585926037,46
NPL,Nepal,admin2,NP07,Sudurpaschim,NP0769,Achham,53,2026-03-01,2026-03-15,0,0,0.16,16,0,0.0111173264595557,10
NPL,Nepal,admin2,NP07,Sudurpaschim,NP0768,Bajura,53,2026-03-01,2026-03-15,0,0,0.16,16,0,0.007119648236328682,12
NPL,Nepal,admin2,NP07,Sudurpaschim,NP0767,Bajhang,53,2026-03-01,2026-03-15,0,0,0.25,25,0,0.017410558139343,50
NPL,Nepal,admin2,NP06,Karnali,NP0666,Humla,53,2026-03-01,2026-03-15,0,0,1.57,157,0,0.025880466763769205,6
NPL,Nepal,admin2,NP06,Karnali,NP0665,Mugu,53,2026-03-01,2026-03-15,0,0,11.46,1146,0,0.3284531022178018,288
NPL,Nepal,admin2,NP06,Karnali,NP0664,Kalikot,53,2026-03-01,2026-03-15,0,0,0.41000000000000003,41,0,0.022140906891545964,5
NPL,Nepal,admin2,NP06,Karnali,NP0663,Jumla,53,2026-03-01,2026-03-15,0,0,0.68,68,0,0.027385791654298317,53
NPL,Nepal,admin2,NP06,Karnali,NP0662,Dolpa,53,2026-03-01,2026-03-15,0,0,30.43,3043,0,0.33335021496108797,41
NPL,Nepal,admin2,NP06,Karnali,NP0659,Surkhet,53,2026-03-01,2026-03-15,0,0,0.28,28,0,0.010860591275230657,8
NPL,Nepal,admin2,NP06,Karnali,NP0653,Salyan,53,2026-03-01,2026-03-15,0,0,0.48,48,0,0.023092782384825438,35
NPL,Nepal,admin2,NP06,Karnali,NP0652,Rukum West,53,2026-03-01,2026-03-15,0,0,0.6,60,0,0.046731271274754696,16
NPL,Nepal,admin2,NP05,Lumbini,NP0558,Bardiya,53,2026-03-01,2026-03-15,0,0,0.56,56,0,0.0374295689138518,0
NPL,Nepal,admin2,NP05,Lumbini,NP0557,Banke,53,2026-03-01,2026-03-15,0,0,0.28,28,0,0.019359472598076397,3
NPL,Nepal,admin2,NP05,Lumbini,NP0556,Dang,53,2026-03-01,2026-03-15,0.01,1,0.84,84,0.0016235638065987,0.026126255679441483,65
NPL,Nepal,admin2,NP05,Lumbini,NP0549,Kapilbastu,53,2026-03-01,2026-03-15,0.18,18,0.92,92,0.0193473942663849,0.05060528209996449,205
NPL,Nepal,admin2,NP05,Lumbini,NP0547,Nawalparasi West,53,2026-03-01,2026-03-15,0.02,2,0.3,30,0.0047101759472371,0.06747672251534083,16
NPL,Nepal,admin2,NP05,Lumbini,NP0546,Palpa,53,2026-03-01,2026-03-15,0,0,0.16,16,0,0.0115640682970472,19
NPL,Nepal,admin2,NP04,Gandaki,NP0447,Nawalparasi East,53,2026-03-01,2026-03-15,0.04,4,1.37,137,0.0170551392652445,0.08671203309845575,75
NPL,Nepal,admin2,NP04,Gandaki,NP0445,Mustang,53,2026-03-01,2026-03-15,0,0,16.29,1629,0,0.4115864628672848,7
NPL,Nepal,admin2,NP04,Gandaki,NP0444,Myagdi,53,2026-03-01,2026-03-15,0,0,0.49,49,0,0.04206397541834445,2
NPL,Nepal,admin2,NP04,Gandaki,NP0439,Kaski,53,2026-03-01,2026-03-15,0,0,2.7,270,0,0.16419293769568352,456
NPL,Nepal,admin2,NP04,Gandaki,NP0438,Manang,53,2026-03-01,2026-03-15,0,0,0.56,56,0,0.02493417630638264,0
NPL,Nepal,admin2,NP04,Gandaki,NP0436,Gorkha,53,2026-03-01,2026-03-15,0,0,0.39999999999999997,40,0,0.02428718308202443,9
NPL,Nepal,admin2,NP03,Bagmati,NP0335,Chitawan,53,2026-03-01,2026-03-15,0.1,10,2.2,220,0.0223341577119102,0.08860507467322963,2
NPL,Nepal,admin2,NP03,Bagmati,NP0331,Makawanpur,53,2026-03-01,2026-03-15,0.01,1,1.6,160,0.003176072095591,0.05920456490412875,164
NPL,Nepal,admin2,NP03,Bagmati,NP0329,Rasuwa,53,2026-03-01,2026-03-15,0,0,0.30000000000000004,30,0,0.02527704550525721,0
NPL,Nepal,admin2,NP03,Bagmati,NP0323,Sindhupalchok,53,2026-03-01,2026-03-15,0,0,0.32000000000000006,32,0,0.013933660068554923,145
NPL,Nepal,admin2,NP03,Bagmati,NP0322,Dolakha,53,2026-03-01,2026-03-15,0,0,0.5599999999999999,56,0,0.025665293196049824,2
NPL,Nepal,admin2,NP02,Madhesh,NP0233,Bara,53,2026-03-01,2026-03-15,0,0,0.37,37,0,0.04894525186962044,84
NPL,Nepal,admin2,NP02,Madhesh,NP0232,Rautahat,53,2026-03-01,2026-03-15,0,0,2.21,221,0,0.5200505774679257,195
NPL,Nepal,admin2,NP02,Madhesh,NP0215,Saptari,53,2026-03-01,2026-03-15,1.09,109,11.61,1161,0.1297744459898786,0.8069558006385924,611
NPL,Nepal,admin2,NP01,Koshi,NP0114,Udayapur,53,2026-03-01,2026-03-15,0.04,4,0.45999999999999996,46,0.0119093669155685,0.01787503667011177,9
NPL,Nepal,admin2,NP01,Koshi,NP0112,Khotang,53,2026-03-01,2026-03-15,0,0,0.06,6,0,0.41641037923282515,8
NPL,Nepal,admin2,NP01,Koshi,NP0111,Solukhumbu,53,2026-03-01,2026-03-15,0,0,0.88,88,0,0.034829082563317924,1
NPL,Nepal,admin2,NP01,Koshi,NP0109,Sankhuwasabha,53,2026-03-01,2026-03-15,0,0,0.16,16,0,0.027471711711856747,0
NPL,Nepal,admin2,NP01,Koshi,NP0106,Sunsari,53,2026-03-01,2026-03-15,3.23,323,22.15,2215,0.4720147381609058,1.7362142681293942,6496
NPL,Nepal,admin2,NP01,Koshi,NP0101,Taplejung,53,2026-03-01,2026-03-15,0,0,1.25,125,0,0.030410981009780496,0
NPL,Nepal,admin2,NP06,Karnali,NP0665,Mugu,52,2026-02-16,2026-02-28,0,0,12.09,1209,0,0.34650942459102835,415
NPL,Nepal,admin2,NP06,Karnali,NP0664,Kalikot,52,2026-02-16,2026-02-28,0.02,2,3.1199999999999997,312,0.0838235366629357,0.16579845805350055,67
NPL,Nepal,admin2,NP06,Karnali,NP0663,Jumla,52,2026-02-16,2026-02-28,0,0,0.8400000000000001,84,0,0.03382950733766267,66
NPL,Nepal,admin2,NP06,Karnali,NP0662,Dolpa,52,2026-02-16,2026-02-28,0,0,13.34,1334,0,0.14613512545451557,33
NPL,Nepal,admin2,NP06,Karnali,NP0661,Dailekh,52,2026-02-16,2026-02-28,0,0,1.4400000000000002,144,0,0.09080891378517135,145
NPL,Nepal,admin2,NP06,Karnali,NP0660,Jajarkot,52,2026-02-16,2026-02-28,0,0,0.28,28,0,0.011824674067101902,4
NPL,Nepal,admin2,NP06,Karnali,NP0659,Surkhet,52,2026-02-16,2026-02-28,0.03,3,5.03,503,0.0146924608661983,0.17856900218651459,118
NPL,Nepal,admin2,NP06,Karnali,NP0653,Salyan,52,2026-02-16,2026-02-28,0.01,1,1.1700000000000002,117,0.0085794398937899,0.05329982265906487,109
NPL,Nepal,admin2,NP06,Karnali,NP0652,Rukum West,52,2026-02-16,2026-02-28,0.06,6,1.04,104,0.1828420101626696,0.07898222057202704,74
NPL,Nepal,admin2,NP05,Lumbini,NP0558,Bardiya,52,2026-02-16,2026-02-28,0.23,23,0.52,52,0.0349161075773311,0.02376632987483026,77
NPL,Nepal,admin2,NP05,Lumbini,NP0557,Banke,52,2026-02-16,2026-02-28,0.01,1,0.65,65,0.001759082418461,0.031901917856689874,181
NPL,Nepal,admin2,NP05,Lumbini,NP0556,Dang,52,2026-02-16,2026-02-28,0,0,0.12,12,0,0.0046167563421294,34
NPL,Nepal,admin2,NP05,Lumbini,NP0555,Pyuthan,52,2026-02-16,2026-02-28,0,0,0.4,40,0,0.0318236416148776,62
NPL,Nepal,admin2,NP05,Lumbini,NP0554,Rolpa,52,2026-02-16,2026-02-28,0,0,0.22,22,0,0.0123369732755649,29
NPL,Nepal,admin2,NP05,Lumbini,NP0552,Rukum East,52,2026-02-16,2026-02-28,0,0,0.16,16,0,0.0164300107515896,1
NPL,Nepal,admin2,NP05,Lumbini,NP0551,Gulmi,52,2026-02-16,2026-02-28,0,0,0.8300000000000001,83,0,0.07786187072369011,136
NPL,Nepal,admin2,NP05,Lumbini,NP0549,Kapilbastu,52,2026-02-16,2026-02-28,0.5,50,1.81,181,0.0537427618510692,0.09791033818618985,521
NPL,Nepal,admin2,NP05,Lumbini,NP0548,Rupandehi,52,2026-02-16,2026-02-28,2.73,273,3.4299999999999997,343,0.3044027086703196,0.23247601561970896,1587
NPL,Nepal,admin2,NP05,Lumbini,NP0547,Nawalparasi West,52,2026-02-16,2026-02-28,0.21,21,2.2399999999999998,224,0.0494568474459902,0.2806555646230317,280
NPL,Nepal,admin2,NP05,Lumbini,NP0546,Palpa,52,2026-02-16,2026-02-28,0,0,1.73,173,0,0.1250364884618236,216
NPL,Nepal,admin2,NP07,Sudurpaschim,NP0775,Darchula,52,2026-02-16,2026-02-28,0,0,1.08,108,0,0.05590679780579817,254
NPL,Nepal,admin2,NP07,Sudurpaschim,NP0774,Baitadi,52,2026-02-16,2026-02-28,0.04,4,2.26,226,0.0619805332513407,0.13140626041040615,291
NPL,Nepal,admin2,NP07,Sudurpaschim,NP0773,Dadeldhura,52,2026-02-16,2026-02-28,0,0,0.18,18,0,0.011931905783488224,8
NPL,Nepal,admin2,NP07,Sudurpaschim,NP0772,Kanchanpur,52,2026-02-16,2026-02-28,1.14,114,3.6099999999999994,361,0.1880510414644459,0.19863445313780484,413
NPL,Nepal,admin2,NP07,Sudurpaschim,NP0771,Kailali,52,2026-02-16,2026-02-28,0.05,5,2.28,228,0.0053932686930692,0.06264550614821326,325
NPL,Nepal,admin2,NP07,Sudurpaschim,NP0770,Doti,52,2026-02-16,2026-02-28,0.01,1,2.13,213,0.0084910645697178,0.0907863390687489,151
NPL,Nepal,admin2,NP07,Sudurpaschim,NP0769,Achham,52,2026-02-16,2026-02-28,0,0,0.45999999999999996,46,0,0.03173800479966289,27
NPL,Nepal,admin2,NP07,Sudurpaschim,NP0768,Bajura,52,2026-02-16,2026-02-28,0,0,1.07,107,0,0.047612647580448586,72
NPL,Nepal,admin2,NP07,Sudurpaschim,NP0767,Bajhang,52,2026-02-16,2026-02-28,0.09,9,3.4299999999999997,343,0.1858802299569276,0.12865461137239093,474
NPL,Nepal,admin2,NP06,Karnali,NP0666,Humla,52,2026-02-16,2026-02-28,0,0,1.76,176,0,0.04293742583894297,38
NPL,Nepal,admin2,NP04,Gandaki,NP0447,Nawalparasi East,52,2026-02-16,2026-02-28,0.13,13,6.279999999999999,628,0.0554292026120447,0.39748289624693645,187
NPL,Nepal,admin2,NP04,Gandaki,NP0445,Mustang,52,2026-02-16,2026-02-28,0,0,8.569999999999999,857,0,0.20974953179117,34
NPL,Nepal,admin2,NP04,Gandaki,NP0444,Myagdi,52,2026-02-16,2026-02-28,0,0,0.6799999999999999,68,0,0.032313850603415455,99
NPL,Nepal,admin2,NP04,Gandaki,NP0443,Baglung,52,2026-02-16,2026-02-28,0.01,1,0.48,48,0.0197466695886575,0.023240862296751562,11
NPL,Nepal,admin2,NP04,Gandaki,NP0441,Syangja,52,2026-02-16,2026-02-28,0.06,6,0.8900000000000001,89,0.0675116060393323,0.0758186611389924,215
NPL,Nepal,admin2,NP04,Gandaki,NP0440,Tanahu,52,2026-02-16,2026-02-28,0.01,1,4.4399999999999995,444,0.0073935052550425,0.25374119223129665,457
NPL,Nepal,admin2,NP04,Gandaki,NP0439,Kaski,52,2026-02-16,2026-02-28,0.2,20,9.61,961,0.2061381473192541,0.5388465589813507,2474
NPL,Nepal,admin2,NP04,Gandaki,NP0438,Manang,52,2026-02-16,2026-02-28,0,0,0.53,53,0,0.07512822244624484,1
NPL,Nepal,admin2,NP04,Gandaki,NP0436,Gorkha,52,2026-02-16,2026-02-28,0,0,0.65,65,0,0.01846782706198608,2
NPL,Nepal,admin2,NP03,Bagmati,NP0335,Chitawan,52,2026-02-16,2026-02-28,0.87,87,9.4,940,0.1943071720936189,0.3705141357403038,452
NPL,Nepal,admin2,NP03,Bagmati,NP0331,Makawanpur,52,2026-02-16,2026-02-28,0.02,2,2.37,237,0.0063521441911821,0.0870866324591353,348
NPL,Nepal,admin2,NP03,Bagmati,NP0330,Dhading,52,2026-02-16,2026-02-28,0.04,4,0.89,89,0.0225805144770983,0.04462669957526074,100
NPL,Nepal,admin2,NP03,Bagmati,NP0329,Rasuwa,52,2026-02-16,2026-02-28,0,0,0.65,65,0,0.05183455224015951,10
NPL,Nepal,admin2,NP03,Bagmati,NP0328,Nuwakot,52,2026-02-16,2026-02-28,0,0,1.33,133,0,0.11155776980377385,202
NPL,Nepal,admin2,NP03,Bagmati,NP0324,Kabhrepalanchok,52,2026-02-16,2026-02-28,0,0,0.76,76,0,0.055699817187911574,33
NPL,Nepal,admin2,NP03,Bagmati,NP0323,Sindhupalchok,52,2026-02-16,2026-02-28,0.01,1,0.12,12,0.0172270991051366,0.0051091010972394765,30
NPL,Nepal,admin2,NP03,Bagmati,NP0322,Dolakha,52,2026-02-16,2026-02-28,0,0,1.1300000000000001,113,0,0.04701572901709955,32
NPL,Nepal,admin2,NP03,Bagmati,NP0321,Ramechhap,52,2026-02-16,2026-02-28,0,0,0.62,62,0,0.04190525849236163,30
NPL,Nepal,admin2,NP03,Bagmati,NP0320,Sindhuli,52,2026-02-16,2026-02-28,0.13,13,0.44000000000000006,44,0.0413212735877161,0.01573378480975432,48
NPL,Nepal,admin2,NP02,Madhesh,NP0234,Parsa,52,2026-02-16,2026-02-28,0.38,38,0.48,48,0.068870430413182,0.030666540259053868,1563
NPL,Nepal,admin2,NP02,Madhesh,NP0233,Bara,52,2026-02-16,2026-02-28,0,0,0.37,37,0,0.04894525186962044,84
NPL,Nepal,admin2,NP02,Madhesh,NP0232,Rautahat,52,2026-02-16,2026-02-28,0.16,16,2.37,237,0.0254001804657919,0.22467107351842683,423
NPL,Nepal,admin2,NP02,Madhesh,NP0219,Sarlahi,52,2026-02-16,2026-02-28,0.57,57,1.25,125,0.0736722048633689,0.09181761458499818,1265
NPL,Nepal,admin2,NP02,Madhesh,NP0218,Mahottari,52,2026-02-16,2026-02-28,0.61,61,1,100,0.1031344177288031,0.0889703027247696,533
NPL,Nepal,admin2,NP02,Madhesh,NP0215,Saptari,52,2026-02-16,2026-02-28,1.84,184,16.65,1665,0.219068789560896,1.1572621947142605,977
NPL,Nepal,admin2,NP01,Koshi,NP0114,Udayapur,52,2026-02-16,2026-02-28,0.19,19,2.6500000000000004,265,0.0565694928489505,0.10297575472999314,368
NPL,Nepal,admin2,NP01,Koshi,NP0113,Okhaldhunga,52,2026-02-16,2026-02-28,0,0,0.30000000000000004,30,0,0.026238536974848937,40
NPL,Nepal,admin2,NP01,Koshi,NP0112,Khotang,52,2026-02-16,2026-02-28,0,0,1.1400000000000001,114,0,0.06993011535004999,71
NPL,Nepal,admin2,NP01,Koshi,NP0111,Solukhumbu,52,2026-02-16,2026-02-28,0,0,1.6799999999999997,168,0,0.04421951761770503,5
NPL,Nepal,admin2,NP01,Koshi,NP0110,Bhojpur,52,2026-02-16,2026-02-28,0,0,0.12,12,0,0.0087396399565371,15
NPL,Nepal,admin2,NP01,Koshi,NP0109,Sankhuwasabha,52,2026-02-16,2026-02-28,0,0,0.16,16,0,0.02804726872191264,0
NPL,Nepal,admin2,NP01,Koshi,NP0106,Sunsari,52,2026-02-16,2026-02-28,6.65,665,34.75,3475,0.971795049154806,2.595374084897237,16246
NPL,Nepal,admin2,NP01,Koshi,NP0104,Jhapa,52,2026-02-16,2026-02-28,0.42,42,1.08,108,0.0361246720109144,0.061443153771331194,378
NPL,Nepal,admin2,NP01,Koshi,NP0103,Ilam,52,2026-02-16,2026-02-28,0.02,2,0.32,32,0.0178279165597574,0.017730646705782706,32
NPL,Nepal,admin2,NP01,Koshi,NP0102,Panchthar,52,2026-02-16,2026-02-28,0,0,1.53,153,0,0.11478841698226003,180
NPL,Nepal,admin2,NP01,Koshi,NP0101,Taplejung,52,2026-02-16,2026-02-28,0,0,0.64,64,0,0.018879376218005735,1
NPL,Nepal,admin2,NP06,Karnali,NP0663,Jumla,51,2026-02-01,2026-02-15,0.02,2,3.53,353,0.0619687094469475,0.14034034439487766,218
NPL,Nepal,admin2,NP06,Karnali,NP0662,Dolpa,51,2026-02-01,2026-02-15,0,0,14.01,1401,0,0.16772776644756754,169
NPL,Nepal,admin2,NP06,Karnali,NP0661,Dailekh,51,2026-02-01,2026-02-15,0.11,11,4.22,422,0.1008276856649271,0.24879705318490725,516
NPL,Nepal,admin2,NP06,Karnali,NP0660,Jajarkot,51,2026-02-01,2026-02-15,0.01,1,1.77,177,0.01965702727162,0.07243717561554246,114
NPL,Nepal,admin2,NP06,Karnali,NP0659,Surkhet,51,2026-02-01,2026-02-15,0.26,26,25.540000000000003,2554,0.1273346608403857,0.9019329633654446,714
NPL,Nepal,admin2,NP06,Karnali,NP0666,Humla,51,2026-02-01,2026-02-15,0,0,4.239999999999999,424,0,0.06989374463591191,42
NPL,Nepal,admin2,NP06,Karnali,NP0665,Mugu,51,2026-02-01,2026-02-15,0,0,15.469999999999999,1547,0,0.4433830271648679,573
NPL,Nepal,admin2,NP06,Karnali,NP0664,Kalikot,51,2026-02-01,2026-02-15,0.03,3,6.76,676,0.1257353049944035,0.3592299924492513,132
NPL,Nepal,admin2,NP07,Sudurpaschim,NP0767,Bajhang,51,2026-02-01,2026-02-15,0.13,13,13.67,1367,0.2684936654933399,0.3813847648260752,1501
NPL,Nepal,admin2,NP07,Sudurpaschim,NP0768,Bajura,51,2026-02-01,2026-02-15,0.01,1,3.3299999999999996,333,0.0359286499281426,0.1463649422429442,54
NPL,Nepal,admin2,NP07,Sudurpaschim,NP0769,Achham,51,2026-02-01,2026-02-15,0.01,1,4.71,471,0.0072736690897017,0.24230882574062326,303
NPL,Nepal,admin2,NP07,Sudurpaschim,NP0770,Doti,51,2026-02-01,2026-02-15,0.21,21,8.53,853,0.1783123559640739,0.3619925150435795,684
NPL,Nepal,admin2,NP07,Sudurpaschim,NP0771,Kailali,51,2026-02-01,2026-02-15,4.04,404,14.16,1416,0.4357761103999981,0.3765267501202246,7194
NPL,Nepal,admin2,NP07,Sudurpaschim,NP0772,Kanchanpur,51,2026-02-01,2026-02-15,3.33,333,26.01,2601,0.5493069895408818,1.411780437219304,3063
NPL,Nepal,admin2,NP07,Sudurpaschim,NP0773,Dadeldhura,51,2026-02-01,2026-02-15,0,0,4.97,497,0,0.30289709292641936,267
NPL,Nepal,admin2,NP07,Sudurpaschim,NP0774,Baitadi,51,2026-02-01,2026-02-15,0.1,10,6.18,618,0.1549513331283519,0.35933216342314617,854
NPL,Nepal,admin2,NP07,Sudurpaschim,NP0775,Darchula,51,2026-02-01,2026-02-15,0.02,2,6.009999999999999,601,0.1473839351510685,0.26449194704817847,786
NPL,Nepal,admin2,NP04,Gandaki,NP0443,Baglung,51,2026-02-01,2026-02-15,0.02,2,1.04,104,0.039493339177315,0.05032304567975769,152
NPL,Nepal,admin2,NP04,Gandaki,NP0442,Parbat,51,2026-02-01,2026-02-15,0,0,0.35000000000000003,35,0,0.07074866514906492,34
NPL,Nepal,admin2,NP04,Gandaki,NP0441,Syangja,51,2026-02-01,2026-02-15,0.1,10,3.31,331,0.1125193433988872,0.28197726783153354,623
NPL,Nepal,admin2,NP04,Gandaki,NP0440,Tanahu,51,2026-02-01,2026-02-15,0.05,5,7.319999999999999,732,0.0369675262752129,0.4141707090247073,714
NPL,Nepal,admin2,NP04,Gandaki,NP0439,Kaski,51,2026-02-01,2026-02-15,0.29,29,10.879999999999999,1088,0.2989003136129185,0.6100572905012585,2700
NPL,Nepal,admin2,NP04,Gandaki,NP0438,Manang,51,2026-02-01,2026-02-15,0,0,0.32,32,0,0.023343616635107464,0
NPL,Nepal,admin2,NP04,Gandaki,NP0436,Gorkha,51,2026-02-01,2026-02-15,0,0,0.6100000000000001,61,0,0.020505264481132747,21
NPL,Nepal,admin2,NP03,Bagmati,NP0335,Chitawan,51,2026-02-01,2026-02-15,0.5,50,14.72,1472,0.111670788559551,0.580259687852566,543
NPL,Nepal,admin2,NP03,Bagmati,NP0331,Makawanpur,51,2026-02-01,2026-02-15,0.11,11,4.35,435,0.0349367930515015,0.16096241083310023,497
NPL,Nepal,admin2,NP03,Bagmati,NP0330,Dhading,51,2026-02-01,2026-02-15,0.05,5,3.7799999999999994,378,0.0282256430963729,0.18161039071443527,521
NPL,Nepal,admin2,NP03,Bagmati,NP0329,Rasuwa,51,2026-02-01,2026-02-15,0,0,5.8100000000000005,581,0,0.41394890603967543,76
NPL,Nepal,admin2,NP03,Bagmati,NP0328,Nuwakot,51,2026-02-01,2026-02-15,0.05,5,2.96,296,0.0428534841058948,0.224687714440133,508
NPL,Nepal,admin2,NP02,Madhesh,NP0219,Sarlahi,51,2026-02-01,2026-02-15,0.16,16,1.5299999999999998,153,0.0206799171546298,0.11144394331089502,232
NPL,Nepal,admin2,NP02,Madhesh,NP0218,Mahottari,51,2026-02-01,2026-02-15,0.75,75,1.4000000000000001,140,0.1268046119616431,0.12771779076269807,1791
NPL,Nepal,admin2,NP02,Madhesh,NP0217,Dhanusha,51,2026-02-01,2026-02-15,0.12,12,0.12,12,0.0168858907787474,0.0168858907787474,161
NPL,Nepal,admin2,NP02,Madhesh,NP0215,Saptari,51,2026-02-01,2026-02-15,1.82,182,16.630000000000003,1663,0.2166876070656689,1.1558720899758652,952
NPL,Nepal,admin2,NP01,Koshi,NP0114,Udayapur,51,2026-02-01,2026-02-15,0.41,41,6.5,650,0.1220710108845775,0.25258203990375666,1332
NPL,Nepal,admin2,NP01,Koshi,NP0113,Okhaldhunga,51,2026-02-01,2026-02-15,0.14,14,1.5800000000000003,158,0.2096770972702038,0.13010706561774985,148
NPL,Nepal,admin2,NP01,Koshi,NP0112,Khotang,51,2026-02-01,2026-02-15,0.1,10,2.5900000000000003,259,0.0618026000717394,0.14453089259473773,200
NPL,Nepal,admin2,NP01,Koshi,NP0111,Solukhumbu,51,2026-02-01,2026-02-15,0,0,3.4200000000000004,342,0,0.09001830372175669,12
NPL,Nepal,admin2,NP01,Koshi,NP0110,Bhojpur,51,2026-02-01,2026-02-15,0.02,2,1.23,123,0.0178455519961649,0.07171372129393362,92
NPL,Nepal,admin2,NP01,Koshi,NP0109,Sankhuwasabha,51,2026-02-01,2026-02-15,0,0,1.54,154,0,0.03971222943009907,4
NPL,Nepal,admin2,NP01,Koshi,NP0108,Terhathum,51,2026-02-01,2026-02-15,0,0,0.26,26,0,0.03681102993930455,20
NPL,Nepal,admin2,NP01,Koshi,NP0107,Dhankuta,51,2026-02-01,2026-02-15,0,0,0.32,32,0,0.0375912797812997,13
NPL,Nepal,admin2,NP01,Koshi,NP0106,Sunsari,51,2026-02-01,2026-02-15,6.5,650,33.08,3308,0.9498748600761262,2.4706467547741178,19507
NPL,Nepal,admin2,NP01,Koshi,NP0105,Morang,51,2026-02-01,2026-02-15,0.58,58,0.9199999999999999,92,0.0564965989162049,0.04828753783861681,327
NPL,Nepal,admin2,NP01,Koshi,NP0104,Jhapa,51,2026-02-01,2026-02-15,0.14,14,0.16,16,0.0120415573369714,0.009310231848961245,21
NPL,Nepal,admin2,NP01,Koshi,NP0102,Panchthar,51,2026-02-01,2026-02-15,0.01,1,3.6399999999999997,364,0.0149951750819001,0.2592399911285295,597
NPL,Nepal,admin2,NP01,Koshi,NP0101,Taplejung,51,2026-02-01,2026-02-15,0,0,6.659999999999999,666,0,0.16202970682011075,6
NPL,Nepal,admin2,NP03,Bagmati,NP0327,Kathmandu,51,2026-02-01,2026-02-15,0,0,0.09,9,0,0.0396487483693479,21
NPL,Nepal,admin2,NP03,Bagmati,NP0325,Lalitpur,51,2026-02-01,2026-02-15,0,0,0.24,24,0,0.0767075226139917,30
NPL,Nepal,admin2,NP03,Bagmati,NP0324,Kabhrepalanchok,51,2026-02-01,2026-02-15,0.05,5,0.76,76,0.0257495075785344,0.04864906589651521,43
NPL,Nepal,admin2,NP03,Bagmati,NP0323,Sindhupalchok,51,2026-02-01,2026-02-15,0,0,3.0500000000000003,305,0,0.11880105562241738,340
NPL,Nepal,admin2,NP03,Bagmati,NP0322,Dolakha,51,2026-02-01,2026-02-15,0.01,1,3.2100000000000004,321,0.0467205816071147,0.13237905910291964,206
NPL,Nepal,admin2,NP03,Bagmati,NP0321,Ramechhap,51,2026-02-01,2026-02-15,0,0,1.13,113,0,0.07071118272017463,45
NPL,Nepal,admin2,NP03,Bagmati,NP0320,Sindhuli,51,2026-02-01,2026-02-15,0.07,7,2.16,216,0.0222499165472317,0.07723857997515769,207
NPL,Nepal,admin2,NP02,Madhesh,NP0234,Parsa,51,2026-02-01,2026-02-15,0.29,29,0.32,32,0.0525590126837442,0.020444360172701993,993
NPL,Nepal,admin2,NP02,Madhesh,NP0233,Bara,51,2026-02-01,2026-02-15,0.15,15,0.16,16,0.0222096519140772,0.011979934666486685,134
NPL,Nepal,admin2,NP02,Madhesh,NP0232,Rautahat,51,2026-02-01,2026-02-15,0.2,20,2.37,237,0.0317502255822399,0.21379015291081074,393
NPL,Nepal,admin2,NP06,Karnali,NP0653,Salyan,51,2026-02-01,2026-02-15,0.06,6,5.879999999999999,588,0.0514766393627394,0.2678657754147877,530
NPL,Nepal,admin2,NP06,Karnali,NP0652,Rukum West,51,2026-02-01,2026-02-15,0.14,14,3.4,340,0.4266313570462291,0.2528747365888157,313
NPL,Nepal,admin2,NP05,Lumbini,NP0558,Bardiya,51,2026-02-01,2026-02-15,0.71,71,8.93,893,0.1077845059995873,0.3949253715656958,402
NPL,Nepal,admin2,NP05,Lumbini,NP0557,Banke,51,2026-02-01,2026-02-15,0.02,2,10.339999999999998,1034,0.003518164836922,0.4954623860861182,652
NPL,Nepal,admin2,NP05,Lumbini,NP0556,Dang,51,2026-02-01,2026-02-15,0,0,0.12,12,0,0.0046167563421294,34
NPL,Nepal,admin2,NP05,Lumbini,NP0555,Pyuthan,51,2026-02-01,2026-02-15,0,0,1.6300000000000001,163,0,0.11554816882492322,227
NPL,Nepal,admin2,NP05,Lumbini,NP0554,Rolpa,51,2026-02-01,2026-02-15,0.03,3,2.3499999999999996,235,0.0534863672688602,0.10956328103604107,303
NPL,Nepal,admin2,NP05,Lumbini,NP0552,Rukum East,51,2026-02-01,2026-02-15,0.01,1,3.8099999999999996,381,0.0964648470748453,0.22562432832899607,254
NPL,Nepal,admin2,NP05,Lumbini,NP0551,Gulmi,51,2026-02-01,2026-02-15,0.08,8,3.2099999999999995,321,0.1166562876881296,0.255256863152447,435
NPL,Nepal,admin2,NP05,Lumbini,NP0549,Kapilbastu,51,2026-02-01,2026-02-15,1.29,129,4.99,499,0.1386563255757587,0.2699296063807119,1265
NPL,Nepal,admin2,NP05,Lumbini,NP0548,Rupandehi,51,2026-02-01,2026-02-15,6.82,682,7.86,786,0.7604492575573553,0.5327292952684877,5584
NPL,Nepal,admin2,NP05,Lumbini,NP0547,Nawalparasi West,51,2026-02-01,2026-02-15,0.27,27,1.5499999999999998,155,0.0635873752877017,0.19420362730611573,253
NPL,Nepal,admin2,NP05,Lumbini,NP0546,Palpa,51,2026-02-01,2026-02-15,0.01,1,6.86,686,0.0089780165343377,0.4154354269358382,957
NPL,Nepal,admin2,NP04,Gandaki,NP0447,Nawalparasi East,51,2026-02-01,2026-02-15,0.36,36,10.5,1050,0.1534962533872008,0.649482803078027,558
NPL,Nepal,admin2,NP04,Gandaki,NP0445,Mustang,51,2026-02-01,2026-02-15,0,0,14.27,1427,0,0.3995960739665137,59
NPL,Nepal,admin2,NP04,Gandaki,NP0444,Myagdi,51,2026-02-01,2026-02-15,0.02,2,1.8,180,0.1758754112380939,0.1050854873874063,270
NPL,Nepal,admin2,NP07,Sudurpaschim,NP0775,Darchula,50,2026-01-16,2026-01-31,0.01,1,4.95,495,0.0736919675755342,0.2533879560614344,640
NPL,Nepal,admin2,NP07,Sudurpaschim,NP0774,Baitadi,50,2026-01-16,2026-01-31,0.04,4,5.48,548,0.0619805332513407,0.31937441194335064,716
NPL,Nepal,admin2,NP07,Sudurpaschim,NP0773,Dadeldhura,50,2026-01-16,2026-01-31,0,0,6.45,645,0,0.3930958248240252,334
NPL,Nepal,admin2,NP07,Sudurpaschim,NP0772,Kanchanpur,50,2026-01-16,2026-01-31,1.43,143,7.68,768,0.2358885871001383,0.4168578914972799,682
NPL,Nepal,admin2,NP07,Sudurpaschim,NP0771,Kailali,50,2026-01-16,2026-01-31,0.42,42,5.439999999999999,544,0.0453034570217819,0.14480983421622742,1470
NPL,Nepal,admin2,NP07,Sudurpaschim,NP0770,Doti,50,2026-01-16,2026-01-31,0.24,24,7.88,788,0.2037855496732273,0.33440809127120835,575
NPL,Nepal,admin2,NP07,Sudurpaschim,NP0769,Achham,50,2026-01-16,2026-01-31,0.12,12,5.31,531,0.0872840290764208,0.2721255528878586,354
NPL,Nepal,admin2,NP07,Sudurpaschim,NP0768,Bajura,50,2026-01-16,2026-01-31,0,0,4.5200000000000005,452,0,0.20065359871950778,180
NPL,Nepal,admin2,NP07,Sudurpaschim,NP0767,Bajhang,50,2026-01-16,2026-01-31,0.13,13,12.459999999999999,1246,0.2684936654933399,0.39595921459328226,1165
NPL,Nepal,admin2,NP06,Karnali,NP0666,Humla,50,2026-01-16,2026-01-31,0,0,13.19,1319,0,0.2174288895631318,103
NPL,Nepal,admin2,NP06,Karnali,NP0665,Mugu,50,2026-01-16,2026-01-31,0,0,24.47,2447,0,0.6563630202243761,631
NPL,Nepal,admin2,NP01,Koshi,NP0108,Terhathum,50,2026-01-16,2026-01-31,0,0,0.56,56,0,0.07891469089811881,42
NPL,Nepal,admin2,NP01,Koshi,NP0107,Dhankuta,50,2026-01-16,2026-01-31,0.23,23,4.86,486,0.2870338513972161,0.4814669415427332,386
NPL,Nepal,admin2,NP01,Koshi,NP0106,Sunsari,50,2026-01-16,2026-01-31,6.8,680,37.17,3717,0.993715238233486,2.7761166830397217,20904
NPL,Nepal,admin2,NP01,Koshi,NP0105,Morang,50,2026-01-16,2026-01-31,0.58,58,0.96,96,0.0564965989162049,0.049477304014850745,330
NPL,Nepal,admin2,NP01,Koshi,NP0104,Jhapa,50,2026-01-16,2026-01-31,0.14,14,0.16,16,0.0120415573369714,0.009310231848961245,21
NPL,Nepal,admin2,NP01,Koshi,NP0103,Ilam,50,2026-01-16,2026-01-31,0.01,1,0.64,64,0.0089139582798787,0.03513315173885526,37
NPL,Nepal,admin2,NP01,Koshi,NP0102,Panchthar,50,2026-01-16,2026-01-31,0.15,15,9.09,909,0.2249276262285017,0.6473877800434982,1474
NPL,Nepal,admin2,NP01,Koshi,NP0101,Taplejung,50,2026-01-16,2026-01-31,0,0,32.50000000000001,3250,0,0.7906855062542959,33
NPL,Nepal,admin2,NP01,Koshi,NP0109,Sankhuwasabha,50,2026-01-16,2026-01-31,0,0,13.059999999999999,1306,0,0.3367803352968152,120
NPL,Nepal,admin2,NP01,Koshi,NP0110,Bhojpur,50,2026-01-16,2026-01-31,0.06,6,1.6000000000000003,160,0.0535366559884948,0.09310657197302323,96
NPL,Nepal,admin2,NP01,Koshi,NP0111,Solukhumbu,50,2026-01-16,2026-01-31,0,0,21.540000000000003,2154,0,0.5669573865984331,70
NPL,Nepal,admin2,NP01,Koshi,NP0112,Khotang,50,2026-01-16,2026-01-31,0.15,15,3.9699999999999998,397,0.0927039001076092,0.2215396307340189,281
NPL,Nepal,admin2,NP01,Koshi,NP0113,Okhaldhunga,50,2026-01-16,2026-01-31,0.39,39,3.8999999999999995,390,0.5841004852527107,0.32072790431453024,441
NPL,Nepal,admin2,NP06,Karnali,NP0659,Surkhet,50,2026-01-16,2026-01-31,0.14,14,27.21,2721,0.0685648173755923,0.9659766499990184,738
NPL,Nepal,admin2,NP06,Karnali,NP0653,Salyan,50,2026-01-16,2026-01-31,0.1,10,8.89,889,0.085794398937899,0.404987541400929,852
NPL,Nepal,admin2,NP06,Karnali,NP0652,Rukum West,50,2026-01-16,2026-01-31,0.12,12,7.5,750,0.3656840203253392,0.5412182325767978,345
NPL,Nepal,admin2,NP05,Lumbini,NP0558,Bardiya,50,2026-01-16,2026-01-31,0.32,32,1.8,180,0.0485789322815041,0.08066117277971153,108
NPL,Nepal,admin2,NP05,Lumbini,NP0557,Banke,50,2026-01-16,2026-01-31,0,0,0.97,97,0,0.06603055584994412,200
NPL,Nepal,admin2,NP05,Lumbini,NP0556,Dang,50,2026-01-16,2026-01-31,0,0,1.84,184,0,0.06736263137848704,91
NPL,Nepal,admin2,NP05,Lumbini,NP0555,Pyuthan,50,2026-01-16,2026-01-31,0.09,9,2.1699999999999995,217,0.1032654376204764,0.1457633059428623,297
NPL,Nepal,admin2,NP05,Lumbini,NP0554,Rolpa,50,2026-01-16,2026-01-31,0.03,3,1.8699999999999999,187,0.0534863672688602,0.08718439810101998,201
NPL,Nepal,admin2,NP05,Lumbini,NP0552,Rukum East,50,2026-01-16,2026-01-31,0,0,5.389999999999999,539,0,0.2874520693621033,289
NPL,Nepal,admin2,NP05,Lumbini,NP0551,Gulmi,50,2026-01-16,2026-01-31,0.12,12,4.88,488,0.1749844315321945,0.38805404740932764,822
NPL,Nepal,admin2,NP05,Lumbini,NP0550,Arghakhanchi,50,2026-01-16,2026-01-31,0.03,3,1.22,122,0.0436960582157157,0.09155965111269979,156
NPL,Nepal,admin2,NP05,Lumbini,NP0549,Kapilbastu,50,2026-01-16,2026-01-31,0.8,80,4.28,428,0.0859884189617108,0.2315227886391677,865
NPL,Nepal,admin2,NP05,Lumbini,NP0548,Rupandehi,50,2026-01-16,2026-01-31,4.47,447,4.709999999999999,471,0.4984176218887651,0.3286382792657849,4477
NPL,Nepal,admin2,NP05,Lumbini,NP0547,Nawalparasi West,50,2026-01-16,2026-01-31,1.03,103,5.55,555,0.2425740612827139,0.6953742784186725,1278
NPL,Nepal,admin2,NP05,Lumbini,NP0546,Palpa,50,2026-01-16,2026-01-31,0.16,16,12.189999999999998,1219,0.1436482645494038,0.7345815504743286,1763
NPL,Nepal,admin2,NP04,Gandaki,NP0447,Nawalparasi East,50,2026-01-16,2026-01-31,0.49,49,15.530000000000001,1553,0.2089254559992455,0.9606159935049297,1014
NPL,Nepal,admin2,NP04,Gandaki,NP0445,Mustang,50,2026-01-16,2026-01-31,0,0,17.41,1741,0,0.4261072752023652,36
NPL,Nepal,admin2,NP04,Gandaki,NP0444,Myagdi,50,2026-01-16,2026-01-31,0.06,6,2.96,296,0.5276262337142817,0.17216589739820334,353
NPL,Nepal,admin2,NP04,Gandaki,NP0443,Baglung,50,2026-01-16,2026-01-31,0.07,7,2.3899999999999997,239,0.1382266871206026,0.11483734052434218,433
NPL,Nepal,admin2,NP04,Gandaki,NP0442,Parbat,50,2026-01-16,2026-01-31,0,0,0.6900000000000001,69,0,0.12246830110399655,47
NPL,Nepal,admin2,NP04,Gandaki,NP0441,Syangja,50,2026-01-16,2026-01-31,0.14,14,5.5,550,0.1575270807584421,0.46854228793759367,983
NPL,Nepal,admin2,NP04,Gandaki,NP0440,Tanahu,50,2026-01-16,2026-01-31,0.12,12,17.439999999999998,1744,0.088722063060511,0.9762018316164658,1803
NPL,Nepal,admin2,NP04,Gandaki,NP0439,Kaski,50,2026-01-16,2026-01-31,0.34,34,11.95,1195,0.350434850442732,0.6700537335928348,2842
NPL,Nepal,admin2,NP04,Gandaki,NP0438,Manang,50,2026-01-16,2026-01-31,0,0,6.42,642,0,0.24184546749743738,7
NPL,Nepal,admin2,NP04,Gandaki,NP0437,Lamjung,50,2026-01-16,2026-01-31,0.02,2,0.8900000000000001,89,0.049418987744091,0.048718041463893885,54
NPL,Nepal,admin2,NP04,Gandaki,NP0436,Gorkha,50,2026-01-16,2026-01-31,0,0,4.55,455,0,0.11221079137346045,157
NPL,Nepal,admin2,NP03,Bagmati,NP0335,Chitawan,50,2026-01-16,2026-01-31,1.4,140,30.7,3070,0.312678207966743,1.2100834007688646,2408
NPL,Nepal,admin2,NP03,Bagmati,NP0331,Makawanpur,50,2026-01-16,2026-01-31,0.31,31,7.9399999999999995,794,0.0984582349633226,0.2917585914453734,942
NPL,Nepal,admin2,NP03,Bagmati,NP0330,Dhading,50,2026-01-16,2026-01-31,0.43,43,15.82,1582,0.2427405306288074,0.7569602827306043,2193
NPL,Nepal,admin2,NP03,Bagmati,NP0329,Rasuwa,50,2026-01-16,2026-01-31,0,0,18.150000000000002,1815,0,1.0647123823824374,226
NPL,Nepal,admin2,NP03,Bagmati,NP0328,Nuwakot,50,2026-01-16,2026-01-31,0.21,21,10.140000000000002,1014,0.1799846332447584,0.7697072379807262,1490
NPL,Nepal,admin2,NP03,Bagmati,NP0327,Kathmandu,50,2026-01-16,2026-01-31,0,0,0.53,53,0,0.13329849720369025,1139
NPL,Nepal,admin2,NP03,Bagmati,NP0325,Lalitpur,50,2026-01-16,2026-01-31,0.04,4,1.88,188,0.06242464671934,0.4596214766907482,205
NPL,Nepal,admin2,NP03,Bagmati,NP0324,Kabhrepalanchok,50,2026-01-16,2026-01-31,0.14,14,3.4299999999999997,343,0.0720986212198965,0.21737553358778167,195
NPL,Nepal,admin2,NP03,Bagmati,NP0323,Sindhupalchok,50,2026-01-16,2026-01-31,0.04,4,4.319999999999999,432,0.0689083964205465,0.17222078166410226,607
NPL,Nepal,admin2,NP03,Bagmati,NP0322,Dolakha,50,2026-01-16,2026-01-31,0.01,1,18.66,1866,0.0467205816071147,0.7673399922032333,865
NPL,Nepal,admin2,NP03,Bagmati,NP0321,Ramechhap,50,2026-01-16,2026-01-31,0,0,3.3299999999999996,333,0,0.2083789720868864,88
NPL,Nepal,admin2,NP03,Bagmati,NP0320,Sindhuli,50,2026-01-16,2026-01-31,0.66,66,5.57,557,0.2097849274453281,0.19917541225075386,534
NPL,Nepal,admin2,NP02,Madhesh,NP0234,Parsa,50,2026-01-16,2026-01-31,0.38,38,0.48,48,0.068870430413182,0.030666540259053868,1563
NPL,Nepal,admin2,NP02,Madhesh,NP0233,Bara,50,2026-01-16,2026-01-31,0.26,26,0.6000000000000001,60,0.0384967299844004,0.042659689437460874,448
NPL,Nepal,admin2,NP02,Madhesh,NP0232,Rautahat,50,2026-01-16,2026-01-31,0.08,8,2.25,225,0.0127000902328959,0.20296533504190836,312
NPL,Nepal,admin2,NP02,Madhesh,NP0219,Sarlahi,50,2026-01-16,2026-01-31,0.68,68,2.29,229,0.087889647907177,0.16096982257566805,490
NPL,Nepal,admin2,NP02,Madhesh,NP0218,Mahottari,50,2026-01-16,2026-01-31,0.98,98,1.68,168,0.1656913596298804,0.1532613489152378,2106
NPL,Nepal,admin2,NP02,Madhesh,NP0217,Dhanusha,50,2026-01-16,2026-01-31,0.12,12,0.12,12,0.0168858907787474,0.0168858907787474,161
NPL,Nepal,admin2,NP02,Madhesh,NP0215,Saptari,50,2026-01-16,2026-01-31,2.02,202,18.6,1860,0.2404994320179402,1.2927974067078227,1087
NPL,Nepal,admin2,NP01,Koshi,NP0114,Udayapur,50,2026-01-16,2026-01-31,0.5,50,17.810000000000002,1781,0.1488670864446068,0.6920747893362936,2124
NPL,Nepal,admin2,NP06,Karnali,NP0660,Jajarkot,50,2026-01-16,2026-01-31,0,0,1.98,198,0,0.08361733804593517,203
NPL,Nepal,admin2,NP06,Karnali,NP0661,Dailekh,50,2026-01-16,2026-01-31,0.16,16,6.31,631,0.1466584518762576,0.3723055569702004,881
NPL,Nepal,admin2,NP06,Karnali,NP0662,Dolpa,50,2026-01-16,2026-01-31,0,0,28.07,2807,0,0.3360541330609012,324
NPL,Nepal,admin2,NP06,Karnali,NP0663,Jumla,50,2026-01-16,2026-01-31,0,0,5.289999999999999,529,0,0.2130453497812334,289
NPL,Nepal,admin2,NP06,Karnali,NP0664,Kalikot,50,2026-01-16,2026-01-31,0.09,9,8.21,821,0.3772059149832106,0.4370109250121982,234
NPL,Nepal,admin2,NP01,Koshi,NP0101,Taplejung,49,2026-01-01,2026-01-15,0,0,38.7,3870,0,0.9415239720628079,102
NPL,Nepal,admin2,NP01,Koshi,NP0102,Panchthar,49,2026-01-01,2026-01-15,0.25,25,15.14,1514,0.3748793770475028,1.0782674356280046,2021
NPL,Nepal,admin2,NP01,Koshi,NP0103,Ilam,49,2026-01-01,2026-01-15,0,0,0.93,93,0,0.054403218486605884,61
NPL,Nepal,admin2,NP01,Koshi,NP0106,Sunsari,49,2026-01-01,2026-01-15,6.17,617,37.52,3752,0.9016504441030306,2.8022571414487585,20549
NPL,Nepal,admin2,NP01,Koshi,NP0107,Dhankuta,49,2026-01-01,2026-01-15,0.27,27,9.219999999999999,922,0.3369527820749928,0.9106419380765788,681
NPL,Nepal,admin2,NP01,Koshi,NP0108,Terhathum,49,2026-01-01,2026-01-15,0.01,1,1.42,142,0.0219077434852384,0.1880114823560492,108
NPL,Nepal,admin2,NP01,Koshi,NP0109,Sankhuwasabha,49,2026-01-01,2026-01-15,0,0,14.490000000000002,1449,0,0.3725078997695209,183
NPL,Nepal,admin2,NP01,Koshi,NP0110,Bhojpur,49,2026-01-01,2026-01-15,0.17,17,4.739999999999998,474,0.1516871919674021,0.27582019425984106,316
NPL,Nepal,admin2,NP01,Koshi,NP0111,Solukhumbu,49,2026-01-01,2026-01-15,0,0,34.54,3454,0,0.9091322253068653,114
NPL,Nepal,admin2,NP01,Koshi,NP0112,Khotang,49,2026-01-01,2026-01-15,0.41,41,8.23,823,0.2533906602941319,0.45926225716397384,651
NPL,Nepal,admin2,NP01,Koshi,NP0113,Okhaldhunga,49,2026-01-01,2026-01-15,0.72,72,8.07,807,1.0783393573896198,0.6645341895792668,798
NPL,Nepal,admin2,NP01,Koshi,NP0114,Udayapur,49,2026-01-01,2026-01-15,1.1,110,32.580000000000005,3258,0.3275075901781349,1.2599933171625186,3871
NPL,Nepal,admin2,NP02,Madhesh,NP0215,Saptari,49,2026-01-01,2026-01-15,1.95,195,16.09,1609,0.2321652932846452,1.1183392620391863,1012
NPL,Nepal,admin2,NP02,Madhesh,NP0218,Mahottari,49,2026-01-01,2026-01-15,0.38,38,0.4,40,0.0642476700605658,0.03810009612430076,476
NPL,Nepal,admin2,NP02,Madhesh,NP0219,Sarlahi,49,2026-01-01,2026-01-15,0.14,14,0.24000000000000002,24,0.0180949275103011,0.017926460387003917,71
NPL,Nepal,admin2,NP02,Madhesh,NP0234,Parsa,49,2026-01-01,2026-01-15,0.29,29,0.32,32,0.0525590126837442,0.020444360172701993,993
NPL,Nepal,admin2,NP03,Bagmati,NP0320,Sindhuli,49,2026-01-01,2026-01-15,1.76,176,18.110000000000003,1811,0.5594264731875417,0.6460279614885329,1751
NPL,Nepal,admin2,NP03,Bagmati,NP0321,Ramechhap,49,2026-01-01,2026-01-15,0.18,18,6.999999999999999,700,0.1569985435734236,0.3960737530599749,348
NPL,Nepal,admin2,NP03,Bagmati,NP0322,Dolakha,49,2026-01-01,2026-01-15,0.02,2,25.54,2554,0.0934411632142294,1.050260632415358,791
NPL,Nepal,admin2,NP03,Bagmati,NP0323,Sindhupalchok,49,2026-01-01,2026-01-15,0.22,22,9.719999999999999,972,0.3789961803130062,0.36802528170059085,935
NPL,Nepal,admin2,NP03,Bagmati,NP0324,Kabhrepalanchok,49,2026-01-01,2026-01-15,0.3,30,5.949999999999998,595,0.1544970454712068,0.3799316936777711,299
NPL,Nepal,admin2,NP03,Bagmati,NP0325,Lalitpur,49,2026-01-01,2026-01-15,0.02,2,1.61,161,0.03121232335967,0.390637637087121,266
NPL,Nepal,admin2,NP03,Bagmati,NP0327,Kathmandu,49,2026-01-01,2026-01-15,0,0,1.04,104,0,0.26156686243743,2237
NPL,Nepal,admin2,NP03,Bagmati,NP0328,Nuwakot,49,2026-01-01,2026-01-15,0.14,14,9.15,915,0.1199897554965056,0.6945583064618979,1348
NPL,Nepal,admin2,NP03,Bagmati,NP0329,Rasuwa,49,2026-01-01,2026-01-15,0,0,36.349999999999994,3635,0,2.129714177503316,394
NPL,Nepal,admin2,NP03,Bagmati,NP0330,Dhading,49,2026-01-01,2026-01-15,0.4,40,16.48,1648,0.2258051447709836,0.8189410319194854,2402
NPL,Nepal,admin2,NP03,Bagmati,NP0331,Makawanpur,49,2026-01-01,2026-01-15,0.68,68,10.93,1093,0.2159729025001915,0.401627380919135,1301
NPL,Nepal,admin2,NP03,Bagmati,NP0335,Chitawan,49,2026-01-01,2026-01-15,1.26,126,25.57,2557,0.2814103871700687,1.0079646887493288,2535
NPL,Nepal,admin2,NP04,Gandaki,NP0436,Gorkha,49,2026-01-01,2026-01-15,0.02,2,19.870000000000005,1987,0.0209807557103651,0.47877280858456456,399
NPL,Nepal,admin2,NP04,Gandaki,NP0437,Lamjung,49,2026-01-01,2026-01-15,0,0,3.26,326,0,0.18293795584296285,39
NPL,Nepal,admin2,NP04,Gandaki,NP0438,Manang,49,2026-01-01,2026-01-15,0,0,19.85,1985,0,0.7477620762965937,39
NPL,Nepal,admin2,NP04,Gandaki,NP0439,Kaski,49,2026-01-01,2026-01-15,0.37,37,14.759999999999998,1476,0.3813555725406201,0.7157287798292332,3503
NPL,Nepal,admin2,NP04,Gandaki,NP0440,Tanahu,49,2026-01-01,2026-01-15,0.13,13,19.47,1947,0.0961155683155536,1.0898308292186116,1971
NPL,Nepal,admin2,NP04,Gandaki,NP0441,Syangja,49,2026-01-01,2026-01-15,0.36,36,4.889999999999999,489,0.4050696362359941,0.41470793562982544,946
NPL,Nepal,admin2,NP04,Gandaki,NP0442,Parbat,49,2026-01-01,2026-01-15,0,0,1.05,105,0,0.186364806027821,68
NPL,Nepal,admin2,NP04,Gandaki,NP0443,Baglung,49,2026-01-01,2026-01-15,0.02,2,5.739999999999999,574,0.039493339177315,0.27415581100559605,575
NPL,Nepal,admin2,NP04,Gandaki,NP0444,Myagdi,49,2026-01-01,2026-01-15,0.02,2,5.869999999999999,587,0.1758754112380939,0.22481779035134647,193
NPL,Nepal,admin2,NP04,Gandaki,NP0445,Mustang,49,2026-01-01,2026-01-15,0,0,88.08000000000001,8808,0,2.1551916255082113,147
NPL,Nepal,admin2,NP04,Gandaki,NP0447,Nawalparasi East,49,2026-01-01,2026-01-15,0.38,38,13.21,1321,0.162023823019823,0.8171112217772132,730
NPL,Nepal,admin2,NP05,Lumbini,NP0546,Palpa,49,2026-01-01,2026-01-15,0.13,13,14.06,1406,0.1167142149463906,0.8499026581379471,1966
NPL,Nepal,admin2,NP05,Lumbini,NP0547,Nawalparasi West,49,2026-01-01,2026-01-15,0.54,54,3.4299999999999997,343,0.1271747505754034,0.4297538333290172,571
NPL,Nepal,admin2,NP05,Lumbini,NP0549,Kapilbastu,49,2026-01-01,2026-01-15,0.51,51,1.73,173,0.0548176170880906,0.0935828094265793,501
NPL,Nepal,admin2,NP05,Lumbini,NP0550,Arghakhanchi,49,2026-01-01,2026-01-15,0.05,5,2.2099999999999995,221,0.0728267636928595,0.15790082432888136,244
NPL,Nepal,admin2,NP05,Lumbini,NP0551,Gulmi,49,2026-01-01,2026-01-15,0.22,22,9.49,949,0.3208047911423566,0.7546378913759261,1280
NPL,Nepal,admin2,NP05,Lumbini,NP0552,Rukum East,49,2026-01-01,2026-01-15,0.02,2,8.319999999999999,832,0.1929296941496907,0.44127123136824437,273
NPL,Nepal,admin2,NP05,Lumbini,NP0554,Rolpa,49,2026-01-01,2026-01-15,0.04,4,4.609999999999999,461,0.0713151563584803,0.21493052152176595,453
NPL,Nepal,admin2,NP05,Lumbini,NP0555,Pyuthan,49,2026-01-01,2026-01-15,0.12,12,5.44,544,0.1376872501606352,0.36319423358986913,764
NPL,Nepal,admin2,NP05,Lumbini,NP0556,Dang,49,2026-01-01,2026-01-15,0.04,4,4.72,472,0.0064942552263951,0.1410043809063008,378
NPL,Nepal,admin2,NP05,Lumbini,NP0557,Banke,49,2026-01-01,2026-01-15,0,0,1,100,0,0.06618556251498904,159
NPL,Nepal,admin2,NP05,Lumbini,NP0558,Bardiya,49,2026-01-01,2026-01-15,0.17,17,1.6999999999999997,170,0.025807557774549,0.07665948419467104,61
NPL,Nepal,admin2,NP06,Karnali,NP0652,Rukum West,49,2026-01-01,2026-01-15,0.13,13,22.58,2258,0.3961576886857842,1.6294276922112125,881
NPL,Nepal,admin2,NP06,Karnali,NP0653,Salyan,49,2026-01-01,2026-01-15,0.23,23,11.439999999999998,1144,0.1973271175571677,0.5205633311813304,1014
NPL,Nepal,admin2,NP06,Karnali,NP0659,Surkhet,49,2026-01-01,2026-01-15,0.27,27,39.06,3906,0.1322321477957851,1.3793853386473873,1003
NPL,Nepal,admin2,NP06,Karnali,NP0660,Jajarkot,49,2026-01-01,2026-01-15,0.06,6,5.3999999999999995,540,0.1179421636297201,0.21217516244574197,511
NPL,Nepal,admin2,NP06,Karnali,NP0661,Dailekh,49,2026-01-01,2026-01-15,0.31,31,9.29,929,0.2841507505102492,0.5461975776444656,1409
NPL,Nepal,admin2,NP06,Karnali,NP0662,Dolpa,49,2026-01-01,2026-01-15,0.02,2,171.23,17123,1.0869565217391304,1.8753879180420565,947
NPL,Nepal,admin2,NP06,Karnali,NP0663,Jumla,49,2026-01-01,2026-01-15,0,0,26.61,2661,0,0.9160676776174029,681
NPL,Nepal,admin2,NP06,Karnali,NP0664,Kalikot,49,2026-01-01,2026-01-15,0.19,19,16.32,1632,0.7963235982978891,0.868698939853724,326
NPL,Nepal,admin2,NP06,Karnali,NP0665,Mugu,49,2026-01-01,2026-01-15,0,0,110.96,11096,0,2.9762991713975024,1180
NPL,Nepal,admin2,NP06,Karnali,NP0666,Humla,49,2026-01-01,2026-01-15,0,0,161.54,16154,0,2.3205541654174566,594
NPL,Nepal,admin2,NP07,Sudurpaschim,NP0767,Bajhang,49,2026-01-01,2026-01-15,0.24,24,30.759999999999998,3076,0.4956806132184737,0.7716829524878217,2641
NPL,Nepal,admin2,NP07,Sudurpaschim,NP0768,Bajura,49,2026-01-01,2026-01-15,0,0,13.21,1321,0,0.5038769001157444,408
NPL,Nepal,admin2,NP07,Sudurpaschim,NP0769,Achham,49,2026-01-01,2026-01-15,0.02,2,6.409999999999999,641,0.0145473381794034,0.3284475813695194,344
NPL,Nepal,admin2,NP07,Sudurpaschim,NP0770,Doti,49,2026-01-01,2026-01-15,0.26,26,13.189999999999998,1319,0.2207676788126629,0.5597516147039641,1130
NPL,Nepal,admin2,NP07,Sudurpaschim,NP0771,Kailali,49,2026-01-01,2026-01-15,0.11,11,3.86,386,0.0118651911247524,0.10605774286495796,405
NPL,Nepal,admin2,NP07,Sudurpaschim,NP0772,Kanchanpur,49,2026-01-01,2026-01-15,0,0,0.01,1,0,0.0008866416483050703,0
NPL,Nepal,admin2,NP07,Sudurpaschim,NP0773,Dadeldhura,49,2026-01-01,2026-01-15,0,0,2.6599999999999993,266,0,0.1621139370592103,130
NPL,Nepal,admin2,NP07,Sudurpaschim,NP0774,Baitadi,49,2026-01-01,2026-01-15,0.03,3,7.33,733,0.0464853999385055,0.4261981808886183,921
NPL,Nepal,admin2,NP07,Sudurpaschim,NP0775,Darchula,49,2026-01-01,2026-01-15,0.03,3,46.699999999999996,4670,0.2210759027266028,1.725322662937917,1136
NPL,Nepal,admin2,NP01,Koshi,NP0101,Taplejung,48,2025-12-16,2025-12-31,0,0,64.49000000000001,6449,0,1.5689633322566017,222
NPL,Nepal,admin2,NP01,Koshi,NP0102,Panchthar,48,2025-12-16,2025-12-31,0.39,39,26.870000000000005,2687,0.5848118281941045,1.9136754290174691,2853
NPL,Nepal,admin2,NP01,Koshi,NP0103,Ilam,48,2025-12-16,2025-12-31,0,0,1.6400000000000001,164,0,0.09298445825480309,102
NPL,Nepal,admin2,NP01,Koshi,NP0104,Jhapa,48,2025-12-16,2025-12-31,0.21,21,0.4,40,0.0180623360054572,0.02335282080439613,102
NPL,Nepal,admin2,NP01,Koshi,NP0105,Morang,48,2025-12-16,2025-12-31,3.78,378,5.79,579,0.3682019722469911,0.28292826432377394,3823
NPL,Nepal,admin2,NP01,Koshi,NP0106,Sunsari,48,2025-12-16,2025-12-31,9.29,929,49.89,4989,1.357590376939571,3.7261356286481493,31648
NPL,Nepal,admin2,NP01,Koshi,NP0107,Dhankuta,48,2025-12-16,2025-12-31,0.38,38,17.610000000000003,1761,0.4742298414388788,1.73930634810505,1565
NPL,Nepal,admin2,NP01,Koshi,NP0108,Terhathum,48,2025-12-16,2025-12-31,0.25,25,5.72,572,0.547693587130962,0.7573420275187336,434
NPL,Nepal,admin2,NP01,Koshi,NP0109,Sankhuwasabha,48,2025-12-16,2025-12-31,0.03,3,43.9,4390,0.07881893179226,1.1176420575021029,470
NPL,Nepal,admin2,NP01,Koshi,NP0110,Bhojpur,48,2025-12-16,2025-12-31,0.36,36,14.75,1475,0.3212199359309692,0.8583262103763077,987
NPL,Nepal,admin2,NP01,Koshi,NP0111,Solukhumbu,48,2025-12-16,2025-12-31,0,0,44.449999999999996,4445,0,1.169974736968447,155
NPL,Nepal,admin2,NP01,Koshi,NP0112,Khotang,48,2025-12-16,2025-12-31,1.72,172,16.19,1619,1.063004721233919,0.903457587300697,1477
NPL,Nepal,admin2,NP01,Koshi,NP0113,Okhaldhunga,48,2025-12-16,2025-12-31,1.05,105,14.219999999999999,1422,1.572578229526529,1.1694232818852877,1410
NPL,Nepal,admin2,NP01,Koshi,NP0114,Udayapur,48,2025-12-16,2025-12-31,2.03,203,60.54000000000001,6054,0.6044003709651036,2.34131354883422,6600
NPL,Nepal,admin2,NP02,Madhesh,NP0215,Saptari,48,2025-12-16,2025-12-31,7.38,738,31.86,3186,0.8786563407388114,2.214436848264045,4486
NPL,Nepal,admin2,NP02,Madhesh,NP0218,Mahottari,48,2025-12-16,2025-12-31,0.69,69,0.84,84,0.1166602430047117,0.07673638094031658,1020
NPL,Nepal,admin2,NP02,Madhesh,NP0219,Sarlahi,48,2025-12-16,2025-12-31,0.62,62,1.22,122,0.0801346789741908,0.08571383465098711,445
NPL,Nepal,admin2,NP02,Madhesh,NP0234,Parsa,48,2025-12-16,2025-12-31,0.29,29,0.32,32,0.0525590126837442,0.020444360172701993,993
NPL,Nepal,admin2,NP03,Bagmati,NP0320,Sindhuli,48,2025-12-16,2025-12-31,3.6,360,30.610000000000003,3061,1.1442814224290627,1.0919335119361673,3070
NPL,Nepal,admin2,NP03,Bagmati,NP0321,Ramechhap,48,2025-12-16,2025-12-31,0.89,89,13.770000000000001,1377,0.7762705765574834,0.7778413644445367,1020
NPL,Nepal,admin2,NP03,Bagmati,NP0322,Dolakha,48,2025-12-16,2025-12-31,0.02,2,40.49,4049,0.0934411632142294,1.662387507544176,1748
NPL,Nepal,admin2,NP03,Bagmati,NP0323,Sindhupalchok,48,2025-12-16,2025-12-31,0.47,47,21.439999999999998,2144,0.8096736579414225,0.7577372335198211,2272
NPL,Nepal,admin2,NP03,Bagmati,NP0324,Kabhrepalanchok,48,2025-12-16,2025-12-31,0.85,85,14.229999999999999,1423,0.4377416288350861,0.9018232778291937,893
NPL,Nepal,admin2,NP03,Bagmati,NP0325,Lalitpur,48,2025-12-16,2025-12-31,0.23,23,6.26,626,0.3589417186362053,1.394186826973842,746
NPL,Nepal,admin2,NP03,Bagmati,NP0326,Bhaktapur,48,2025-12-16,2025-12-31,0,0,0.12000000000000001,12,0,0.20270471685926925,12
NPL,Nepal,admin2,NP03,Bagmati,NP0327,Kathmandu,48,2025-12-16,2025-12-31,0,0,0.49,49,0,0.2158654077886724,900
NPL,Nepal,admin2,NP03,Bagmati,NP0328,Nuwakot,48,2025-12-16,2025-12-31,0.88,88,15.35,1535,0.7542213202637499,1.132718918386767,2555
NPL,Nepal,admin2,NP03,Bagmati,NP0329,Rasuwa,48,2025-12-16,2025-12-31,0.04,4,51.39000000000001,5139,1.8060129607988955,3.0107202220725084,792
NPL,Nepal,admin2,NP03,Bagmati,NP0330,Dhading,48,2025-12-16,2025-12-31,0.84,84,25.5,2550,0.4741908040190656,1.1975373879828317,3900
NPL,Nepal,admin2,NP03,Bagmati,NP0331,Makawanpur,48,2025-12-16,2025-12-31,1.08,108,20.09,2009,0.3430157863238336,0.7266926003275381,2187
NPL,Nepal,admin2,NP03,Bagmati,NP0335,Chitawan,48,2025-12-16,2025-12-31,3.93,393,52.35,5235,0.8777323980780716,2.063448404894139,5516
NPL,Nepal,admin2,NP04,Gandaki,NP0436,Gorkha,48,2025-12-16,2025-12-31,0.14,14,32.7,3270,0.1468652899725563,0.786633852662616,860
NPL,Nepal,admin2,NP04,Gandaki,NP0437,Lamjung,48,2025-12-16,2025-12-31,0.02,2,5.6000000000000005,560,0.049418987744091,0.3065404856155124,136
NPL,Nepal,admin2,NP04,Gandaki,NP0438,Manang,48,2025-12-16,2025-12-31,0,0,24.809999999999995,2481,0,0.9346084187868267,42
NPL,Nepal,admin2,NP04,Gandaki,NP0439,Kaski,48,2025-12-16,2025-12-31,0.42,42,17.76,1776,0.4328901093704337,0.8612021090628175,3586
NPL,Nepal,admin2,NP04,Gandaki,NP0440,Tanahu,48,2025-12-16,2025-12-31,0.86,86,37.82,3782,0.6358414519336625,2.116969797691212,4129
NPL,Nepal,admin2,NP04,Gandaki,NP0441,Syangja,48,2025-12-16,2025-12-31,0.68,68,15.149999999999999,1515,0.7651315351124334,1.2848313343132634,4068
NPL,Nepal,admin2,NP04,Gandaki,NP0442,Parbat,48,2025-12-16,2025-12-31,0.05,5,1.9100000000000001,191,0.1008886908920854,0.3101308586030606,138
NPL,Nepal,admin2,NP04,Gandaki,NP0443,Baglung,48,2025-12-16,2025-12-31,0.06,6,7.9799999999999995,798,0.1184800175319451,0.38114344456875554,789
NPL,Nepal,admin2,NP04,Gandaki,NP0444,Myagdi,48,2025-12-16,2025-12-31,0.04,4,8.34,834,0.3517508224761878,0.31941743978368475,303
NPL,Nepal,admin2,NP04,Gandaki,NP0445,Mustang,48,2025-12-16,2025-12-31,0,0,65.02000000000001,6502,0,1.5913552575334746,138
NPL,Nepal,admin2,NP04,Gandaki,NP0447,Nawalparasi East,48,2025-12-16,2025-12-31,1.58,158,27.8,2780,0.673678000977159,1.7195830405303956,2295
NPL,Nepal,admin2,NP05,Lumbini,NP0546,Palpa,48,2025-12-16,2025-12-31,0.85,85,19.47,1947,0.763131405418708,1.1790856796560891,3144
NPL,Nepal,admin2,NP05,Lumbini,NP0547,Nawalparasi West,48,2025-12-16,2025-12-31,2.25,225,9.31,931,0.5298947940641808,1.1650642953249168,2134
NPL,Nepal,admin2,NP05,Lumbini,NP0548,Rupandehi,48,2025-12-16,2025-12-31,0.06,6,0.28,28,0.0066901694213257,0.020049224496558042,50
NPL,Nepal,admin2,NP05,Lumbini,NP0549,Kapilbastu,48,2025-12-16,2025-12-31,1.04,104,4.08,408,0.111784944650224,0.22070396674014114,1121
NPL,Nepal,admin2,NP05,Lumbini,NP0550,Arghakhanchi,48,2025-12-16,2025-12-31,0.14,14,2.99,299,0.2039149383400067,0.21390743100864612,468
NPL,Nepal,admin2,NP05,Lumbini,NP0551,Gulmi,48,2025-12-16,2025-12-31,0.38,38,12.559999999999999,1256,0.554117366518616,0.9967418851803642,2005
NPL,Nepal,admin2,NP05,Lumbini,NP0552,Rukum East,48,2025-12-16,2025-12-31,0.07,7,9.45,945,0.6752539295239175,0.49124677647014864,263
NPL,Nepal,admin2,NP05,Lumbini,NP0554,Rolpa,48,2025-12-16,2025-12-31,0,0,1.97,197,0,0.09431297014269317,160
NPL,Nepal,admin2,NP05,Lumbini,NP0555,Pyuthan,48,2025-12-16,2025-12-31,0.21,21,7.68,768,0.2409526877811116,0.5116979844784947,981
NPL,Nepal,admin2,NP05,Lumbini,NP0556,Dang,48,2025-12-16,2025-12-31,0,0,1.7300000000000002,173,0,0.0633355175460774,128
NPL,Nepal,admin2,NP05,Lumbini,NP0557,Banke,48,2025-12-16,2025-12-31,0.8,80,4.819999999999999,482,0.1407265934768808,0.2285580057662223,775
NPL,Nepal,admin2,NP05,Lumbini,NP0558,Bardiya,48,2025-12-16,2025-12-31,0.61,61,3.15,315,0.0926035896616173,0.13930738190727232,367
NPL,Nepal,admin2,NP06,Karnali,NP0652,Rukum West,48,2025-12-16,2025-12-31,0.2,20,17.11,1711,0.6094733672088988,1.2346991945852013,948
NPL,Nepal,admin2,NP06,Karnali,NP0653,Salyan,48,2025-12-16,2025-12-31,0.32,32,11.43,1143,0.2745420766012768,0.5178257009332667,1005
NPL,Nepal,admin2,NP06,Karnali,NP0659,Surkhet,48,2025-12-16,2025-12-31,0.26,26,43.03999999999999,4304,0.1273346608403857,1.514187394514106,1140
NPL,Nepal,admin2,NP06,Karnali,NP0660,Jajarkot,48,2025-12-16,2025-12-31,0.11,11,4.749999999999999,475,0.2162272999878203,0.18658349379128697,423
NPL,Nepal,admin2,NP06,Karnali,NP0661,Dailekh,48,2025-12-16,2025-12-31,0.32,32,11.18,1118,0.2933169037525153,0.6573185057120694,1659
NPL,Nepal,admin2,NP06,Karnali,NP0662,Dolpa,48,2025-12-16,2025-12-31,0,0,138.81,13881,0,1.5205409928277338,1040
NPL,Nepal,admin2,NP06,Karnali,NP0663,Jumla,48,2025-12-16,2025-12-31,0,0,35.76,3576,0,1.2310627640585616,888
NPL,Nepal,admin2,NP06,Karnali,NP0664,Kalikot,48,2025-12-16,2025-12-31,0.25,25,11.9,1190,1.0477942082866962,0.6334263103100071,333
NPL,Nepal,admin2,NP06,Karnali,NP0665,Mugu,48,2025-12-16,2025-12-31,0.01,1,120.72000000000001,12072,0.3027892230784758,3.235227341624741,1553
NPL,Nepal,admin2,NP06,Karnali,NP0666,Humla,48,2025-12-16,2025-12-31,0,0,289.48999999999995,28949,0,4.158581313276585,993
NPL,Nepal,admin2,NP07,Sudurpaschim,NP0767,Bajhang,48,2025-12-16,2025-12-31,0.3,30,64.25,6425,0.619600766523092,1.6084836634167128,2912
NPL,Nepal,admin2,NP07,Sudurpaschim,NP0768,Bajura,48,2025-12-16,2025-12-31,0.05,5,39.980000000000004,3998,0.1796432496407134,1.5089610966624067,614
NPL,Nepal,admin2,NP07,Sudurpaschim,NP0769,Achham,48,2025-12-16,2025-12-31,0.02,2,6.739999999999999,674,0.0145473381794034,0.34535673922473664,341
NPL,Nepal,admin2,NP07,Sudurpaschim,NP0770,Doti,48,2025-12-16,2025-12-31,0.36,36,14.19,1419,0.305678324509841,0.6021891897383815,1288
NPL,Nepal,admin2,NP07,Sudurpaschim,NP0771,Kailali,48,2025-12-16,2025-12-31,0.31,31,4.930000000000001,493,0.0334382658970295,0.13242067994424617,1643
NPL,Nepal,admin2,NP07,Sudurpaschim,NP0772,Kanchanpur,48,2025-12-16,2025-12-31,0,0,0.21,21,0,0.0186194746144064,8
NPL,Nepal,admin2,NP07,Sudurpaschim,NP0773,Dadeldhura,48,2025-12-16,2025-12-31,0.07,7,4.39,439,0.0820088633893137,0.25592724949295825,243
NPL,Nepal,admin2,NP07,Sudurpaschim,NP0774,Baitadi,48,2025-12-16,2025-12-31,0.04,4,9.829999999999998,983,0.0619805332513407,0.5715590884222534,1196
NPL,Nepal,admin2,NP07,Sudurpaschim,NP0775,Darchula,48,2025-12-16,2025-12-31,0.07,7,69.98,6998,0.51584377302874,2.585397857653007,1061
NPL,Nepal,admin2,NP03,Bagmati,NP0320,Sindhuli,47,2025-12-01,2025-12-15,2.88,288,30.569999999999997,3057,0.91542513794325,1.0905066141747348,3178
NPL,Nepal,admin2,NP02,Madhesh,NP0234,Parsa,47,2025-12-01,2025-12-15,0.29,29,0.97,97,0.0525590126837442,0.061971966773505034,993
NPL,Nepal,admin2,NP02,Madhesh,NP0233,Bara,47,2025-12-01,2025-12-15,1.54,154,4.21,421,0.228019092984526,0.294132296983782,2851
NPL,Nepal,admin2,NP02,Madhesh,NP0232,Rautahat,47,2025-12-01,2025-12-15,0.02,2,0.17,17,0.0031750225582239,0.015605357745896307,37
NPL,Nepal,admin2,NP02,Madhesh,NP0219,Sarlahi,47,2025-12-01,2025-12-15,1.3,130,2.4,240,0.1680243268813678,0.1686173796412862,1018
NPL,Nepal,admin2,NP02,Madhesh,NP0218,Mahottari,47,2025-12-01,2025-12-15,1.12,112,1.5300000000000002,153,0.1893615538627204,0.13594193176708066,1833
NPL,Nepal,admin2,NP02,Madhesh,NP0217,Dhanusha,47,2025-12-01,2025-12-15,0.15,15,0.35999999999999993,36,0.0211073634734343,0.027709418989928854,340
NPL,Nepal,admin2,NP02,Madhesh,NP0216,Siraha,47,2025-12-01,2025-12-15,2.25,225,2.8200000000000003,282,0.2774870712788474,0.232998776553914,3472
NPL,Nepal,admin2,NP02,Madhesh,NP0215,Saptari,47,2025-12-01,2025-12-15,4.11,411,26.36,2636,0.4893330027691754,1.8321580452052801,2517
NPL,Nepal,admin2,NP01,Koshi,NP0114,Udayapur,47,2025-12-01,2025-12-15,1.7,170,50.480000000000004,5048,0.506148093911663,1.9522548388693655,5864
NPL,Nepal,admin2,NP01,Koshi,NP0113,Okhaldhunga,47,2025-12-01,2025-12-15,0.78,78,12.24,1224,1.1682009705054217,1.0065921920025263,1181
NPL,Nepal,admin2,NP01,Koshi,NP0112,Khotang,47,2025-12-01,2025-12-15,1.28,128,15.61,1561,0.7910732809182653,0.8710915959088251,1574
NPL,Nepal,admin2,NP01,Koshi,NP0111,Solukhumbu,47,2025-12-01,2025-12-15,0,0,34.04,3404,0,0.8959716545873103,160
NPL,Nepal,admin2,NP01,Koshi,NP0110,Bhojpur,47,2025-12-01,2025-12-15,0.2,20,10.690000000000001,1069,0.1784555199616495,0.6220682839947614,666
NPL,Nepal,admin2,NP01,Koshi,NP0109,Sankhuwasabha,47,2025-12-01,2025-12-15,0.05,5,31.010000000000005,3101,0.1313648863204334,0.7894779089553581,270
NPL,Nepal,admin2,NP01,Koshi,NP0108,Terhathum,47,2025-12-01,2025-12-15,0.17,17,4.65,465,0.3724316392490541,0.6156714034898796,343
NPL,Nepal,admin2,NP01,Koshi,NP0107,Dhankuta,47,2025-12-01,2025-12-15,0.4,40,15.799999999999999,1580,0.4991893067777671,1.5652628963734938,1265
NPL,Nepal,admin2,NP01,Koshi,NP0106,Sunsari,47,2025-12-01,2025-12-15,7.82,782,50.480000000000004,5048,1.1427725239685087,3.7702009728233836,25826
NPL,Nepal,admin2,NP01,Koshi,NP0105,Morang,47,2025-12-01,2025-12-15,5.32,532,9.21,921,0.518210183162432,0.45004651371709137,11524
NPL,Nepal,admin2,NP01,Koshi,NP0104,Jhapa,47,2025-12-01,2025-12-15,7.69,769,10.410000000000002,1041,0.6614255422950766,0.5781684986280384,3366
NPL,Nepal,admin2,NP01,Koshi,NP0103,Ilam,47,2025-12-01,2025-12-15,0,0,1.6300000000000001,163,0,0.09241747985081042,109
NPL,Nepal,admin2,NP01,Koshi,NP0102,Panchthar,47,2025-12-01,2025-12-15,0.39,39,23.180000000000003,2318,0.5848118281941045,1.6508744489998117,2599
NPL,Nepal,admin2,NP01,Koshi,NP0101,Taplejung,47,2025-12-01,2025-12-15,0,0,45.98,4598,0,1.11863752546377,265
NPL,Nepal,admin2,NP07,Sudurpaschim,NP0775,Darchula,47,2025-12-01,2025-12-15,0.06,6,69.71000000000001,6971,0.4421518054532057,2.5745663712320486,1313
NPL,Nepal,admin2,NP07,Sudurpaschim,NP0774,Baitadi,47,2025-12-01,2025-12-15,0.04,4,9.74,974,0.0619805332513407,0.5676472212277801,1195
NPL,Nepal,admin2,NP07,Sudurpaschim,NP0773,Dadeldhura,47,2025-12-01,2025-12-15,0.09,9,6.64,664,0.1054399672148319,0.3846648666416755,387
NPL,Nepal,admin2,NP07,Sudurpaschim,NP0772,Kanchanpur,47,2025-12-01,2025-12-15,2.58,258,3.5599999999999996,356,0.4255891991037461,0.192364808097986,9909
NPL,Nepal,admin2,NP07,Sudurpaschim,NP0771,Kailali,47,2025-12-01,2025-12-15,4.08,408,19.729999999999997,1973,0.4400907253544536,0.5246379081830529,6409
NPL,Nepal,admin2,NP07,Sudurpaschim,NP0770,Doti,47,2025-12-01,2025-12-15,0.43,43,17.040000000000003,1704,0.3651157764978656,0.7231362785864708,1410
NPL,Nepal,admin2,NP07,Sudurpaschim,NP0769,Achham,47,2025-12-01,2025-12-15,0.08,8,13.530000000000001,1353,0.0581893527176139,0.6933820584882727,804
NPL,Nepal,admin2,NP07,Sudurpaschim,NP0768,Bajura,47,2025-12-01,2025-12-15,0.01,1,45.91,4591,0.0359286499281426,1.7327764869377464,633
NPL,Nepal,admin2,NP07,Sudurpaschim,NP0767,Bajhang,47,2025-12-01,2025-12-15,0.49,49,67.33,6733,1.0120145853210505,1.6855907401999577,3136
NPL,Nepal,admin2,NP06,Karnali,NP0666,Humla,47,2025-12-01,2025-12-15,0,0,252.35000000000002,25235,0,3.6250578410492467,717
NPL,Nepal,admin2,NP06,Karnali,NP0665,Mugu,47,2025-12-01,2025-12-15,0.01,1,111.54,11154,0.3027892230784758,2.9892085626642104,1399
NPL,Nepal,admin2,NP06,Karnali,NP0664,Kalikot,47,2025-12-01,2025-12-15,0.42,42,16.05,1605,1.7602942699216495,0.8529055294098349,414
NPL,Nepal,admin2,NP06,Karnali,NP0663,Jumla,47,2025-12-01,2025-12-15,0.02,2,35.58000000000001,3558,0.0619687094469475,1.2114066010303948,619
NPL,Nepal,admin2,NP06,Karnali,NP0662,Dolpa,47,2025-12-01,2025-12-15,0.09,9,149.34,14934,4.891304347826087,1.6355581895876583,1018
NPL,Nepal,admin2,NP06,Karnali,NP0661,Dailekh,47,2025-12-01,2025-12-15,0.18,18,11.949999999999998,1195,0.1649907583607898,0.7031345019637574,1559
NPL,Nepal,admin2,NP06,Karnali,NP0660,Jajarkot,47,2025-12-01,2025-12-15,0.17,17,10.27,1027,0.3341694636175405,0.4034131539445299,973
NPL,Nepal,admin2,NP06,Karnali,NP0659,Surkhet,47,2025-12-01,2025-12-15,0.5,50,56.309999999999995,5631,0.2448743477699725,1.981038387200031,1573
NPL,Nepal,admin2,NP06,Karnali,NP0653,Salyan,47,2025-12-01,2025-12-15,0.56,56,14.64,1464,0.4804486340522344,0.6632518164184625,1302
NPL,Nepal,admin2,NP06,Karnali,NP0652,Rukum West,47,2025-12-01,2025-12-15,0.36,36,23.180000000000003,2318,1.0970520609760177,1.672725150817357,1528
NPL,Nepal,admin2,NP05,Lumbini,NP0558,Bardiya,47,2025-12-01,2025-12-15,1.25,125,6.59,659,0.1897614542246256,0.29143988786315067,991
NPL,Nepal,admin2,NP05,Lumbini,NP0557,Banke,47,2025-12-01,2025-12-15,0.25,25,2.2600000000000002,226,0.0439770604615252,0.10755164256440516,509
NPL,Nepal,admin2,NP05,Lumbini,NP0556,Dang,47,2025-12-01,2025-12-15,2.32,232,9.05,905,0.3766668031309189,0.2652463736243349,1195
NPL,Nepal,admin2,NP05,Lumbini,NP0555,Pyuthan,47,2025-12-01,2025-12-15,0.34,34,13.28,1328,0.3901138754551331,0.8848110981607303,1544
NPL,Nepal,admin2,NP05,Lumbini,NP0554,Rolpa,47,2025-12-01,2025-12-15,0.09,9,8.379999999999999,838,0.1604591018065806,0.3906979979072448,759
NPL,Nepal,admin2,NP05,Lumbini,NP0552,Rukum East,47,2025-12-01,2025-12-15,0.02,2,19.45,1945,0.1929296941496907,1.0110846351687188,853
NPL,Nepal,admin2,NP05,Lumbini,NP0551,Gulmi,47,2025-12-01,2025-12-15,0.49,49,14.019999999999998,1402,0.7145197620897942,1.112605193489547,2373
NPL,Nepal,admin2,NP05,Lumbini,NP0550,Arghakhanchi,47,2025-12-01,2025-12-15,0.15,15,6.010000000000001,601,0.2184802910785786,0.4299610904220612,665
NPL,Nepal,admin2,NP05,Lumbini,NP0549,Kapilbastu,47,2025-12-01,2025-12-15,9.74,974,38.160000000000004,3816,1.046909000858829,2.039849427466789,13165
NPL,Nepal,admin2,NP05,Lumbini,NP0548,Rupandehi,47,2025-12-01,2025-12-15,0.24,24,3.3899999999999997,339,0.0267606776853028,0.2297649250585461,711
NPL,Nepal,admin2,NP05,Lumbini,NP0547,Nawalparasi West,47,2025-12-01,2025-12-15,2.67,267,10.84,1084,0.6288084889561613,1.3186106131696764,2467
NPL,Nepal,admin2,NP05,Lumbini,NP0546,Palpa,47,2025-12-01,2025-12-15,2.03,203,25.07,2507,1.8225373564705616,1.518216640420039,3879
NPL,Nepal,admin2,NP04,Gandaki,NP0447,Nawalparasi East,47,2025-12-01,2025-12-15,1.98,198,37.980000000000004,3798,0.8442293936296044,2.3492720819908066,3622
NPL,Nepal,admin2,NP04,Gandaki,NP0445,Mustang,47,2025-12-01,2025-12-15,0,0,59.28,5928,0,1.4504968160777332,167
NPL,Nepal,admin2,NP04,Gandaki,NP0444,Myagdi,47,2025-12-01,2025-12-15,0.02,2,8.959999999999999,896,0.1758754112380939,0.3434316074622422,236
NPL,Nepal,admin2,NP04,Gandaki,NP0443,Baglung,47,2025-12-01,2025-12-15,0.13,13,13.180000000000001,1318,0.2567067046525478,0.6295075939118043,1271
NPL,Nepal,admin2,NP04,Gandaki,NP0442,Parbat,47,2025-12-01,2025-12-15,0.14,14,3.28,328,0.2824883344978394,0.5316617474394394,266
NPL,Nepal,admin2,NP04,Gandaki,NP0441,Syangja,47,2025-12-01,2025-12-15,0.93,93,18.2,1820,1.0464298936096514,1.5434937481519073,3869
NPL,Nepal,admin2,NP04,Gandaki,NP0440,Tanahu,47,2025-12-01,2025-12-15,1.14,114,39.809999999999995,3981,0.842859599074855,2.228359800266714,4196
NPL,Nepal,admin2,NP04,Gandaki,NP0439,Kaski,47,2025-12-01,2025-12-15,0.39,39,18.59,1859,0.4019693872725455,0.9014497301507758,3950
NPL,Nepal,admin2,NP04,Gandaki,NP0438,Manang,47,2025-12-01,2025-12-15,0,0,24.88,2488,0,0.9372453631364874,44
NPL,Nepal,admin2,NP04,Gandaki,NP0437,Lamjung,47,2025-12-01,2025-12-15,0,0,3.5500000000000007,355,0,0.1992115776817541,135
NPL,Nepal,admin2,NP04,Gandaki,NP0436,Gorkha,47,2025-12-01,2025-12-15,0.06,6,28.970000000000002,2897,0.0629422671310955,0.6980396710968714,1159
NPL,Nepal,admin2,NP03,Bagmati,NP0335,Chitawan,47,2025-12-01,2025-12-15,6.2,620,66.19,6619,1.3847177781384334,2.6089713451756076,7750
NPL,Nepal,admin2,NP03,Bagmati,NP0331,Makawanpur,47,2025-12-01,2025-12-15,0.92,92,24.210000000000004,2421,0.2921986327943768,0.8757206497725089,2672
NPL,Nepal,admin2,NP03,Bagmati,NP0330,Dhading,47,2025-12-01,2025-12-15,0.78,78,30.82,3082,0.4403200323034181,1.4473765606914066,4201
NPL,Nepal,admin2,NP03,Bagmati,NP0329,Rasuwa,47,2025-12-01,2025-12-15,0.04,4,43.13,4313,1.8060129607988955,2.523673515355373,922
NPL,Nepal,admin2,NP03,Bagmati,NP0328,Nuwakot,47,2025-12-01,2025-12-15,0.65,65,21.09,2109,0.5570952933766334,1.5817599092606094,2957
NPL,Nepal,admin2,NP03,Bagmati,NP0327,Kathmandu,47,2025-12-01,2025-12-15,0,0,0.8400000000000001,84,0,0.2112655427379242,3551
NPL,Nepal,admin2,NP03,Bagmati,NP0326,Bhaktapur,47,2025-12-01,2025-12-15,0,0,0.12000000000000001,12,0,0.20270471685926925,12
NPL,Nepal,admin2,NP03,Bagmati,NP0325,Lalitpur,47,2025-12-01,2025-12-15,0.28,28,6.36,636,0.4369725270353804,1.5431399825304903,877
NPL,Nepal,admin2,NP03,Bagmati,NP0324,Kabhrepalanchok,47,2025-12-01,2025-12-15,0.87,87,19.229999999999997,1923,0.4480414318664999,1.218697233496514,1305
NPL,Nepal,admin2,NP03,Bagmati,NP0323,Sindhupalchok,47,2025-12-01,2025-12-15,0.42,42,22.06,2206,0.7235381624157392,0.83525079365381,2865
NPL,Nepal,admin2,NP03,Bagmati,NP0322,Dolakha,47,2025-12-01,2025-12-15,0.13,13,39.39,3939,0.6073675608924913,1.617225090693137,2076
NPL,Nepal,admin2,NP03,Bagmati,NP0321,Ramechhap,47,2025-12-01,2025-12-15,0.46,46,13.66,1366,0.4012185002431936,0.7975707761348453,829
NPL,Nepal,admin2,NP02,Madhesh,NP0232,Rautahat,46,2025-11-16,2025-11-30,0.27,27,0.41,41,0.0428628045360239,0.03727623030813151,484
NPL,Nepal,admin2,NP02,Madhesh,NP0219,Sarlahi,46,2025-11-16,2025-11-30,0.63,63,1.3900000000000001,139,0.0814271737963552,0.09770657352846217,458
NPL,Nepal,admin2,NP02,Madhesh,NP0218,Mahottari,46,2025-11-16,2025-11-30,1.69,169,2.5699999999999994,257,0.2857330589535692,0.23445337304295288,3091
NPL,Nepal,admin2,NP02,Madhesh,NP0217,Dhanusha,46,2025-11-16,2025-11-30,0.73,73,0.9,90,0.1027225022373805,0.07197839180451204,404
NPL,Nepal,admin2,NP02,Madhesh,NP0216,Siraha,46,2025-11-16,2025-11-30,0.29,29,0.37,37,0.0357650002981625,0.03194642724667603,460
NPL,Nepal,admin2,NP02,Madhesh,NP0215,Saptari,46,2025-11-16,2025-11-30,5.56,556,34.17,3417,0.6619687336731425,2.374993945548727,2669
NPL,Nepal,admin2,NP01,Koshi,NP0114,Udayapur,46,2025-11-16,2025-11-30,1.85,185,51.470000000000006,5147,0.5508082198450451,1.9905419286173978,5556
NPL,Nepal,admin2,NP01,Koshi,NP0113,Okhaldhunga,46,2025-11-16,2025-11-30,0.58,58,8.79,879,0.868662260119416,0.7228713535704415,853
NPL,Nepal,admin2,NP01,Koshi,NP0112,Khotang,46,2025-11-16,2025-11-30,1.16,116,15.26,1526,0.716910160832178,0.8515603942068337,1430
NPL,Nepal,admin2,NP01,Koshi,NP0111,Solukhumbu,46,2025-11-16,2025-11-30,0,0,24.22,2422,0,0.6374980456552483,112
NPL,Nepal,admin2,NP01,Koshi,NP0110,Bhojpur,46,2025-11-16,2025-11-30,0.26,26,12.530000000000001,1253,0.2319921759501444,0.7291408417637382,863
NPL,Nepal,admin2,NP01,Koshi,NP0103,Ilam,46,2025-11-16,2025-11-30,0,0,1.24,124,0,0.07321144746417609,76
NPL,Nepal,admin2,NP01,Koshi,NP0102,Panchthar,46,2025-11-16,2025-11-30,0.13,13,20.049999999999997,2005,0.1949372760647015,1.427956544540389,2687
NPL,Nepal,admin2,NP01,Koshi,NP0101,Taplejung,46,2025-11-16,2025-11-30,0,0,27.880000000000003,2788,0,0.6782865204421468,178
NPL,Nepal,admin2,NP01,Koshi,NP0109,Sankhuwasabha,46,2025-11-16,2025-11-30,0.05,5,19.36,1936,0.1313648863204334,0.49288269324010736,206
NPL,Nepal,admin2,NP01,Koshi,NP0108,Terhathum,46,2025-11-16,2025-11-30,0.18,18,4.45,445,0.3943393827342926,0.5891909130171966,361
NPL,Nepal,admin2,NP01,Koshi,NP0107,Dhankuta,46,2025-11-16,2025-11-30,0.5,50,15.679999999999998,1568,0.623986633472209,1.5486839033666768,1288
NPL,Nepal,admin2,NP01,Koshi,NP0106,Sunsari,46,2025-11-16,2025-11-30,9.94,994,64.64,6464,1.4525778629471835,4.82776923302899,28188
NPL,Nepal,admin2,NP01,Koshi,NP0105,Morang,46,2025-11-16,2025-11-30,1.9,190,3.17,317,0.1850750654151542,0.15745139838501432,1909
NPL,Nepal,admin2,NP01,Koshi,NP0104,Jhapa,46,2025-11-16,2025-11-30,0.22,22,1.7599999999999998,176,0.0189224472438123,0.10012958392365082,690
NPL,Nepal,admin2,NP07,Sudurpaschim,NP0775,Darchula,46,2025-11-16,2025-11-30,0.05,5,57.57,5757,0.3684598378776714,2.1262055084181473,1527
NPL,Nepal,admin2,NP07,Sudurpaschim,NP0774,Baitadi,46,2025-11-16,2025-11-30,0.1,10,12.25,1225,0.1549513331283519,0.7122684469148124,1669
NPL,Nepal,admin2,NP07,Sudurpaschim,NP0773,Dadeldhura,46,2025-11-16,2025-11-30,0.08,8,12.03,1203,0.0937244153020728,0.6969154135089394,628
NPL,Nepal,admin2,NP07,Sudurpaschim,NP0772,Kanchanpur,46,2025-11-16,2025-11-30,0.07,7,1.01,101,0.0115469937741326,0.054892075317084954,666
NPL,Nepal,admin2,NP07,Sudurpaschim,NP0771,Kailali,46,2025-11-16,2025-11-30,1.16,116,13.6,1360,0.1251238336792073,0.36163586169739076,3697
NPL,Nepal,admin2,NP07,Sudurpaschim,NP0770,Doti,46,2025-11-16,2025-11-30,0.58,58,23.179999999999996,2318,0.4924817450436327,0.9837029892977932,1873
NPL,Nepal,admin2,NP07,Sudurpaschim,NP0769,Achham,46,2025-11-16,2025-11-30,0.29,29,15.65,1565,0.2109364036013504,0.8020272886431239,1206
NPL,Nepal,admin2,NP07,Sudurpaschim,NP0768,Bajura,46,2025-11-16,2025-11-30,0.01,1,38.43999999999999,3844,0.0359286499281426,1.4508370324087767,676
NPL,Nepal,admin2,NP07,Sudurpaschim,NP0767,Bajhang,46,2025-11-16,2025-11-30,0.57,57,61.720000000000006,6172,1.177241456393875,1.544673926789193,4089
NPL,Nepal,admin2,NP06,Karnali,NP0666,Humla,46,2025-11-16,2025-11-30,0,0,195.46999999999997,19547,0,2.8079653504652113,572
NPL,Nepal,admin2,NP06,Karnali,NP0665,Mugu,46,2025-11-16,2025-11-30,0,0,74.28000000000002,7428,0,1.992425220362351,1066
NPL,Nepal,admin2,NP06,Karnali,NP0664,Kalikot,46,2025-11-16,2025-11-30,0.44,44,17.8,1780,1.844117806584585,0.9459014594077919,398
NPL,Nepal,admin2,NP06,Karnali,NP0663,Jumla,46,2025-11-16,2025-11-30,0.02,2,27.260000000000005,2726,0.0619687094469475,0.9281322075348104,541
NPL,Nepal,admin2,NP06,Karnali,NP0662,Dolpa,46,2025-11-16,2025-11-30,0.01,1,109.56000000000002,10956,0.5434782608695652,1.1999503609220796,698
NPL,Nepal,admin2,NP06,Karnali,NP0661,Dailekh,46,2025-11-16,2025-11-30,0.33,33,13.200000000000001,1320,0.3024830569947814,0.7760826722181859,1720
NPL,Nepal,admin2,NP06,Karnali,NP0660,Jajarkot,46,2025-11-16,2025-11-30,0.1,10,6.509999999999999,651,0.1965702727162003,0.2557889458373667,529
NPL,Nepal,admin2,NP06,Karnali,NP0659,Surkhet,46,2025-11-16,2025-11-30,0.56,56,50.79,5079,0.2742592695023692,1.7936247145391908,1407
NPL,Nepal,admin2,NP06,Karnali,NP0653,Salyan,46,2025-11-16,2025-11-30,0.55,55,15.540000000000001,1554,0.4718691941584444,0.703421154204997,1408
NPL,Nepal,admin2,NP06,Karnali,NP0652,Rukum West,46,2025-11-16,2025-11-30,0.22,22,19.27,1927,0.6704207039297886,1.3905700455673191,1041
NPL,Nepal,admin2,NP05,Lumbini,NP0558,Bardiya,46,2025-11-16,2025-11-30,2.3,230,7.78,778,0.3491610757733112,0.34085534538290224,1617
NPL,Nepal,admin2,NP05,Lumbini,NP0557,Banke,46,2025-11-16,2025-11-30,0.75,75,3.7299999999999995,373,0.1319311813845758,0.17495800014700771,918
NPL,Nepal,admin2,NP05,Lumbini,NP0556,Dang,46,2025-11-16,2025-11-30,0.88,88,8.56,856,0.1428736149806933,0.25519177542674804,642
NPL,Nepal,admin2,NP05,Lumbini,NP0555,Pyuthan,46,2025-11-16,2025-11-30,0.29,29,12.239999999999998,1224,0.3327441878882017,0.814417135052629,1541
NPL,Nepal,admin2,NP05,Lumbini,NP0554,Rolpa,46,2025-11-16,2025-11-30,0.13,13,4.95,495,0.2317742581650609,0.230782230267406,466
NPL,Nepal,admin2,NP05,Lumbini,NP0552,Rukum East,46,2025-11-16,2025-11-30,0.04,4,16.389999999999997,1639,0.3858593882993814,0.8692831108323951,728
NPL,Nepal,admin2,NP05,Lumbini,NP0551,Gulmi,46,2025-11-16,2025-11-30,0.27,27,11.719999999999999,1172,0.3937149709474377,0.9300808036874099,1838
NPL,Nepal,admin2,NP05,Lumbini,NP0550,Arghakhanchi,46,2025-11-16,2025-11-30,0.02,2,4.739999999999999,474,0.0291307054771438,0.3391040879535058,534
NPL,Nepal,admin2,NP05,Lumbini,NP0549,Kapilbastu,46,2025-11-16,2025-11-30,9.26,926,35.760000000000005,3576,0.9953159494818028,1.9115570106449788,12516
NPL,Nepal,admin2,NP05,Lumbini,NP0548,Rupandehi,46,2025-11-16,2025-11-30,0.29,29,3.27,327,0.0323358188697409,0.22163165337505783,696
NPL,Nepal,admin2,NP05,Lumbini,NP0547,Nawalparasi West,46,2025-11-16,2025-11-30,3.24,324,12.29,1229,0.7630485034524205,1.494993029137945,2964
NPL,Nepal,admin2,NP05,Lumbini,NP0546,Palpa,46,2025-11-16,2025-11-30,1.81,181,24.05,2405,1.6250209927151311,1.4492769720186716,3581
NPL,Nepal,admin2,NP04,Gandaki,NP0447,Nawalparasi East,46,2025-11-16,2025-11-30,2.54,254,36.699999999999996,3670,1.083001343343028,2.270097035520342,3444
NPL,Nepal,admin2,NP04,Gandaki,NP0445,Mustang,46,2025-11-16,2025-11-30,0,0,43.92,4392,0,1.074659584381478,134
NPL,Nepal,admin2,NP04,Gandaki,NP0444,Myagdi,46,2025-11-16,2025-11-30,0.04,4,6.46,646,0.3517508224761878,0.24760805627300056,461
NPL,Nepal,admin2,NP04,Gandaki,NP0443,Baglung,46,2025-11-16,2025-11-30,0.22,22,11.709999999999999,1171,0.4344267309504655,0.5592969593859808,1151
NPL,Nepal,admin2,NP04,Gandaki,NP0442,Parbat,46,2025-11-16,2025-11-30,0.03,3,2.16,216,0.0605332145352512,0.3501187117284113,208
NPL,Nepal,admin2,NP04,Gandaki,NP0441,Syangja,46,2025-11-16,2025-11-30,0.69,69,12.08,1208,0.7763834694523221,1.0244727734986285,2719
NPL,Nepal,admin2,NP04,Gandaki,NP0440,Tanahu,46,2025-11-16,2025-11-30,0.89,89,40.620000000000005,4062,0.6580219676987903,2.273699449556241,4169
NPL,Nepal,admin2,NP04,Gandaki,NP0439,Kaski,46,2025-11-16,2025-11-30,0.49,49,16.36,1636,0.5050384609321726,0.6880380224212497,3914
NPL,Nepal,admin2,NP04,Gandaki,NP0438,Manang,46,2025-11-16,2025-11-30,0,0,14.78,1478,0,0.556771964114039,45
NPL,Nepal,admin2,NP04,Gandaki,NP0437,Lamjung,46,2025-11-16,2025-11-30,0,0,4.140000000000001,414,0,0.23231998073308785,97
NPL,Nepal,admin2,NP04,Gandaki,NP0436,Gorkha,46,2025-11-16,2025-11-30,0.04,4,18.62,1862,0.0419615114207303,0.5150817880689846,866
NPL,Nepal,admin2,NP03,Bagmati,NP0335,Chitawan,46,2025-11-16,2025-11-30,8.62,862,71.76,7176,1.9252043947666608,2.8285206788004467,9583
NPL,Nepal,admin2,NP03,Bagmati,NP0331,Makawanpur,46,2025-11-16,2025-11-30,0.63,63,17.890000000000004,1789,0.2000925420222362,0.6476852119962101,1952
NPL,Nepal,admin2,NP03,Bagmati,NP0330,Dhading,46,2025-11-16,2025-11-30,1.02,102,26.44,2644,0.5758031191660083,1.2886328977646344,3738
NPL,Nepal,admin2,NP03,Bagmati,NP0329,Rasuwa,46,2025-11-16,2025-11-30,0.03,3,24.070000000000004,2407,1.3545097205991716,1.4101583137825506,548
NPL,Nepal,admin2,NP03,Bagmati,NP0328,Nuwakot,46,2025-11-16,2025-11-30,0.69,69,17.610000000000003,1761,0.5913780806613492,1.3207582741621307,2516
NPL,Nepal,admin2,NP03,Bagmati,NP0327,Kathmandu,46,2025-11-16,2025-11-30,0.08,8,1.53,153,0.115246358864733,0.3276088208769484,5363
NPL,Nepal,admin2,NP03,Bagmati,NP0325,Lalitpur,46,2025-11-16,2025-11-30,0.02,2,2.7199999999999998,272,0.03121232335967,0.659959237811782,378
NPL,Nepal,admin2,NP03,Bagmati,NP0324,Kabhrepalanchok,46,2025-11-16,2025-11-30,0.7,70,11.17,1117,0.3604931060994827,0.7078964169607938,730
NPL,Nepal,admin2,NP03,Bagmati,NP0323,Sindhupalchok,46,2025-11-16,2025-11-30,0.25,25,14.26,1426,0.4306774776284162,0.5399218638940767,1570
NPL,Nepal,admin2,NP03,Bagmati,NP0322,Dolakha,46,2025-11-16,2025-11-30,0.16,16,33.43,3343,0.7475293057138355,1.3747146805655996,1622
NPL,Nepal,admin2,NP03,Bagmati,NP0321,Ramechhap,46,2025-11-16,2025-11-30,0.59,59,9.37,937,0.5146063372684441,0.5301730094531378,746
NPL,Nepal,admin2,NP03,Bagmati,NP0320,Sindhuli,46,2025-11-16,2025-11-30,2.67,267,24.33,2433,0.8486753883015548,0.8679105633912757,2304
NPL,Nepal,admin2,NP02,Madhesh,NP0234,Parsa,46,2025-11-16,2025-11-30,0,0,0.65,65,0,0.0680910618434449,0
NPL,Nepal,admin2,NP02,Madhesh,NP0233,Bara,46,2025-11-16,2025-11-30,0.28,28,0.28,28,0.0414580169062774,0.0414580169062774,81
NPL,Nepal,admin2,NP05,Lumbini,NP0556,Dang,45,2025-11-01,2025-11-15,0.47,47,3.8999999999999995,390,0.076307498910143,0.11650785710478255,290
NPL,Nepal,admin2,NP05,Lumbini,NP0555,Pyuthan,45,2025-11-01,2025-11-15,0.03,3,2.7699999999999996,277,0.0344218125401588,0.18493529908895906,319
NPL,Nepal,admin2,NP05,Lumbini,NP0554,Rolpa,45,2025-11-01,2025-11-15,0.01,1,2,200,0.01782878908962,0.09324534556258818,170
NPL,Nepal,admin2,NP05,Lumbini,NP0552,Rukum East,45,2025-11-01,2025-11-15,0,0,6.09,609,0,0.3247835069415976,369
NPL,Nepal,admin2,NP05,Lumbini,NP0551,Gulmi,45,2025-11-01,2025-11-15,0.11,11,6.8,680,0.1604023955711783,0.5407310496687353,1094
NPL,Nepal,admin2,NP05,Lumbini,NP0550,Arghakhanchi,45,2025-11-01,2025-11-15,0,0,1.16,116,0,0.08727416151083779,89
NPL,Nepal,admin2,NP05,Lumbini,NP0549,Kapilbastu,45,2025-11-01,2025-11-15,0.97,97,5.529999999999999,553,0.1042609579910743,0.29859565707687874,2020
NPL,Nepal,admin2,NP05,Lumbini,NP0548,Rupandehi,45,2025-11-01,2025-11-15,0,0,0.23,23,0,0.04602536268221216,28
NPL,Nepal,admin2,NP05,Lumbini,NP0547,Nawalparasi West,45,2025-11-01,2025-11-15,3.51,351,11.600000000000001,1160,0.8266358787401222,1.4110593277461483,2894
NPL,Nepal,admin2,NP05,Lumbini,NP0546,Palpa,45,2025-11-01,2025-11-15,0.14,14,10.34,1034,0.1256922314807283,0.6261810954105785,1536
NPL,Nepal,admin2,NP04,Gandaki,NP0447,Nawalparasi East,45,2025-11-01,2025-11-15,1.3,130,25.439999999999998,2544,0.5542920261204473,1.5736040486004768,1913
NPL,Nepal,admin2,NP04,Gandaki,NP0445,Mustang,45,2025-11-01,2025-11-15,0,0,17.44,1744,0,0.48836408759467403,39
NPL,Nepal,admin2,NP04,Gandaki,NP0444,Myagdi,45,2025-11-01,2025-11-15,0,0,2.2399999999999998,224,0,0.11624016308462322,332
NPL,Nepal,admin2,NP04,Gandaki,NP0443,Baglung,45,2025-11-01,2025-11-15,0.22,22,6.749999999999998,675,0.4344267309504655,0.322395770781842,1187
NPL,Nepal,admin2,NP04,Gandaki,NP0442,Parbat,45,2025-11-01,2025-11-15,0,0,1.04,104,0,0.18545180906771236,71
NPL,Nepal,admin2,NP04,Gandaki,NP0441,Syangja,45,2025-11-01,2025-11-15,0.28,28,4.960000000000001,496,0.3150541615168843,0.4206444500457946,1026
NPL,Nepal,admin2,NP04,Gandaki,NP0440,Tanahu,45,2025-11-01,2025-11-15,0.29,29,24.6,2460,0.214411652396235,1.376981941385611,2429
NPL,Nepal,admin2,NP04,Gandaki,NP0439,Kaski,45,2025-11-01,2025-11-15,0.54,54,11.9,1190,0.5565729977619862,0.6672501614857518,3168
NPL,Nepal,admin2,NP04,Gandaki,NP0438,Manang,45,2025-11-01,2025-11-15,0,0,1.48,148,0,0.05575253767853681,4
NPL,Nepal,admin2,NP04,Gandaki,NP0437,Lamjung,45,2025-11-01,2025-11-15,0,0,0.88,88,0,0.05478525121466872,45
NPL,Nepal,admin2,NP04,Gandaki,NP0436,Gorkha,45,2025-11-01,2025-11-15,0,0,2.91,291,0,0.08267904115442998,283
NPL,Nepal,admin2,NP03,Bagmati,NP0335,Chitawan,45,2025-11-01,2025-11-15,9.04,904,61.00999999999999,6101,2.019007857156684,2.4047944065442484,9771
NPL,Nepal,admin2,NP03,Bagmati,NP0331,Makawanpur,45,2025-11-01,2025-11-15,0.38,38,10.42,1042,0.1206907396324599,0.3772431475126052,1048
NPL,Nepal,admin2,NP03,Bagmati,NP0330,Dhading,45,2025-11-01,2025-11-15,0.6,60,14.259999999999998,1426,0.3387077171564755,0.6950039758745719,1713
NPL,Nepal,admin2,NP03,Bagmati,NP0329,Rasuwa,45,2025-11-01,2025-11-15,0,0,9.24,924,0,0.6583283806896043,257
NPL,Nepal,admin2,NP03,Bagmati,NP0328,Nuwakot,45,2025-11-01,2025-11-15,0.13,13,6.549999999999999,655,0.1114190586753266,0.4887559788660777,804
NPL,Nepal,admin2,NP03,Bagmati,NP0327,Kathmandu,45,2025-11-01,2025-11-15,0.02,2,0.53,53,0.0288115897161832,0.1134854085390736,2842
NPL,Nepal,admin2,NP03,Bagmati,NP0325,Lalitpur,45,2025-11-01,2025-11-15,0,0,1.17,117,0,0.37394917274320993,159
NPL,Nepal,admin2,NP03,Bagmati,NP0324,Kabhrepalanchok,45,2025-11-01,2025-11-15,0.23,23,3.1099999999999994,311,0.1184477348612586,0.19858614577107025,255
NPL,Nepal,admin2,NP03,Bagmati,NP0323,Sindhupalchok,45,2025-11-01,2025-11-15,0.01,1,5.449999999999999,545,0.0172270991051366,0.20681324605395182,689
NPL,Nepal,admin2,NP03,Bagmati,NP0322,Dolakha,45,2025-11-01,2025-11-15,0.02,2,10.459999999999997,1046,0.0934411632142294,0.43013806636901486,901
NPL,Nepal,admin2,NP03,Bagmati,NP0321,Ramechhap,45,2025-11-01,2025-11-15,0.1,10,1.9100000000000001,191,0.0872214130963464,0.1194174810127308,143
NPL,Nepal,admin2,NP03,Bagmati,NP0320,Sindhuli,45,2025-11-01,2025-11-15,1.43,143,11.899999999999999,1190,0.4545340094648776,0.424502084026148,1271
NPL,Nepal,admin2,NP02,Madhesh,NP0234,Parsa,45,2025-11-01,2025-11-15,0,0,0.32,32,0,0.0335217535229267,120
NPL,Nepal,admin2,NP02,Madhesh,NP0232,Rautahat,45,2025-11-01,2025-11-15,0.97,97,1,100,0.1539885940738639,0.09479792131579179,735
NPL,Nepal,admin2,NP02,Madhesh,NP0219,Sarlahi,45,2025-11-01,2025-11-15,3.07,307,4.58,458,0.396795910404461,0.3219396451513361,3225
NPL,Nepal,admin2,NP02,Madhesh,NP0218,Mahottari,45,2025-11-01,2025-11-15,0.75,75,1.09,109,0.1268046119616431,0.09957458955350604,1408
NPL,Nepal,admin2,NP02,Madhesh,NP0217,Dhanusha,45,2025-11-01,2025-11-15,0.24,24,0.37,37,0.0337717815574949,0.028479125072982437,215
NPL,Nepal,admin2,NP02,Madhesh,NP0216,Siraha,45,2025-11-01,2025-11-15,0.83,83,1.01,101,0.1023618974050859,0.08068906298051572,1488
NPL,Nepal,admin2,NP02,Madhesh,NP0215,Saptari,45,2025-11-01,2025-11-15,4.92,492,36.059999999999995,3606,0.5857708938258742,2.5063588433271016,2516
NPL,Nepal,admin2,NP01,Koshi,NP0114,Udayapur,45,2025-11-01,2025-11-15,1.49,149,36.260000000000005,3626,0.4436239176049282,1.403319542870213,3797
NPL,Nepal,admin2,NP01,Koshi,NP0113,Okhaldhunga,45,2025-11-01,2025-11-15,0.48,48,4.18,418,0.7188929049264132,0.34375452308583,463
NPL,Nepal,admin2,NP01,Koshi,NP0112,Khotang,45,2025-11-01,2025-11-15,0.67,67,6.74,674,0.4140774204806545,0.3761151413469238,637
NPL,Nepal,admin2,NP01,Koshi,NP0111,Solukhumbu,45,2025-11-01,2025-11-15,0,0,5.4,540,0,0.1421341637711948,49
NPL,Nepal,admin2,NP01,Koshi,NP0110,Bhojpur,45,2025-11-01,2025-11-15,0.15,15,8.260000000000002,826,0.1338416399712372,0.48066267781073246,512
NPL,Nepal,admin2,NP01,Koshi,NP0109,Sankhuwasabha,45,2025-11-01,2025-11-15,0,0,3.6799999999999993,368,0,0.09460518089384648,155
NPL,Nepal,admin2,NP01,Koshi,NP0108,Terhathum,45,2025-11-01,2025-11-15,0.08,8,1.81,181,0.1752619478819078,0.23964843877778097,163
NPL,Nepal,admin2,NP01,Koshi,NP0107,Dhankuta,45,2025-11-01,2025-11-15,0.17,17,9.499999999999998,950,0.212155455380551,0.9382970077795554,863
NPL,Nepal,admin2,NP01,Koshi,NP0106,Sunsari,45,2025-11-01,2025-11-15,12.09,1209,76.13999999999999,7614,1.7667672397415946,5.6866700093259155,36925
NPL,Nepal,admin2,NP01,Koshi,NP0105,Morang,45,2025-11-01,2025-11-15,1.02,102,1.4000000000000001,140,0.099356087749188,0.06974888759316147,1753
NPL,Nepal,admin2,NP01,Koshi,NP0104,Jhapa,45,2025-11-01,2025-11-15,0.29,29,3.32,332,0.024943225912298,0.192243141386451,415
NPL,Nepal,admin2,NP01,Koshi,NP0103,Ilam,45,2025-11-01,2025-11-15,0,0,0.46,46,0,0.0271771063207322,30
NPL,Nepal,admin2,NP01,Koshi,NP0102,Panchthar,45,2025-11-01,2025-11-15,0.31,31,14.38,1438,0.4648504275389035,1.0251400149646017,1991
NPL,Nepal,admin2,NP01,Koshi,NP0101,Taplejung,45,2025-11-01,2025-11-15,0,0,2.65,265,0,0.06447127974073481,16
NPL,Nepal,admin2,NP07,Sudurpaschim,NP0775,Darchula,45,2025-11-01,2025-11-15,0,0,15.75,1575,0,0.5848126758178428,642
NPL,Nepal,admin2,NP07,Sudurpaschim,NP0774,Baitadi,45,2025-11-01,2025-11-15,0.06,6,5.609999999999999,561,0.0929707998770111,0.3261898765054773,715
NPL,Nepal,admin2,NP07,Sudurpaschim,NP0773,Dadeldhura,45,2025-11-01,2025-11-15,0.01,1,6.1899999999999995,619,0.0117155519127591,0.3585957115228872,340
NPL,Nepal,admin2,NP07,Sudurpaschim,NP0772,Kanchanpur,45,2025-11-01,2025-11-15,0.07,7,0.56,56,0.0115469937741326,0.030259632734514555,449
NPL,Nepal,admin2,NP07,Sudurpaschim,NP0771,Kailali,45,2025-11-01,2025-11-15,1.2,120,10.15,1015,0.1294384486336628,0.2698973526638616,4431
NPL,Nepal,admin2,NP07,Sudurpaschim,NP0770,Doti,45,2025-11-01,2025-11-15,0.42,42,16.520000000000003,1652,0.3566247119281478,0.701068739568574,1505
NPL,Nepal,admin2,NP07,Sudurpaschim,NP0769,Achham,45,2025-11-01,2025-11-15,0.18,18,7.85,785,0.1309260436146313,0.40229483807338806,585
NPL,Nepal,admin2,NP07,Sudurpaschim,NP0768,Bajura,45,2025-11-01,2025-11-15,0,0,10.290000000000001,1029,0,0.3924976004686608,214
NPL,Nepal,admin2,NP07,Sudurpaschim,NP0767,Bajhang,45,2025-11-01,2025-11-15,0.14,14,26.130000000000003,2613,0.2891470243774429,0.7290112585885425,1856
NPL,Nepal,admin2,NP06,Karnali,NP0666,Humla,45,2025-11-01,2025-11-15,0,0,41.69,4169,0,0.5989148126346387,119
NPL,Nepal,admin2,NP06,Karnali,NP0665,Mugu,45,2025-11-01,2025-11-15,0,0,23.619999999999997,2362,0,0.6769687848503034,399
NPL,Nepal,admin2,NP06,Karnali,NP0664,Kalikot,45,2025-11-01,2025-11-15,0.06,6,6.239999999999999,624,0.251470609988807,0.3321495946499533,149
NPL,Nepal,admin2,NP06,Karnali,NP0663,Jumla,45,2025-11-01,2025-11-15,0.02,2,10.049999999999999,1005,0.0619687094469475,0.3653785883912788,432
NPL,Nepal,admin2,NP06,Karnali,NP0662,Dolpa,45,2025-11-01,2025-11-15,0,0,19.34,1934,0,0.23153854411819835,139
NPL,Nepal,admin2,NP06,Karnali,NP0661,Dailekh,45,2025-11-01,2025-11-15,0.1,10,6.3,630,0.091661532422661,0.371715532315731,815
NPL,Nepal,admin2,NP06,Karnali,NP0660,Jajarkot,45,2025-11-01,2025-11-15,0.07,7,2.4499999999999993,245,0.1375991909013402,0.10026614703846294,223
NPL,Nepal,admin2,NP06,Karnali,NP0659,Surkhet,45,2025-11-01,2025-11-15,0.4,40,33.69,3369,0.195899478215978,1.1897463404769706,875
NPL,Nepal,admin2,NP06,Karnali,NP0653,Salyan,45,2025-11-01,2025-11-15,0.12,12,10.96,1096,0.1029532787254788,0.49928722764389,939
NPL,Nepal,admin2,NP06,Karnali,NP0652,Rukum West,45,2025-11-01,2025-11-15,0.2,20,6.77,677,0.6094733672088988,0.5141438781467538,647
NPL,Nepal,admin2,NP05,Lumbini,NP0558,Bardiya,45,2025-11-01,2025-11-15,1.94,194,6.799999999999999,680,0.294509776956619,0.2979198391521511,1536
NPL,Nepal,admin2,NP05,Lumbini,NP0557,Banke,45,2025-11-01,2025-11-15,0.37,37,1.6,160,0.0650860494830574,0.07614275579780891,350
NPL,Nepal,admin2,NP04,Gandaki,NP0443,Baglung,44,2025-10-16,2025-10-31,0.02,2,0.94,94,0.039493339177315,0.04516615066647764,305
NPL,Nepal,admin2,NP04,Gandaki,NP0442,Parbat,44,2025-10-16,2025-10-31,0,0,0.59,59,0,0.11926203553699502,35
NPL,Nepal,admin2,NP04,Gandaki,NP0441,Syangja,44,2025-10-16,2025-10-31,0.07,7,3.2399999999999993,324,0.078763540379221,0.27775025787373414,639
NPL,Nepal,admin2,NP04,Gandaki,NP0440,Tanahu,44,2025-10-16,2025-10-31,0.26,26,14.719999999999997,1472,0.1922311366311072,0.8239501698047231,1477
NPL,Nepal,admin2,NP04,Gandaki,NP0439,Kaski,44,2025-10-16,2025-10-31,0.35,35,12.34,1234,0.3607417578086948,0.691921596028082,2835
NPL,Nepal,admin2,NP04,Gandaki,NP0438,Manang,44,2025-10-16,2025-10-31,0,0,19.38,1938,0,0.7300568785203028,25
NPL,Nepal,admin2,NP04,Gandaki,NP0436,Gorkha,44,2025-10-16,2025-10-31,0.02,2,3.97,397,0.0209807557103651,0.0956581806784458,180
NPL,Nepal,admin2,NP03,Bagmati,NP0335,Chitawan,44,2025-10-16,2025-10-31,11.5,1150,90.77,9077,2.568428136869675,3.577826393739083,13380
NPL,Nepal,admin2,NP03,Bagmati,NP0331,Makawanpur,44,2025-10-16,2025-10-31,0.21,21,8.02,802,0.066697514007412,0.29035413081104544,818
NPL,Nepal,admin2,NP03,Bagmati,NP0330,Dhading,44,2025-10-16,2025-10-31,0.09,9,5.1899999999999995,519,0.0508061575734713,0.2529502548940412,508
NPL,Nepal,admin2,NP03,Bagmati,NP0329,Rasuwa,44,2025-10-16,2025-10-31,0,0,4.5699999999999985,457,0,0.26808460537122375,86
NPL,Nepal,admin2,NP03,Bagmati,NP0328,Nuwakot,44,2025-10-16,2025-10-31,0.06,6,1.68,168,0.0514241809270738,0.1274353417349436,225
NPL,Nepal,admin2,NP03,Bagmati,NP0327,Kathmandu,44,2025-10-16,2025-10-31,0,0,0.44,44,0,0.15598602632132091,641
NPL,Nepal,admin2,NP03,Bagmati,NP0324,Kabhrepalanchok,44,2025-10-16,2025-10-31,0.01,1,0.6,60,0.0051499015157068,0.03829909369325052,40
NPL,Nepal,admin2,NP03,Bagmati,NP0323,Sindhupalchok,44,2025-10-16,2025-10-31,0.06,6,2.2499999999999996,225,0.1033625946308199,0.09139877400591766,345
NPL,Nepal,admin2,NP03,Bagmati,NP0322,Dolakha,44,2025-10-16,2025-10-31,0,0,4.54,454,0,0.188352552766861,151
NPL,Nepal,admin2,NP03,Bagmati,NP0321,Ramechhap,44,2025-10-16,2025-10-31,0.01,1,0.6400000000000001,64,0.0087221413096346,0.03838895752927533,81
NPL,Nepal,admin2,NP03,Bagmati,NP0320,Sindhuli,44,2025-10-16,2025-10-31,0.54,54,6.5600000000000005,656,0.1716422133643594,0.2340112328749185,533
NPL,Nepal,admin2,NP02,Madhesh,NP0234,Parsa,44,2025-10-16,2025-10-31,1.96,196,5.279999999999999,528,0.3552264305522022,0.34091138699230583,7536
NPL,Nepal,admin2,NP02,Madhesh,NP0233,Bara,44,2025-10-16,2025-10-31,3.31,331,11.969999999999999,1197,0.490092985570637,0.8362858895239597,3556
NPL,Nepal,admin2,NP02,Madhesh,NP0232,Rautahat,44,2025-10-16,2025-10-31,6.85,685,13.509999999999998,1351,1.0874452261917191,1.1553504610016179,8578
NPL,Nepal,admin2,NP02,Madhesh,NP0219,Sarlahi,44,2025-10-16,2025-10-31,6.49,649,10.12,1012,0.8388291395846749,0.7110032841540901,6002
NPL,Nepal,admin2,NP02,Madhesh,NP0218,Mahottari,44,2025-10-16,2025-10-31,12.02,1202,15.41,1541,2.032255247705268,1.3691929206083095,13602
NPL,Nepal,admin2,NP02,Madhesh,NP0217,Dhanusha,44,2025-10-16,2025-10-31,4.87,487,7.58,758,0.6852857341041684,0.5833967969889011,4019
NPL,Nepal,admin2,NP02,Madhesh,NP0216,Siraha,44,2025-10-16,2025-10-31,3.01,301,3.6399999999999997,364,0.3712160375774803,0.2908001873753242,3821
NPL,Nepal,admin2,NP02,Madhesh,NP0215,Saptari,44,2025-10-16,2025-10-31,10.56,1056,46.14,4614,1.2572643574799252,3.206971631478438,5921
NPL,Nepal,admin2,NP01,Koshi,NP0114,Udayapur,44,2025-10-16,2025-10-31,2.97,297,39.61,3961,0.8842704934809644,1.5318703282015762,3329
NPL,Nepal,admin2,NP01,Koshi,NP0113,Okhaldhunga,44,2025-10-16,2025-10-31,0.05,5,0.86,86,0.0748846775965013,0.07072461479756306,93
NPL,Nepal,admin2,NP01,Koshi,NP0112,Khotang,44,2025-10-16,2025-10-31,0.16,16,3.9400000000000004,394,0.0988841601147831,0.21986552773099105,334
NPL,Nepal,admin2,NP01,Koshi,NP0111,Solukhumbu,44,2025-10-16,2025-10-31,0,0,7.59,759,0,0.19977746352284614,18
NPL,Nepal,admin2,NP01,Koshi,NP0110,Bhojpur,44,2025-10-16,2025-10-31,0.17,17,5.109999999999999,511,0.1516871919674021,0.29735911423884276,304
NPL,Nepal,admin2,NP01,Koshi,NP0109,Sankhuwasabha,44,2025-10-16,2025-10-31,0.02,2,1.31,131,0.0525459545281733,0.033351050007465785,53
NPL,Nepal,admin2,NP01,Koshi,NP0108,Terhathum,44,2025-10-16,2025-10-31,0,0,0.42,42,0,0.059186018173589025,53
NPL,Nepal,admin2,NP01,Koshi,NP0107,Dhankuta,44,2025-10-16,2025-10-31,0.41,41,8.66,866,0.5116690394472113,0.8579225748477507,750
NPL,Nepal,admin2,NP01,Koshi,NP0106,Sunsari,44,2025-10-16,2025-10-31,20.86,2086,113.96000000000001,11396,3.048367627875076,8.511333257982425,79062
NPL,Nepal,admin2,NP01,Koshi,NP0105,Morang,44,2025-10-16,2025-10-31,4.52,452,22.25,2225,0.4402838398297353,1.1271158639151644,5495
NPL,Nepal,admin2,NP01,Koshi,NP0104,Jhapa,44,2025-10-16,2025-10-31,4.49,449,32.21,3221,0.3861899460214426,1.7889344227482336,5025
NPL,Nepal,admin2,NP01,Koshi,NP0103,Ilam,44,2025-10-16,2025-10-31,0,0,1.4000000000000001,140,0,0.08265808584665037,91
NPL,Nepal,admin2,NP01,Koshi,NP0102,Panchthar,44,2025-10-16,2025-10-31,0.06,6,5.039999999999999,504,0.0899710504914006,0.35894768002411775,799
NPL,Nepal,admin2,NP01,Koshi,NP0101,Taplejung,44,2025-10-16,2025-10-31,0,0,6.549999999999999,655,0,0.15935354049125025,81
NPL,Nepal,admin2,NP04,Gandaki,NP0444,Myagdi,44,2025-10-16,2025-10-31,0,0,3.65,365,0,0.14051484700329792,168
NPL,Nepal,admin2,NP04,Gandaki,NP0445,Mustang,44,2025-10-16,2025-10-31,0,0,47.16,4716,0,1.1542342962977337,34
NPL,Nepal,admin2,NP04,Gandaki,NP0447,Nawalparasi East,44,2025-10-16,2025-10-31,2.89,289,36.15,3615,1.2322338119139176,2.2360765077400644,4419
NPL,Nepal,admin2,NP05,Lumbini,NP0546,Palpa,44,2025-10-16,2025-10-31,0.14,14,8.11,811,0.1256922314807283,0.49476770679492316,1135
NPL,Nepal,admin2,NP05,Lumbini,NP0547,Nawalparasi West,44,2025-10-16,2025-10-31,3.77,377,13.879999999999999,1388,0.8878681660542053,1.6884054714755636,3416
NPL,Nepal,admin2,NP05,Lumbini,NP0548,Rupandehi,44,2025-10-16,2025-10-31,0.15,15,0.22999999999999998,23,0.0167254235533142,0.016982587187270585,39
NPL,Nepal,admin2,NP05,Lumbini,NP0549,Kapilbastu,44,2025-10-16,2025-10-31,1.6,160,7.59,759,0.1719768379234216,0.4098265890078681,2617
NPL,Nepal,admin2,NP05,Lumbini,NP0550,Arghakhanchi,44,2025-10-16,2025-10-31,0,0,0.16,16,0,0.012660145016375699,6
NPL,Nepal,admin2,NP05,Lumbini,NP0551,Gulmi,44,2025-10-16,2025-10-31,0.03,3,3.5199999999999996,352,0.0437461078830486,0.27990783747558057,475
NPL,Nepal,admin2,NP05,Lumbini,NP0552,Rukum East,44,2025-10-16,2025-10-31,0,0,0.5800000000000001,58,0,0.03461447456093536,42
NPL,Nepal,admin2,NP05,Lumbini,NP0554,Rolpa,44,2025-10-16,2025-10-31,0,0,0.56,56,0,0.026809778314674106,60
NPL,Nepal,admin2,NP05,Lumbini,NP0555,Pyuthan,44,2025-10-16,2025-10-31,0,0,1.17,117,0,0.0930841517235169,136
NPL,Nepal,admin2,NP05,Lumbini,NP0556,Dang,44,2025-10-16,2025-10-31,0.28,28,4.39,439,0.045459786584766,0.1296391493207449,241
NPL,Nepal,admin2,NP05,Lumbini,NP0557,Banke,44,2025-10-16,2025-10-31,2.11,211,8.52,852,0.3711663902952733,0.40400709732950485,2133
NPL,Nepal,admin2,NP05,Lumbini,NP0558,Bardiya,44,2025-10-16,2025-10-31,4.72,472,19.73,1973,0.7165392511521865,0.864405650951756,5485
NPL,Nepal,admin2,NP06,Karnali,NP0652,Rukum West,44,2025-10-16,2025-10-31,0.08,8,3.06,306,0.2437893468835595,0.22515000261852625,172
NPL,Nepal,admin2,NP06,Karnali,NP0653,Salyan,44,2025-10-16,2025-10-31,0,0,2.91,291,0,0.13999999320800485,258
NPL,Nepal,admin2,NP06,Karnali,NP0659,Surkhet,44,2025-10-16,2025-10-31,0.24,24,17.249999999999996,1725,0.1175396869295868,0.6091755527820641,536
NPL,Nepal,admin2,NP06,Karnali,NP0660,Jajarkot,44,2025-10-16,2025-10-31,0,0,0.91,91,0,0.03836373836634707,58
NPL,Nepal,admin2,NP06,Karnali,NP0661,Dailekh,44,2025-10-16,2025-10-31,0.02,2,1.01,101,0.0183323064845322,0.05942810435007486,130
NPL,Nepal,admin2,NP06,Karnali,NP0662,Dolpa,44,2025-10-16,2025-10-31,0,0,89.31,8931,0,0.978360423863778,128
NPL,Nepal,admin2,NP06,Karnali,NP0663,Jumla,44,2025-10-16,2025-10-31,0,0,2.7900000000000005,279,0,0.0981048952791433,72
NPL,Nepal,admin2,NP06,Karnali,NP0664,Kalikot,44,2025-10-16,2025-10-31,0,0,2.59,259,0,0.1398657289002556,46
NPL,Nepal,admin2,NP06,Karnali,NP0665,Mugu,44,2025-10-16,2025-10-31,0,0,22.97,2297,0,0.6161282621395151,340
NPL,Nepal,admin2,NP06,Karnali,NP0666,Humla,44,2025-10-16,2025-10-31,0,0,24.529999999999998,2453,0,0.35239578685362644,96
NPL,Nepal,admin2,NP07,Sudurpaschim,NP0767,Bajhang,44,2025-10-16,2025-10-31,0.02,2,11.259999999999998,1126,0.0413067177682061,0.28189145603225174,675
NPL,Nepal,admin2,NP07,Sudurpaschim,NP0768,Bajura,44,2025-10-16,2025-10-31,0,0,4.1,410,0,0.15638874265515146,100
NPL,Nepal,admin2,NP07,Sudurpaschim,NP0769,Achham,44,2025-10-16,2025-10-31,0,0,2.86,286,0,0.15833311894425456,250
NPL,Nepal,admin2,NP07,Sudurpaschim,NP0770,Doti,44,2025-10-16,2025-10-31,0.08,8,4.7299999999999995,473,0.0679285165577424,0.2008756021188508,380
NPL,Nepal,admin2,NP07,Sudurpaschim,NP0771,Kailali,44,2025-10-16,2025-10-31,3.27,327,25.430000000000003,2543,0.3527197725267311,0.6823142841245632,15053
NPL,Nepal,admin2,NP07,Sudurpaschim,NP0772,Kanchanpur,44,2025-10-16,2025-10-31,0.43,43,44.419999999999995,4442,0.0709315331839577,2.4002372965484673,11686
NPL,Nepal,admin2,NP07,Sudurpaschim,NP0773,Dadeldhura,44,2025-10-16,2025-10-31,0,0,4.9799999999999995,498,0,0.30350654381761943,294
NPL,Nepal,admin2,NP07,Sudurpaschim,NP0774,Baitadi,44,2025-10-16,2025-10-31,0,0,2.78,278,0,0.16835036825010366,439
NPL,Nepal,admin2,NP07,Sudurpaschim,NP0775,Darchula,44,2025-10-16,2025-10-31,0,0,7.3599999999999985,736,0,0.2732838916837665,343
NPL,Nepal,admin2,NP07,Sudurpaschim,NP0775,Darchula,43,2025-10-01,2025-10-15,0,0,0.45,45,0,0.02319640051699536,43
NPL,Nepal,admin2,NP07,Sudurpaschim,NP0774,Baitadi,43,2025-10-01,2025-10-15,0,0,0.61,61,0,0.04748480715123936,57
NPL,Nepal,admin2,NP07,Sudurpaschim,NP0773,Dadeldhura,43,2025-10-01,2025-10-15,0.04,4,2.63,263,0.0468622076510364,0.15235972880536244,170
NPL,Nepal,admin2,NP07,Sudurpaschim,NP0772,Kanchanpur,43,2025-10-01,2025-10-15,1.78,178,32.98,3298,0.2936235559708016,1.782076227829096,8305
NPL,Nepal,admin2,NP07,Sudurpaschim,NP0771,Kailali,43,2025-10-01,2025-10-15,6.01,601,35.61,3561,0.6482708969069279,0.9469009584591243,19069
NPL,Nepal,admin2,NP07,Sudurpaschim,NP0770,Doti,43,2025-10-01,2025-10-15,0.02,2,1.97,197,0.0169821291394356,0.08366277720383422,162
NPL,Nepal,admin2,NP07,Sudurpaschim,NP0769,Achham,43,2025-10-01,2025-10-15,0,0,1.59,159,0,0.08766015301318056,164
NPL,Nepal,admin2,NP07,Sudurpaschim,NP0768,Bajura,43,2025-10-01,2025-10-15,0,0,2.66,266,0,0.1051935610374588,25
NPL,Nepal,admin2,NP07,Sudurpaschim,NP0767,Bajhang,43,2025-10-01,2025-10-15,0.03,3,2.13,213,0.0619600766523092,0.053324049853347724,171
NPL,Nepal,admin2,NP06,Karnali,NP0666,Humla,43,2025-10-01,2025-10-15,0,0,3.83,383,0,0.05502143757233535,12
NPL,Nepal,admin2,NP06,Karnali,NP0665,Mugu,43,2025-10-01,2025-10-15,0,0,9.4,940,0,0.2694117941402562,153
NPL,Nepal,admin2,NP06,Karnali,NP0664,Kalikot,43,2025-10-01,2025-10-15,0,0,0.8,80,0,0.04320176954448049,22
NPL,Nepal,admin2,NP06,Karnali,NP0663,Jumla,43,2025-10-01,2025-10-15,0,0,0.21000000000000002,21,0,0.012437223376294358,1
NPL,Nepal,admin2,NP06,Karnali,NP0662,Dolpa,43,2025-10-01,2025-10-15,0,0,34.22,3422,0,0.3748683652963664,43
NPL,Nepal,admin2,NP06,Karnali,NP0661,Dailekh,43,2025-10-01,2025-10-15,0.04,4,1.1900000000000002,119,0.0366646129690644,0.07042312193578472,204
NPL,Nepal,admin2,NP06,Karnali,NP0660,Jajarkot,43,2025-10-01,2025-10-15,0.01,1,0.15,15,0.01965702727162,0.008518882386772996,14
NPL,Nepal,admin2,NP06,Karnali,NP0659,Surkhet,43,2025-10-01,2025-10-15,0.23,23,7.25,725,0.1126421999741873,0.2550617706837191,369
NPL,Nepal,admin2,NP06,Karnali,NP0653,Salyan,43,2025-10-01,2025-10-15,0,0,1.67,167,0,0.0803436387138722,143
NPL,Nepal,admin2,NP06,Karnali,NP0652,Rukum West,43,2025-10-01,2025-10-15,0.1,10,1.56,156,0.3047366836044494,0.11847333085804063,174
NPL,Nepal,admin2,NP05,Lumbini,NP0558,Bardiya,43,2025-10-01,2025-10-15,9.45,945,29.659999999999997,2966,1.4345965939381702,1.2994562395960003,7771
NPL,Nepal,admin2,NP05,Lumbini,NP0557,Banke,43,2025-10-01,2025-10-15,3.84,384,14.36,1436,0.6754876486890281,0.6809321499591189,3316
NPL,Nepal,admin2,NP05,Lumbini,NP0556,Dang,43,2025-10-01,2025-10-15,1.03,103,8.64,864,0.1672270720796751,0.25514402053103336,631
NPL,Nepal,admin2,NP05,Lumbini,NP0555,Pyuthan,43,2025-10-01,2025-10-15,0,0,0.44,44,0,0.0350060057763653,55
NPL,Nepal,admin2,NP05,Lumbini,NP0552,Rukum East,43,2025-10-01,2025-10-15,0,0,0.16,16,0,0.009548820568533891,1
NPL,Nepal,admin2,NP05,Lumbini,NP0551,Gulmi,43,2025-10-01,2025-10-15,0.01,1,0.97,97,0.0145820359610162,0.0852720206762673,125
NPL,Nepal,admin2,NP05,Lumbini,NP0550,Arghakhanchi,43,2025-10-01,2025-10-15,0.06,6,0.39,39,0.0873921164314314,0.02909814022945306,86
NPL,Nepal,admin2,NP05,Lumbini,NP0549,Kapilbastu,43,2025-10-01,2025-10-15,8.51,851,16.84,1684,0.9147018067051988,0.9018109869105516,6309
NPL,Nepal,admin2,NP05,Lumbini,NP0548,Rupandehi,43,2025-10-01,2025-10-15,4.28,428,5.8100000000000005,581,0.4772320853879003,0.3937859040088948,3126
NPL,Nepal,admin2,NP05,Lumbini,NP0547,Nawalparasi West,43,2025-10-01,2025-10-15,4.45,445,16.08,1608,1.048014148260269,1.95602017156535,4226
NPL,Nepal,admin2,NP05,Lumbini,NP0546,Palpa,43,2025-10-01,2025-10-15,0.38,38,5.02,502,0.3411646283048342,0.3049561266736441,829
NPL,Nepal,admin2,NP04,Gandaki,NP0447,Nawalparasi East,43,2025-10-01,2025-10-15,3.76,376,39.730000000000004,3973,1.6031830909329865,2.474603387843335,4075
NPL,Nepal,admin2,NP04,Gandaki,NP0445,Mustang,43,2025-10-01,2025-10-15,0,0,18.479999999999997,1848,0,0.4522953731039464,11
NPL,Nepal,admin2,NP04,Gandaki,NP0444,Myagdi,43,2025-10-01,2025-10-15,0,0,0.8,80,0,0.042317299467600655,19
NPL,Nepal,admin2,NP04,Gandaki,NP0443,Baglung,43,2025-10-01,2025-10-15,0.01,1,0.12,12,0.0197466695886575,0.007240653629420158,11
NPL,Nepal,admin2,NP04,Gandaki,NP0441,Syangja,43,2025-10-01,2025-10-15,0,0,0.29000000000000004,29,0,0.026688977376553197,64
NPL,Nepal,admin2,NP04,Gandaki,NP0440,Tanahu,43,2025-10-01,2025-10-15,0.17,17,6.06,606,0.125689589335724,0.33920774653645525,725
NPL,Nepal,admin2,NP04,Gandaki,NP0439,Kaski,43,2025-10-01,2025-10-15,0.49,49,10.940000000000001,1094,0.5050384609321726,0.6282196199222868,2489
NPL,Nepal,admin2,NP04,Gandaki,NP0438,Manang,43,2025-10-01,2025-10-15,0,0,4.43,443,0,0.18009546901226808,4
NPL,Nepal,admin2,NP04,Gandaki,NP0436,Gorkha,43,2025-10-01,2025-10-15,0.13,13,1.3099999999999998,131,0.1363749121173737,0.031564790097925385,122
NPL,Nepal,admin2,NP03,Bagmati,NP0335,Chitawan,43,2025-10-01,2025-10-15,17.79,1779,127.30999999999999,12731,3.973246656948828,5.018101555435966,16007
NPL,Nepal,admin2,NP03,Bagmati,NP0331,Makawanpur,43,2025-10-01,2025-10-15,0.68,68,4.880000000000001,488,0.2159729025001915,0.1766743339598381,614
NPL,Nepal,admin2,NP03,Bagmati,NP0330,Dhading,43,2025-10-01,2025-10-15,0.06,6,2.1299999999999994,213,0.0338707717156475,0.10584614065464217,330
NPL,Nepal,admin2,NP03,Bagmati,NP0329,Rasuwa,43,2025-10-01,2025-10-15,0,0,0.8800000000000001,88,0,0.06303756094754549,13
NPL,Nepal,admin2,NP03,Bagmati,NP0328,Nuwakot,43,2025-10-01,2025-10-15,0,0,0.28,28,0,0.0279192411315645,44
NPL,Nepal,admin2,NP03,Bagmati,NP0324,Kabhrepalanchok,43,2025-10-01,2025-10-15,0.03,3,0.52,52,0.0154497045471206,0.0330357508111821,41
NPL,Nepal,admin2,NP03,Bagmati,NP0323,Sindhupalchok,43,2025-10-01,2025-10-15,0,0,0.71,71,0,0.031128891975471824,76
NPL,Nepal,admin2,NP03,Bagmati,NP0322,Dolakha,43,2025-10-01,2025-10-15,0,0,0.9199999999999999,92,0,0.044588023200823695,25
NPL,Nepal,admin2,NP03,Bagmati,NP0321,Ramechhap,43,2025-10-01,2025-10-15,0,0,0.36,36,0,0.02433208557620997,32
NPL,Nepal,admin2,NP03,Bagmati,NP0320,Sindhuli,43,2025-10-01,2025-10-15,0.59,59,4,400,0.1875350108980963,0.14303440736140308,376
NPL,Nepal,admin2,NP02,Madhesh,NP0234,Parsa,43,2025-10-01,2025-10-15,41.39,4139,53.5,5350,7.501439775793699,3.3704930448884665,129921
NPL,Nepal,admin2,NP02,Madhesh,NP0233,Bara,43,2025-10-01,2025-10-15,4.94,494,18.77,1877,0.7314378697036092,1.3085440062254377,6520
NPL,Nepal,admin2,NP02,Madhesh,NP0232,Rautahat,43,2025-10-01,2025-10-15,84.64,8464,118.68,11868,13.436695466403958,10.149122690818366,119234
NPL,Nepal,admin2,NP02,Madhesh,NP0219,Sarlahi,43,2025-10-01,2025-10-15,21.79,2179,30.099999999999998,3010,2.816346217496158,2.115804218134327,25589
NPL,Nepal,admin2,NP02,Madhesh,NP0218,Mahottari,43,2025-10-01,2025-10-15,64.06,6406,78.36999999999999,7837,10.830804589683815,6.963247838291577,72037
NPL,Nepal,admin2,NP02,Madhesh,NP0217,Dhanusha,43,2025-10-01,2025-10-15,34.17,3417,42.77000000000001,4277,4.808257399248344,3.198906997946179,31457
NPL,Nepal,admin2,NP02,Madhesh,NP0216,Siraha,43,2025-10-01,2025-10-15,7.04,704,8.980000000000002,898,0.8682262141347048,0.7014429065632652,26984
NPL,Nepal,admin2,NP02,Madhesh,NP0215,Saptari,43,2025-10-01,2025-10-15,17.8,1780,60.66,6066,2.119252420752147,4.216187671553577,10406
NPL,Nepal,admin2,NP01,Koshi,NP0114,Udayapur,43,2025-10-01,2025-10-15,2.26,226,27.48,2748,0.6728792307296227,1.0627567942181095,2983
NPL,Nepal,admin2,NP01,Koshi,NP0113,Okhaldhunga,43,2025-10-01,2025-10-15,0.01,1,0.44000000000000006,44,0.0149769355193002,0.03618468664061363,55
NPL,Nepal,admin2,NP01,Koshi,NP0112,Khotang,43,2025-10-01,2025-10-15,0.08,8,2.02,202,0.0494420800573915,0.11272293553720864,158
NPL,Nepal,admin2,NP01,Koshi,NP0111,Solukhumbu,43,2025-10-01,2025-10-15,0,0,1.9,190,0,0.05001016873430917,3
NPL,Nepal,admin2,NP01,Koshi,NP0110,Bhojpur,43,2025-10-01,2025-10-15,0.12,12,3.4000000000000004,340,0.1070733119769897,0.19785146544267435,192
NPL,Nepal,admin2,NP01,Koshi,NP0109,Sankhuwasabha,43,2025-10-01,2025-10-15,0.02,2,0.47000000000000003,47,0.0525459545281733,0.013864176234143478,43
NPL,Nepal,admin2,NP01,Koshi,NP0108,Terhathum,43,2025-10-01,2025-10-15,0.02,2,0.51,51,0.0438154869704769,0.0676213522492172,69
NPL,Nepal,admin2,NP01,Koshi,NP0107,Dhankuta,43,2025-10-01,2025-10-15,0.45,45,5.31,531,0.5615879701249881,0.526047213907801,508
NPL,Nepal,admin2,NP01,Koshi,NP0106,Sunsari,43,2025-10-01,2025-10-15,30.52,3052,126.1,12610,4.460027804542057,9.418033729655875,113368
NPL,Nepal,admin2,NP01,Koshi,NP0105,Morang,43,2025-10-01,2025-10-15,12.5,1250,37.63,3763,1.217599114573383,1.8387893931785173,14738
NPL,Nepal,admin2,NP01,Koshi,NP0104,Jhapa,43,2025-10-01,2025-10-15,4.65,465,32.41,3241,0.3999517258351242,1.8000423670062167,4798
NPL,Nepal,admin2,NP01,Koshi,NP0103,Ilam,43,2025-10-01,2025-10-15,0,0,3.14,314,0,0.1855132909719552,253
NPL,Nepal,admin2,NP01,Koshi,NP0102,Panchthar,43,2025-10-01,2025-10-15,0.02,2,2.04,204,0.0299903501638002,0.1452883466764286,321
NPL,Nepal,admin2,NP01,Koshi,NP0101,Taplejung,43,2025-10-01,2025-10-15,0,0,0.32,32,0,0.01419781978905667,0
NPL,Nepal,admin2,NP02,Madhesh,NP0232,Rautahat,42,2025-09-16,2025-09-30,14.89,1489,23.379999999999995,2338,2.363804294597766,1.9994147874328516,15583
NPL,Nepal,admin2,NP02,Madhesh,NP0233,Bara,42,2025-09-16,2025-09-30,7.83,783,11.45,1145,1.15934382991483,0.8140890734315466,6352
NPL,Nepal,admin2,NP02,Madhesh,NP0234,Parsa,42,2025-09-16,2025-09-30,8.91,891,23.8,2380,1.614830355214348,1.5005502264745407,19953
NPL,Nepal,admin2,NP03,Bagmati,NP0320,Sindhuli,42,2025-09-16,2025-09-30,0.77,77,2.37,237,0.2447490820195494,0.08472417811448911,272
NPL,Nepal,admin2,NP03,Bagmati,NP0321,Ramechhap,42,2025-09-16,2025-09-30,0.18,18,0.6000000000000001,60,0.1569985435734236,0.03592637291401247,123
NPL,Nepal,admin2,NP03,Bagmati,NP0324,Kabhrepalanchok,42,2025-09-16,2025-09-30,0,0,0.32000000000000006,32,0,0.023325442606705014,20
NPL,Nepal,admin2,NP03,Bagmati,NP0328,Nuwakot,42,2025-09-16,2025-09-30,0.38,38,0.53,53,0.325686479204801,0.040231246166645265,381
NPL,Nepal,admin2,NP03,Bagmati,NP0329,Rasuwa,42,2025-09-16,2025-09-30,0,0,0.16,16,0,0.015732302230019105,6
NPL,Nepal,admin2,NP03,Bagmati,NP0330,Dhading,42,2025-09-16,2025-09-30,0.05,5,1.33,133,0.0282256430963729,0.06271186982868603,245
NPL,Nepal,admin2,NP03,Bagmati,NP0331,Makawanpur,42,2025-09-16,2025-09-30,0.01,1,0.84,84,0.003176072095591,0.030866148213364388,181
NPL,Nepal,admin2,NP03,Bagmati,NP0335,Chitawan,42,2025-09-16,2025-09-30,21.89,2189,112.74,11274,4.888947123137147,4.443804645038495,16778
NPL,Nepal,admin2,NP04,Gandaki,NP0436,Gorkha,42,2025-09-16,2025-09-30,0.05,5,1.27,127,0.0524518892759129,0.030600979713255906,45
NPL,Nepal,admin2,NP04,Gandaki,NP0438,Manang,42,2025-09-16,2025-09-30,0,0,2.5300000000000002,253,0,0.14580166133213113,1
NPL,Nepal,admin2,NP04,Gandaki,NP0439,Kaski,42,2025-09-16,2025-09-30,0.41,41,9.3,930,0.4225832020044709,0.5214644119174361,2338
NPL,Nepal,admin2,NP04,Gandaki,NP0440,Tanahu,42,2025-09-16,2025-09-30,0.18,18,7.579999999999999,758,0.1330830945907665,0.4242895575488996,1115
NPL,Nepal,admin2,NP04,Gandaki,NP0441,Syangja,42,2025-09-16,2025-09-30,0.1,10,1.8399999999999999,184,0.1125193433988872,0.15594765303933902,458
NPL,Nepal,admin2,NP04,Gandaki,NP0444,Myagdi,42,2025-09-16,2025-09-30,0,0,0.12,12,0,0.0246483164515188,0
NPL,Nepal,admin2,NP04,Gandaki,NP0445,Mustang,42,2025-09-16,2025-09-30,0,0,3.1599999999999997,316,0,0.08266337241467032,3
NPL,Nepal,admin2,NP04,Gandaki,NP0447,Nawalparasi East,42,2025-09-16,2025-09-30,4.37,437,44.43,4443,1.8632739647279648,2.7482400895958805,4186
NPL,Nepal,admin2,NP05,Lumbini,NP0546,Palpa,42,2025-09-16,2025-09-30,1.25,125,11.049999999999999,1105,1.1222520667922176,0.6658840141707408,2061
NPL,Nepal,admin2,NP05,Lumbini,NP0547,Nawalparasi West,42,2025-09-16,2025-09-30,16.23,1623,33.37,3337,3.822307781182958,4.059228428180084,12352
NPL,Nepal,admin2,NP05,Lumbini,NP0548,Rupandehi,42,2025-09-16,2025-09-30,14.17,1417,16.939999999999998,1694,1.579995011669754,1.146550870434549,7918
NPL,Nepal,admin2,NP05,Lumbini,NP0549,Kapilbastu,42,2025-09-16,2025-09-30,15.31,1531,29.07,2907,1.6456033678797408,1.553941898754181,12216
NPL,Nepal,admin2,NP05,Lumbini,NP0551,Gulmi,42,2025-09-16,2025-09-30,0.02,2,0.7200000000000001,72,0.0291640719220324,0.05725387584727781,119
NPL,Nepal,admin2,NP05,Lumbini,NP0555,Pyuthan,42,2025-09-16,2025-09-30,0,0,0.16,16,0,0.012637896721930936,14
NPL,Nepal,admin2,NP05,Lumbini,NP0556,Dang,42,2025-09-16,2025-09-30,2.17,217,9.73,973,0.352313346031937,0.28733232867673086,773
NPL,Nepal,admin2,NP05,Lumbini,NP0557,Banke,42,2025-09-16,2025-09-30,4.48,448,21.3,2130,0.7880689234705328,0.9955606591086297,4408
NPL,Nepal,admin2,NP05,Lumbini,NP0558,Bardiya,42,2025-09-16,2025-09-30,11.52,1152,45.85,4585,1.7488415621341502,2.0087683272244314,11073
NPL,Nepal,admin2,NP06,Karnali,NP0652,Rukum West,42,2025-09-16,2025-09-30,0.05,5,1.05,105,0.1523683418022247,0.07974166500060426,76
NPL,Nepal,admin2,NP06,Karnali,NP0653,Salyan,42,2025-09-16,2025-09-30,0.07,7,1.2100000000000002,121,0.0600560792565293,0.054879852253583904,122
NPL,Nepal,admin2,NP06,Karnali,NP0659,Surkhet,42,2025-09-16,2025-09-30,0.34,34,9.71,971,0.1665145564835813,0.34160686804674656,658
NPL,Nepal,admin2,NP06,Karnali,NP0660,Jajarkot,42,2025-09-16,2025-09-30,0.07,7,0.4,40,0.1375991909013402,0.016369983189953023,61
NPL,Nepal,admin2,NP06,Karnali,NP0661,Dailekh,42,2025-09-16,2025-09-30,0.24,24,1.71,171,0.2199876778143864,0.10061589944418618,330
NPL,Nepal,admin2,NP06,Karnali,NP0662,Dolpa,42,2025-09-16,2025-09-30,0,0,13.389999999999999,1339,0,0.14668285830854283,23
NPL,Nepal,admin2,NP06,Karnali,NP0663,Jumla,42,2025-09-16,2025-09-30,0,0,0.28,28,0,0.016639769977785795,1
NPL,Nepal,admin2,NP06,Karnali,NP0665,Mugu,42,2025-09-16,2025-09-30,0,0,6.74,674,0,0.1807881796613115,116
NPL,Nepal,admin2,NP06,Karnali,NP0666,Humla,42,2025-09-16,2025-09-30,0,0,8.44,844,0,0.140511429088784,8
NPL,Nepal,admin2,NP07,Sudurpaschim,NP0767,Bajhang,42,2025-09-16,2025-09-30,0,0,0.32,32,0,0.0222855144183591,31
NPL,Nepal,admin2,NP07,Sudurpaschim,NP0768,Bajura,42,2025-09-16,2025-09-30,0,0,0.44999999999999996,45,0,0.027732610746767267,1
NPL,Nepal,admin2,NP07,Sudurpaschim,NP0769,Achham,42,2025-09-16,2025-09-30,0.01,1,1,100,0.0072736690897017,0.05124775007304299,48
NPL,Nepal,admin2,NP07,Sudurpaschim,NP0770,Doti,42,2025-09-16,2025-09-30,0,0,1.2000000000000002,120,0,0.05385036630391812,99
NPL,Nepal,admin2,NP07,Sudurpaschim,NP0771,Kailali,42,2025-09-16,2025-09-30,10.23,1023,42.62,4262,1.1034627746019754,1.133302972466382,28612
NPL,Nepal,admin2,NP07,Sudurpaschim,NP0772,Kanchanpur,42,2025-09-16,2025-09-30,0.96,96,23.990000000000002,2399,0.1583587717595334,1.2963010523232266,6458
NPL,Nepal,admin2,NP07,Sudurpaschim,NP0773,Dadeldhura,42,2025-09-16,2025-09-30,0.01,1,2.8699999999999997,287,0.0117155519127591,0.16626327820204945,171
NPL,Nepal,admin2,NP07,Sudurpaschim,NP0774,Baitadi,42,2025-09-16,2025-09-30,0,0,0.11,11,0,0.00856283407645287,12
NPL,Nepal,admin2,NP07,Sudurpaschim,NP0775,Darchula,42,2025-09-16,2025-09-30,0,0,0.16,16,0,0.03012171831999956,0
NPL,Nepal,admin2,NP02,Madhesh,NP0219,Sarlahi,42,2025-09-16,2025-09-30,9.45,945,16.599999999999998,1660,1.221407606945328,1.1668554824262398,11713
NPL,Nepal,admin2,NP02,Madhesh,NP0218,Mahottari,42,2025-09-16,2025-09-30,14.53,1453,19.75,1975,2.4566280157369,1.754805981960682,17298
NPL,Nepal,admin2,NP02,Madhesh,NP0217,Dhanusha,42,2025-09-16,2025-09-30,36.26,3626,43.14999999999999,4315,5.102353330311529,3.2275456889880565,36550
NPL,Nepal,admin2,NP02,Madhesh,NP0216,Siraha,42,2025-09-16,2025-09-30,37.72,3772,43.36,4336,4.6519165905058335,3.3869225421584828,46835
NPL,Nepal,admin2,NP02,Madhesh,NP0215,Saptari,42,2025-09-16,2025-09-30,16.71,1671,63.92,6392,1.989477974762268,4.442774743912045,8556
NPL,Nepal,admin2,NP01,Koshi,NP0114,Udayapur,42,2025-09-16,2025-09-30,3.52,352,23.54,2354,1.048024288570032,0.9103819117865465,1643
NPL,Nepal,admin2,NP01,Koshi,NP0113,Okhaldhunga,42,2025-09-16,2025-09-30,0,0,0.23,23,0,0.020041562064975718,20
NPL,Nepal,admin2,NP01,Koshi,NP0112,Khotang,42,2025-09-16,2025-09-30,0.16,16,2.23,223,0.0988841601147831,0.12444165655840358,260
NPL,Nepal,admin2,NP01,Koshi,NP0111,Solukhumbu,42,2025-09-16,2025-09-30,0,0,0.28,28,0,0.010303510687489595,5
NPL,Nepal,admin2,NP01,Koshi,NP0110,Bhojpur,42,2025-09-16,2025-09-30,0.21,21,3.21,321,0.187378295959732,0.18679506002087776,205
NPL,Nepal,admin2,NP01,Koshi,NP0109,Sankhuwasabha,42,2025-09-16,2025-09-30,0.01,1,0.41000000000000003,41,0.0262729772640866,0.012094281395742318,33
NPL,Nepal,admin2,NP01,Koshi,NP0108,Terhathum,42,2025-09-16,2025-09-30,0,0,0.01,1,0,0.44570289969062965,1
NPL,Nepal,admin2,NP01,Koshi,NP0107,Dhankuta,42,2025-09-16,2025-09-30,0.23,23,2.27,227,0.2870338513972161,0.22488270726378676,297
NPL,Nepal,admin2,NP01,Koshi,NP0106,Sunsari,42,2025-09-16,2025-09-30,22.46,2246,116.89,11689,3.2821829780476603,8.730166238378072,65910
NPL,Nepal,admin2,NP01,Koshi,NP0105,Morang,42,2025-09-16,2025-09-30,6.73,673,27.46,2746,0.6555553632863096,1.3417864429307127,16835
NPL,Nepal,admin2,NP01,Koshi,NP0104,Jhapa,42,2025-09-16,2025-09-30,5.16,516,14.44,1444,0.4438173989912347,0.8019935754264046,3089
NPL,Nepal,admin2,NP01,Koshi,NP0103,Ilam,42,2025-09-16,2025-09-30,0.01,1,1.25,125,0.0089139582798787,0.06663399945731173,112
NPL,Nepal,admin2,NP01,Koshi,NP0102,Panchthar,42,2025-09-16,2025-09-30,0.01,1,2.57,257,0.0149951750819001,0.183255925519602,301
NPL,Nepal,admin2,NP01,Koshi,NP0101,Taplejung,42,2025-09-16,2025-09-30,0,0,0.16,16,0,0.022209425190136804,0
NPL,Nepal,admin2,NP06,Karnali,NP0662,Dolpa,41,2025-09-01,2025-09-15,0,0,8.549999999999999,855,0,0.09366231803868864,17
NPL,Nepal,admin2,NP06,Karnali,NP0661,Dailekh,41,2025-09-01,2025-09-15,0.03,3,0.43000000000000005,43,0.0274984597267983,0.025301074129239733,78
NPL,Nepal,admin2,NP06,Karnali,NP0660,Jajarkot,41,2025-09-01,2025-09-15,0,0,0.09,9,0,0.0037942158823858893,21
NPL,Nepal,admin2,NP06,Karnali,NP0659,Surkhet,41,2025-09-01,2025-09-15,0.25,25,7.11,711,0.1224371738849862,0.25108627132060723,371
NPL,Nepal,admin2,NP06,Karnali,NP0653,Salyan,41,2025-09-01,2025-09-15,0.16,16,1.2400000000000002,124,0.1372710383006384,0.05624050974747444,147
NPL,Nepal,admin2,NP06,Karnali,NP0652,Rukum West,41,2025-09-01,2025-09-15,0.01,1,0.78,78,0.0304736683604449,0.05801243957037533,66
NPL,Nepal,admin2,NP05,Lumbini,NP0558,Bardiya,41,2025-09-01,2025-09-15,13.95,1395,51.68000000000001,5168,2.1177378291468223,2.264190777556349,13006
NPL,Nepal,admin2,NP05,Lumbini,NP0557,Banke,41,2025-09-01,2025-09-15,14.03,1403,34.23,3423,2.467992633100798,1.5999080451309107,11318
NPL,Nepal,admin2,NP05,Lumbini,NP0556,Dang,41,2025-09-01,2025-09-15,2.54,254,11.329999999999998,1133,0.4123852068760922,0.33274636420912973,1353
NPL,Nepal,admin2,NP05,Lumbini,NP0551,Gulmi,41,2025-09-01,2025-09-15,0.01,1,0.11,11,0.0145820359610162,0.009695321497552081,41
NPL,Nepal,admin2,NP05,Lumbini,NP0549,Kapilbastu,41,2025-09-01,2025-09-15,14.83,1483,22.82,2282,1.5940103165027142,1.222050280362161,11250
NPL,Nepal,admin2,NP05,Lumbini,NP0548,Rupandehi,41,2025-09-01,2025-09-15,11.52,1152,19.869999999999997,1987,1.2845125288945354,1.3448622075286003,10571
NPL,Nepal,admin2,NP05,Lumbini,NP0547,Nawalparasi West,41,2025-09-01,2025-09-15,7.66,766,27.810000000000002,2781,1.8039973877918336,3.3828930952258953,7568
NPL,Nepal,admin2,NP05,Lumbini,NP0546,Palpa,41,2025-09-01,2025-09-15,0.85,85,3.9,390,0.763131405418708,0.23574824798989988,928
NPL,Nepal,admin2,NP04,Gandaki,NP0447,Nawalparasi East,41,2025-09-01,2025-09-15,5.52,552,39.980000000000004,3998,2.3536092186037454,2.472983092100907,5735
NPL,Nepal,admin2,NP04,Gandaki,NP0445,Mustang,41,2025-09-01,2025-09-15,0,0,2.9,290,0,0.07586195569700736,57
NPL,Nepal,admin2,NP04,Gandaki,NP0444,Myagdi,41,2025-09-01,2025-09-15,0.01,1,0.32,32,0.0879377056190469,0.016854263988336764,47
NPL,Nepal,admin2,NP04,Gandaki,NP0441,Syangja,41,2025-09-01,2025-09-15,0.34,34,1.6600000000000001,166,0.3825657675562167,0.14122076729282995,351
NPL,Nepal,admin2,NP04,Gandaki,NP0440,Tanahu,41,2025-09-01,2025-09-15,0.18,18,3.1000000000000005,310,0.1330830945907665,0.1834562134113058,394
NPL,Nepal,admin2,NP04,Gandaki,NP0439,Kaski,41,2025-09-01,2025-09-15,0.96,96,10.809999999999999,1081,0.98946310713242,0.6061322895513424,3024
NPL,Nepal,admin2,NP04,Gandaki,NP0438,Manang,41,2025-09-01,2025-09-15,0,0,4.68,468,0,0.17629856509158998,8
NPL,Nepal,admin2,NP04,Gandaki,NP0437,Lamjung,41,2025-09-01,2025-09-15,0.02,2,0.09000000000000001,9,0.049418987744091,0.0066243074676206135,17
NPL,Nepal,admin2,NP04,Gandaki,NP0436,Gorkha,41,2025-09-01,2025-09-15,0.04,4,0.64,64,0.0419615114207303,0.03213752529279357,105
NPL,Nepal,admin2,NP03,Bagmati,NP0335,Chitawan,41,2025-09-01,2025-09-15,19.31,1931,88.36,8836,4.312725854169863,3.482832875958856,33105
NPL,Nepal,admin2,NP03,Bagmati,NP0331,Makawanpur,41,2025-09-01,2025-09-15,0.25,25,1.47,147,0.0794018023897763,0.05321952272970534,826
NPL,Nepal,admin2,NP03,Bagmati,NP0330,Dhading,41,2025-09-01,2025-09-15,0.16,16,1.9400000000000002,194,0.0903220579083934,0.09455173304324455,659
NPL,Nepal,admin2,NP03,Bagmati,NP0328,Nuwakot,41,2025-09-01,2025-09-15,0.21,21,1.02,102,0.1799846332447584,0.0765004792530024,368
NPL,Nepal,admin2,NP03,Bagmati,NP0324,Kabhrepalanchok,41,2025-09-01,2025-09-15,0.13,13,0.59,59,0.0669487197041896,0.037391126768743795,86
NPL,Nepal,admin2,NP03,Bagmati,NP0323,Sindhupalchok,41,2025-09-01,2025-09-15,0.01,1,0.46,46,0.0172270991051366,0.019535854088054794,92
NPL,Nepal,admin2,NP03,Bagmati,NP0322,Dolakha,41,2025-09-01,2025-09-15,0,0,0.32,32,0,0.016896071909681877,39
NPL,Nepal,admin2,NP03,Bagmati,NP0321,Ramechhap,41,2025-09-01,2025-09-15,0,0,0.16,16,0,0.010814260256093325,6
NPL,Nepal,admin2,NP03,Bagmati,NP0320,Sindhuli,41,2025-09-01,2025-09-15,0.84,84,2.81,281,0.2669989985667813,0.1004816711713857,410
NPL,Nepal,admin2,NP02,Madhesh,NP0234,Parsa,41,2025-09-01,2025-09-15,0.94,94,4.43,443,0.1703636962852398,0.2860298190105899,4956
NPL,Nepal,admin2,NP02,Madhesh,NP0233,Bara,41,2025-09-01,2025-09-15,4.05,405,5.52,552,0.5996606016800845,0.384824875565499,4678
NPL,Nepal,admin2,NP02,Madhesh,NP0232,Rautahat,41,2025-09-01,2025-09-15,14,1400,19.189999999999998,1919,2.2225157907567983,1.6403999968623053,12560
NPL,Nepal,admin2,NP02,Madhesh,NP0219,Sarlahi,41,2025-09-01,2025-09-15,4.77,477,7.43,743,0.6165200301724035,0.5222732671341543,4468
NPL,Nepal,admin2,NP02,Madhesh,NP0218,Mahottari,41,2025-09-01,2025-09-15,3.85,385,7.5600000000000005,756,0.6509303414031016,0.6906274284628495,7537
NPL,Nepal,admin2,NP02,Madhesh,NP0217,Dhanusha,41,2025-09-01,2025-09-15,5.57,557,7.710000000000001,771,0.7837867636468621,0.5891125422046751,4284
NPL,Nepal,admin2,NP02,Madhesh,NP0216,Siraha,41,2025-09-01,2025-09-15,8.47,847,10.26,1026,1.0445846638808167,0.8014258598373162,11727
NPL,Nepal,admin2,NP02,Madhesh,NP0215,Saptari,41,2025-09-01,2025-09-15,14.12,1412,68.49000000000001,6849,1.6811148416303543,4.7604136766354195,6585
NPL,Nepal,admin2,NP01,Koshi,NP0114,Udayapur,41,2025-09-01,2025-09-15,6.94,694,24.34,2434,2.066275159851142,0.9413209742091987,1994
NPL,Nepal,admin2,NP01,Koshi,NP0113,Okhaldhunga,41,2025-09-01,2025-09-15,0,0,0.36,36,0,0.03136940149300576,38
NPL,Nepal,admin2,NP01,Koshi,NP0112,Khotang,41,2025-09-01,2025-09-15,0,0,1.1,110,0,0.06747642709215347,98
NPL,Nepal,admin2,NP01,Koshi,NP0110,Bhojpur,41,2025-09-01,2025-09-15,0.05,5,2.3,230,0.0446138799904123,0.1338406972112208,163
NPL,Nepal,admin2,NP01,Koshi,NP0109,Sankhuwasabha,41,2025-09-01,2025-09-15,0.05,5,1.3900000000000001,139,0.1313648863204334,0.03866039131820125,154
NPL,Nepal,admin2,NP01,Koshi,NP0108,Terhathum,41,2025-09-01,2025-09-15,0,0,0.38,38,0,0.05380073606513736,33
NPL,Nepal,admin2,NP01,Koshi,NP0107,Dhankuta,41,2025-09-01,2025-09-15,0.26,26,1.0100000000000002,101,0.3244730494055486,0.10005794464159669,183
NPL,Nepal,admin2,NP01,Koshi,NP0106,Sunsari,41,2025-09-01,2025-09-15,18.3,1830,110.39000000000001,11039,2.67426306759894,8.244700582210248,44376
NPL,Nepal,admin2,NP01,Koshi,NP0105,Morang,41,2025-09-01,2025-09-15,11.62,1162,19.84,1984,1.131880136907417,0.9694480345136685,8442
NPL,Nepal,admin2,NP01,Koshi,NP0104,Jhapa,41,2025-09-01,2025-09-15,6.88,688,14.65,1465,0.5917565319883129,0.8136569168972874,3240
NPL,Nepal,admin2,NP01,Koshi,NP0103,Ilam,41,2025-09-01,2025-09-15,0,0,0.46,46,0,0.0271771063207322,35
NPL,Nepal,admin2,NP01,Koshi,NP0102,Panchthar,41,2025-09-01,2025-09-15,0,0,0.41000000000000003,41,0,0.030695005383883325,30
NPL,Nepal,admin2,NP01,Koshi,NP0101,Taplejung,41,2025-09-01,2025-09-15,0,0,0.18,18,0,0.007193653335870976,25
NPL,Nepal,admin2,NP07,Sudurpaschim,NP0774,Baitadi,41,2025-09-01,2025-09-15,0.03,3,0.5100000000000001,51,0.0464853999385055,0.029653625136861487,65
NPL,Nepal,admin2,NP07,Sudurpaschim,NP0773,Dadeldhura,41,2025-09-01,2025-09-15,0.01,1,1.4400000000000002,144,0.0117155519127591,0.08342129638012241,79
NPL,Nepal,admin2,NP07,Sudurpaschim,NP0772,Kanchanpur,41,2025-09-01,2025-09-15,7.47,747,45.44,4544,1.2322291927538698,2.451308143916614,20031
NPL,Nepal,admin2,NP07,Sudurpaschim,NP0771,Kailali,41,2025-09-01,2025-09-15,10.9,1090,57.77,5777,1.175732575089104,1.536150601289973,49706
NPL,Nepal,admin2,NP07,Sudurpaschim,NP0770,Doti,41,2025-09-01,2025-09-15,0.15,15,2.23,223,0.127365968545767,0.09470456505814738,390
NPL,Nepal,admin2,NP07,Sudurpaschim,NP0769,Achham,41,2025-09-01,2025-09-15,0.01,1,1.23,123,0.0072736690897017,0.06303473258984288,158
NPL,Nepal,admin2,NP06,Karnali,NP0666,Humla,41,2025-09-01,2025-09-15,0,0,0.24,24,0,0.012199070410901333,0
NPL,Nepal,admin2,NP06,Karnali,NP0665,Mugu,41,2025-09-01,2025-09-15,0,0,3.83,383,0,0.16204276117081987,89
NPL,Nepal,admin2,NP06,Karnali,NP0664,Kalikot,41,2025-09-01,2025-09-15,0,0,0.16,16,0,0.014057698029896199,8
NPL,Nepal,admin2,NP01,Koshi,NP0102,Panchthar,40,2025-08-16,2025-08-31,0,0,0.12,12,0,0.010772727383142899,11
NPL,Nepal,admin2,NP01,Koshi,NP0103,Ilam,40,2025-08-16,2025-08-31,0,0,0.33,33,0,0.019304367850085886,32
NPL,Nepal,admin2,NP01,Koshi,NP0104,Jhapa,40,2025-08-16,2025-08-31,9.1,910,11.740000000000002,1174,0.7827012269031465,0.6520363279436284,4690
NPL,Nepal,admin2,NP01,Koshi,NP0105,Morang,40,2025-08-16,2025-08-31,9.01,901,13.4,1340,0.8776454417844946,0.6547683297622559,6175
NPL,Nepal,admin2,NP01,Koshi,NP0106,Sunsari,40,2025-08-16,2025-08-31,35.65,3565,119.31,11931,5.209698271032908,8.910908836520559,91859
NPL,Nepal,admin2,NP01,Koshi,NP0107,Dhankuta,40,2025-08-16,2025-08-31,0.15,15,0.8500000000000001,85,0.1871959900416627,0.08420718113401711,163
NPL,Nepal,admin2,NP01,Koshi,NP0108,Terhathum,40,2025-08-16,2025-08-31,0,0,0.01,1,0,0.9316429797961348,1
NPL,Nepal,admin2,NP01,Koshi,NP0109,Sankhuwasabha,40,2025-08-16,2025-08-31,0,0,1.59,159,0,0.0431540893366387,41
NPL,Nepal,admin2,NP01,Koshi,NP0110,Bhojpur,40,2025-08-16,2025-08-31,0,0,0.39,39,0,0.028225036842258355,30
NPL,Nepal,admin2,NP01,Koshi,NP0111,Solukhumbu,40,2025-08-16,2025-08-31,0,0,1.9200000000000002,192,0,0.13287959222683687,4
NPL,Nepal,admin2,NP01,Koshi,NP0112,Khotang,40,2025-08-16,2025-08-31,0.1,10,1.48,148,0.0618026000717394,0.08258908148270726,128
NPL,Nepal,admin2,NP01,Koshi,NP0113,Okhaldhunga,40,2025-08-16,2025-08-31,0,0,0.17,17,0,0.014813328482808221,12
NPL,Nepal,admin2,NP01,Koshi,NP0114,Udayapur,40,2025-08-16,2025-08-31,11.66,1166,23.79,2379,3.4715804558882306,0.9200503687936252,2008
NPL,Nepal,admin2,NP02,Madhesh,NP0215,Saptari,40,2025-08-16,2025-08-31,28.25,2825,74.38000000000001,7438,3.363420274508323,5.169799522092898,12192
NPL,Nepal,admin2,NP02,Madhesh,NP0216,Siraha,40,2025-08-16,2025-08-31,61.09,6109,67.03999999999999,6704,7.534082304188796,5.234031491998406,81883
NPL,Nepal,admin2,NP02,Madhesh,NP0217,Dhanusha,40,2025-08-16,2025-08-31,114.72,11472,128.71999999999997,12872,16.14291158448259,9.62803432413772,87857
NPL,Nepal,admin2,NP02,Madhesh,NP0218,Mahottari,40,2025-08-16,2025-08-31,18.99,1899,23.359999999999996,2336,3.210692774868805,2.073841976082302,18879
NPL,Nepal,admin2,NP02,Madhesh,NP0219,Sarlahi,40,2025-08-16,2025-08-31,32.87,3287,42.32999999999999,4233,4.248430480454278,2.9739890334231847,31323
NPL,Nepal,admin2,NP02,Madhesh,NP0232,Rautahat,40,2025-08-16,2025-08-31,94.58,9458,105.18,10518,15.014681677841285,8.994647157231848,76947
NPL,Nepal,admin2,NP02,Madhesh,NP0233,Bara,40,2025-08-16,2025-08-31,28.26,2826,31.89,3189,4.184298420612145,2.2230762474187573,20305
NPL,Nepal,admin2,NP02,Madhesh,NP0234,Parsa,40,2025-08-16,2025-08-31,7.63,763,13.079999999999998,1308,1.3828457475067872,0.8240382995727314,25437
NPL,Nepal,admin2,NP03,Bagmati,NP0320,Sindhuli,40,2025-08-16,2025-08-31,0.46,46,0.76,76,0.1462137373103802,0.027176537398666236,154
NPL,Nepal,admin2,NP03,Bagmati,NP0324,Kabhrepalanchok,40,2025-08-16,2025-08-31,0.16,16,0.9700000000000001,97,0.0823984242513103,0.06238852008856111,50
NPL,Nepal,admin2,NP03,Bagmati,NP0327,Kathmandu,40,2025-08-16,2025-08-31,0,0,0.4,40,0,0.3462384082266244,19720
NPL,Nepal,admin2,NP03,Bagmati,NP0328,Nuwakot,40,2025-08-16,2025-08-31,0.06,6,0.44,44,0.0514241809270738,0.033211933160066875,127
NPL,Nepal,admin2,NP03,Bagmati,NP0329,Rasuwa,40,2025-08-16,2025-08-31,0,0,0.16,16,0,0.06974344668010932,0
NPL,Nepal,admin2,NP03,Bagmati,NP0330,Dhading,40,2025-08-16,2025-08-31,0.02,2,0.63,63,0.0112902572385491,0.030833569279392983,152
NPL,Nepal,admin2,NP03,Bagmati,NP0331,Makawanpur,40,2025-08-16,2025-08-31,0.11,11,2.0000000000000004,200,0.0349367930515015,0.07240751391796642,198
NPL,Nepal,admin2,NP03,Bagmati,NP0335,Chitawan,40,2025-08-16,2025-08-31,25.07,2507,100.25999999999999,10026,5.599173338375891,3.9518880052471124,11833
NPL,Nepal,admin2,NP07,Sudurpaschim,NP0771,Kailali,40,2025-08-16,2025-08-31,6.31,631,45.44,4544,0.6806305090653436,1.208286019086314,22776
NPL,Nepal,admin2,NP07,Sudurpaschim,NP0769,Achham,40,2025-08-16,2025-08-31,0,0,0.28,28,0,0.0194553213042225,18
NPL,Nepal,admin2,NP07,Sudurpaschim,NP0768,Bajura,40,2025-08-16,2025-08-31,0,0,0.13,13,0,0.1397846515187613,0
NPL,Nepal,admin2,NP07,Sudurpaschim,NP0767,Bajhang,40,2025-08-16,2025-08-31,0,0,1.41,141,0,0.05100743840388952,14
NPL,Nepal,admin2,NP06,Karnali,NP0666,Humla,40,2025-08-16,2025-08-31,0,0,15.95,1595,0,0.2655399637400592,24
NPL,Nepal,admin2,NP06,Karnali,NP0665,Mugu,40,2025-08-16,2025-08-31,0,0,8.02,802,0,0.2151218398937266,73
NPL,Nepal,admin2,NP06,Karnali,NP0662,Dolpa,40,2025-08-16,2025-08-31,0,0,17.83,1783,0,0.1953215357461779,27
NPL,Nepal,admin2,NP06,Karnali,NP0661,Dailekh,40,2025-08-16,2025-08-31,0.08,8,0.28,28,0.0733292259381288,0.016475118037644506,54
NPL,Nepal,admin2,NP06,Karnali,NP0660,Jajarkot,40,2025-08-16,2025-08-31,0,0,0.52,52,0,0.021733457986570413,83
NPL,Nepal,admin2,NP06,Karnali,NP0659,Surkhet,40,2025-08-16,2025-08-31,0.97,97,6.809999999999999,681,0.4750562346737467,0.24049191388091923,414
NPL,Nepal,admin2,NP06,Karnali,NP0653,Salyan,40,2025-08-16,2025-08-31,0.27,27,3.46,346,0.2316448771323273,0.1569291642953723,249
NPL,Nepal,admin2,NP06,Karnali,NP0652,Rukum West,40,2025-08-16,2025-08-31,0.14,14,0.64,64,0.4266313570462291,0.047599950416718065,155
NPL,Nepal,admin2,NP05,Lumbini,NP0558,Bardiya,40,2025-08-16,2025-08-31,14.72,1472,48.97,4897,2.234630884949192,2.145460959306006,13079
NPL,Nepal,admin2,NP05,Lumbini,NP0557,Banke,40,2025-08-16,2025-08-31,12.26,1226,28.449999999999996,2845,2.156635045033199,1.329751208997207,9596
NPL,Nepal,admin2,NP05,Lumbini,NP0556,Dang,40,2025-08-16,2025-08-31,3.69,369,14.309999999999999,1431,0.5990950446349529,0.4194116692336167,1866
NPL,Nepal,admin2,NP05,Lumbini,NP0555,Pyuthan,40,2025-08-16,2025-08-31,0.02,2,0.6900000000000001,69,0.0229478750267725,0.045972865792989696,76
NPL,Nepal,admin2,NP05,Lumbini,NP0550,Arghakhanchi,40,2025-08-16,2025-08-31,0.27,27,7.5600000000000005,756,0.3932645239414414,0.5373456329866327,984
NPL,Nepal,admin2,NP05,Lumbini,NP0549,Kapilbastu,40,2025-08-16,2025-08-31,18.94,1894,33.78,3378,2.035775818918504,1.8057157667669848,13095
NPL,Nepal,admin2,NP05,Lumbini,NP0548,Rupandehi,40,2025-08-16,2025-08-31,14.47,1447,24.400000000000006,2440,1.613445858776383,1.6564105163485747,17551
NPL,Nepal,admin2,NP05,Lumbini,NP0547,Nawalparasi West,40,2025-08-16,2025-08-31,8.6,860,30.11,3011,2.0253756573119803,3.6626720998652176,8206
NPL,Nepal,admin2,NP05,Lumbini,NP0546,Palpa,40,2025-08-16,2025-08-31,0.34,34,2.68,268,0.3052525621674832,0.17757202450192566,642
NPL,Nepal,admin2,NP04,Gandaki,NP0447,Nawalparasi East,40,2025-08-16,2025-08-31,6.52,652,45.53,4553,2.7799877002348587,2.8162811451564354,7033
NPL,Nepal,admin2,NP04,Gandaki,NP0445,Mustang,40,2025-08-16,2025-08-31,0,0,13.95,1395,0,0.3414242670346341,83
NPL,Nepal,admin2,NP04,Gandaki,NP0444,Myagdi,40,2025-08-16,2025-08-31,0.01,1,0.9199999999999999,92,0.0879377056190469,0.03856669397076796,47
NPL,Nepal,admin2,NP04,Gandaki,NP0441,Syangja,40,2025-08-16,2025-08-31,0.05,5,1.07,107,0.0562596716994436,0.09984764314551141,255
NPL,Nepal,admin2,NP04,Gandaki,NP0440,Tanahu,40,2025-08-16,2025-08-31,0.34,34,2.22,222,0.251379178671448,0.12426422397870146,368
NPL,Nepal,admin2,NP04,Gandaki,NP0439,Kaski,40,2025-08-16,2025-08-31,0.94,94,9.98,998,0.9688492924004946,0.5595929925737648,2456
NPL,Nepal,admin2,NP04,Gandaki,NP0438,Manang,40,2025-08-16,2025-08-31,0,0,10.18,1018,0,0.413853696285528,5
NPL,Nepal,admin2,NP04,Gandaki,NP0437,Lamjung,40,2025-08-16,2025-08-31,0.02,2,0.11000000000000001,11,0.049418987744091,0.006679856346652855,52
NPL,Nepal,admin2,NP04,Gandaki,NP0436,Gorkha,40,2025-08-16,2025-08-31,0.09,9,1.05,105,0.0944134006966433,0.03444855518385129,120
NPL,Nepal,admin2,NP07,Sudurpaschim,NP0775,Darchula,40,2025-08-16,2025-08-31,0,0,0.41000000000000003,41,0,0.029150136754708976,20
NPL,Nepal,admin2,NP07,Sudurpaschim,NP0774,Baitadi,40,2025-08-16,2025-08-31,0,0,0.14,14,0,0.010898152460940017,24
NPL,Nepal,admin2,NP07,Sudurpaschim,NP0773,Dadeldhura,40,2025-08-16,2025-08-31,0.18,18,3.4899999999999998,349,0.2108799344296638,0.20218078081015775,222
NPL,Nepal,admin2,NP07,Sudurpaschim,NP0772,Kanchanpur,40,2025-08-16,2025-08-31,5.99,599,44.25,4425,0.9880927529579224,2.387112354056122,14513
NPL,Nepal,admin2,NP07,Sudurpaschim,NP0775,Darchula,39,2025-08-01,2025-08-15,0.03,3,0.15,15,0.2210759027266028,0.007678422910952423,26
NPL,Nepal,admin2,NP07,Sudurpaschim,NP0774,Baitadi,39,2025-08-01,2025-08-15,0,0,0.01,1,0,0.1681980383491525,1
NPL,Nepal,admin2,NP07,Sudurpaschim,NP0773,Dadeldhura,39,2025-08-01,2025-08-15,0,0,0.01,1,0,0.20992319280827837,3
NPL,Nepal,admin2,NP07,Sudurpaschim,NP0772,Kanchanpur,39,2025-08-01,2025-08-15,2.54,254,19.11,1911,0.4189909169470989,1.0312835261585875,7151
NPL,Nepal,admin2,NP07,Sudurpaschim,NP0771,Kailali,39,2025-08-01,2025-08-15,14.17,1417,33.69,3369,1.528452347615835,0.8959536927221167,32186
NPL,Nepal,admin2,NP07,Sudurpaschim,NP0770,Doti,39,2025-08-01,2025-08-15,0.07,7,0.46,46,0.0594374519880246,0.019606439423297806,64
NPL,Nepal,admin2,NP07,Sudurpaschim,NP0769,Achham,39,2025-08-01,2025-08-15,0.15,15,0.43999999999999995,44,0.1091050363455261,0.02759739445177249,40
NPL,Nepal,admin2,NP07,Sudurpaschim,NP0767,Bajhang,39,2025-08-01,2025-08-15,0,0,1.74,174,0,0.20527181698913985,1
NPL,Nepal,admin2,NP06,Karnali,NP0666,Humla,39,2025-08-01,2025-08-15,0,0,22.209999999999997,2221,0,0.3697581564054371,33
NPL,Nepal,admin2,NP06,Karnali,NP0665,Mugu,39,2025-08-01,2025-08-15,0,0,8.15,815,0,0.21860885226108032,26
NPL,Nepal,admin2,NP06,Karnali,NP0662,Dolpa,39,2025-08-01,2025-08-15,0,0,17.73,1773,0,0.20786061668805741,20
NPL,Nepal,admin2,NP06,Karnali,NP0661,Dailekh,39,2025-08-01,2025-08-15,0.02,2,0.2,20,0.0183323064845322,0.045491912073231465,31
NPL,Nepal,admin2,NP01,Koshi,NP0103,Ilam,39,2025-08-01,2025-08-15,0,0,0.15,15,0,0.008862099887195302,16
NPL,Nepal,admin2,NP01,Koshi,NP0104,Jhapa,39,2025-08-01,2025-08-15,82.95,8295,89.79,8979,7.134622722155603,4.986911574621668,31176
NPL,Nepal,admin2,NP01,Koshi,NP0105,Morang,39,2025-08-01,2025-08-15,9.62,962,10.67,1067,0.9370642785756756,0.5310848655403831,4738
NPL,Nepal,admin2,NP01,Koshi,NP0106,Sunsari,39,2025-08-01,2025-08-15,32.47,3247,93.69999999999999,9370,4.744990262564895,6.9981741512193105,88611
NPL,Nepal,admin2,NP01,Koshi,NP0107,Dhankuta,39,2025-08-01,2025-08-15,0.03,3,0.16,16,0.0374391980083325,0.015949577443700794,19
NPL,Nepal,admin2,NP01,Koshi,NP0109,Sankhuwasabha,39,2025-08-01,2025-08-15,0,0,1.32,132,0,0.043821003516342154,17
NPL,Nepal,admin2,NP01,Koshi,NP0111,Solukhumbu,39,2025-08-01,2025-08-15,0,0,1.48,148,0,0.10242801900818689,2
NPL,Nepal,admin2,NP01,Koshi,NP0112,Khotang,39,2025-08-01,2025-08-15,0.1,10,0.12000000000000001,12,0.0618026000717394,0.006750691896281901,37
NPL,Nepal,admin2,NP01,Koshi,NP0114,Udayapur,39,2025-08-01,2025-08-15,8.85,885,15.469999999999999,1547,2.6349474300695404,0.5987135501434682,1222
NPL,Nepal,admin2,NP02,Madhesh,NP0215,Saptari,39,2025-08-01,2025-08-15,31.22,3122,59.31999999999999,5932,3.717025875049552,4.123050654081077,14956
NPL,Nepal,admin2,NP02,Madhesh,NP0216,Siraha,39,2025-08-01,2025-08-15,69.51,6951,75.15,7515,8.57250058870786,5.867205647727929,84317
NPL,Nepal,admin2,NP02,Madhesh,NP0217,Dhanusha,39,2025-08-01,2025-08-15,98.86,9886,107,10700,13.91115968655813,8.003415729356247,66802
NPL,Nepal,admin2,NP02,Madhesh,NP0218,Mahottari,39,2025-08-01,2025-08-15,10.22,1022,12.86,1286,1.7279241789973243,1.1426230343298416,8721
NPL,Nepal,admin2,NP02,Madhesh,NP0219,Sarlahi,39,2025-08-01,2025-08-15,32.63,3263,38.05,3805,4.217410604722334,2.6732880397295578,29934
NPL,Nepal,admin2,NP02,Madhesh,NP0232,Rautahat,39,2025-08-01,2025-08-15,95.61,9561,103.19,10319,15.178195339589823,8.82461984239504,75179
NPL,Nepal,admin2,NP02,Madhesh,NP0233,Bara,39,2025-08-01,2025-08-15,32.71,3271,35.61,3561,4.843184760729769,2.4824002875692046,22993
NPL,Nepal,admin2,NP02,Madhesh,NP0234,Parsa,39,2025-08-01,2025-08-15,4.86,486,5.359999999999999,536,0.8808165573896443,0.33767930318882566,16612
NPL,Nepal,admin2,NP03,Bagmati,NP0320,Sindhuli,39,2025-08-01,2025-08-15,0.65,65,1.93,193,0.2066063679385807,0.06928907452576005,389
NPL,Nepal,admin2,NP03,Bagmati,NP0324,Kabhrepalanchok,39,2025-08-01,2025-08-15,0.03,3,0.44,44,0.0154497045471206,0.02809578911230568,37
NPL,Nepal,admin2,NP03,Bagmati,NP0327,Kathmandu,39,2025-08-01,2025-08-15,0,0,0.4,40,0,0.3462384082266244,19720
NPL,Nepal,admin2,NP03,Bagmati,NP0329,Rasuwa,39,2025-08-01,2025-08-15,0,0,1.32,132,0,0.24880165341486143,1
NPL,Nepal,admin2,NP03,Bagmati,NP0330,Dhading,39,2025-08-01,2025-08-15,0.02,2,0.24,24,0.0112902572385491,0.013825927952456803,55
NPL,Nepal,admin2,NP03,Bagmati,NP0331,Makawanpur,39,2025-08-01,2025-08-15,0,0,0.16,16,0,0.8450546696519744,881
NPL,Nepal,admin2,NP03,Bagmati,NP0335,Chitawan,39,2025-08-01,2025-08-15,14.13,1413,44.99,4499,3.155816484692914,1.7734975106309072,5739
NPL,Nepal,admin2,NP04,Gandaki,NP0436,Gorkha,39,2025-08-01,2025-08-15,0,0,1.5899999999999999,159,0,0.05415501388876738,30
NPL,Nepal,admin2,NP04,Gandaki,NP0438,Manang,39,2025-08-01,2025-08-15,0,0,4.94,494,0,0.20082880743128753,3
NPL,Nepal,admin2,NP04,Gandaki,NP0439,Kaski,39,2025-08-01,2025-08-15,0.37,37,5.29,529,0.3813555725406201,0.2571742502868716,711
NPL,Nepal,admin2,NP04,Gandaki,NP0440,Tanahu,39,2025-08-01,2025-08-15,0,0,0.37999999999999995,38,0,0.02461950291470512,37
NPL,Nepal,admin2,NP04,Gandaki,NP0444,Myagdi,39,2025-08-01,2025-08-15,0,0,1.39,139,0,0.2855096655634261,1
NPL,Nepal,admin2,NP04,Gandaki,NP0445,Mustang,39,2025-08-01,2025-08-15,0,0,14.75,1475,0,0.3726765087349571,72
NPL,Nepal,admin2,NP04,Gandaki,NP0447,Nawalparasi East,39,2025-08-01,2025-08-15,2.42,242,15.36,1536,1.0318359255472942,0.950100557645571,2423
NPL,Nepal,admin2,NP05,Lumbini,NP0547,Nawalparasi West,39,2025-08-01,2025-08-15,7.91,791,19.6,1960,1.862874587132298,2.384203691709009,5933
NPL,Nepal,admin2,NP05,Lumbini,NP0548,Rupandehi,39,2025-08-01,2025-08-15,0.87,87,2.21,221,0.0970074566092227,0.1509758052130012,557
NPL,Nepal,admin2,NP05,Lumbini,NP0549,Kapilbastu,39,2025-08-01,2025-08-15,5.03,503,10.33,1033,0.5406521842217568,0.553189281163064,4308
NPL,Nepal,admin2,NP05,Lumbini,NP0556,Dang,39,2025-08-01,2025-08-15,0.53,53,1.24,124,0.0860488817497357,0.036617891835472004,143
NPL,Nepal,admin2,NP05,Lumbini,NP0557,Banke,39,2025-08-01,2025-08-15,5.55,555,10.21,1021,0.9762907422458608,0.4772147572534794,3899
NPL,Nepal,admin2,NP05,Lumbini,NP0558,Bardiya,39,2025-08-01,2025-08-15,20.54,2054,34.97,3497,3.1181602158190493,1.532096584580989,11688
NPL,Nepal,admin2,NP06,Karnali,NP0652,Rukum West,39,2025-08-01,2025-08-15,0,0,0.16,16,0,0.015925760972283095,19
NPL,Nepal,admin2,NP06,Karnali,NP0659,Surkhet,39,2025-08-01,2025-08-15,0.11,11,2.2600000000000002,226,0.0538723565093939,0.07994258671294548,102
NPL,Nepal,admin2,NP01,Koshi,NP0101,Taplejung,38,2025-07-16,2025-07-31,0,0,7.04,704,0,0.31038220165548175,6
NPL,Nepal,admin2,NP01,Koshi,NP0104,Jhapa,38,2025-07-16,2025-07-31,36.09,3609,38.17,3817,3.104141459223577,2.1367130631893096,12782
NPL,Nepal,admin2,NP01,Koshi,NP0105,Morang,38,2025-07-16,2025-07-31,72.55,7255,79.61,7961,7.066945260983916,3.890141471988885,38881
NPL,Nepal,admin2,NP01,Koshi,NP0106,Sunsari,38,2025-07-16,2025-07-31,88.76,8876,151.8,15180,12.970906550824148,11.337490247119444,230644
NPL,Nepal,admin2,NP01,Koshi,NP0108,Terhathum,38,2025-07-16,2025-07-31,0,0,0.48,48,0,0.06795882450333146,58
NPL,Nepal,admin2,NP07,Sudurpaschim,NP0775,Darchula,38,2025-07-16,2025-07-31,0,0,2.31,231,0,0.1531675772646579,1
NPL,Nepal,admin2,NP07,Sudurpaschim,NP0773,Dadeldhura,38,2025-07-16,2025-07-31,0,0,0.46,46,0,0.028034740995201743,37
NPL,Nepal,admin2,NP07,Sudurpaschim,NP0772,Kanchanpur,38,2025-07-16,2025-07-31,2.06,206,22.910000000000004,2291,0.3398115310673322,1.2363529871425039,9221
NPL,Nepal,admin2,NP07,Sudurpaschim,NP0771,Kailali,38,2025-07-16,2025-07-31,13.46,1346,33.33,3333,1.4518679321742511,0.8862737698804437,26513
NPL,Nepal,admin2,NP07,Sudurpaschim,NP0770,Doti,38,2025-07-16,2025-07-31,0,0,0.32,32,0,0.01430538243344961,55
NPL,Nepal,admin2,NP07,Sudurpaschim,NP0769,Achham,38,2025-07-16,2025-07-31,0,0,0.32,32,0,0.0222346529191115,6
NPL,Nepal,admin2,NP07,Sudurpaschim,NP0768,Bajura,38,2025-07-16,2025-07-31,0,0,3.3299999999999996,333,0,0.12701817391259854,45
NPL,Nepal,admin2,NP07,Sudurpaschim,NP0767,Bajhang,38,2025-07-16,2025-07-31,0,0,10.6,1060,0,0.42229112196892454,3
NPL,Nepal,admin2,NP06,Karnali,NP0666,Humla,38,2025-07-16,2025-07-31,0,0,39.22,3922,0,0.6529452901495312,62
NPL,Nepal,admin2,NP06,Karnali,NP0665,Mugu,38,2025-07-16,2025-07-31,0,0,5.99,599,0,0.16067080061888073,132
NPL,Nepal,admin2,NP06,Karnali,NP0662,Dolpa,38,2025-07-16,2025-07-31,0,0,15.719999999999999,1572,0,0.17220720930622055,15
NPL,Nepal,admin2,NP06,Karnali,NP0660,Jajarkot,38,2025-07-16,2025-07-31,0,0,0.15000000000000002,15,0,0.0063346468216617415,12
NPL,Nepal,admin2,NP06,Karnali,NP0659,Surkhet,38,2025-07-16,2025-07-31,0.11,11,0.6399999999999999,64,0.0538723565093939,0.022552828445981846,43
NPL,Nepal,admin2,NP06,Karnali,NP0652,Rukum West,38,2025-07-16,2025-07-31,0.01,1,0.36,36,0.0304736683604449,0.027339999428778614,40
NPL,Nepal,admin2,NP05,Lumbini,NP0558,Bardiya,38,2025-07-16,2025-07-31,21.5,2150,33.22,3322,3.2638970126635614,1.4558789083274764,9943
NPL,Nepal,admin2,NP05,Lumbini,NP0557,Banke,38,2025-07-16,2025-07-31,11.13,1113,17.47,1747,1.957858731747105,0.8165467002172658,5751
NPL,Nepal,admin2,NP05,Lumbini,NP0556,Dang,38,2025-07-16,2025-07-31,0.18,18,0.76,76,0.0292241485187781,0.023255903813581672,67
NPL,Nepal,admin2,NP05,Lumbini,NP0549,Kapilbastu,38,2025-07-16,2025-07-31,3.62,362,4.95,495,0.3890975958017414,0.26508102049924165,2547
NPL,Nepal,admin2,NP05,Lumbini,NP0548,Rupandehi,38,2025-07-16,2025-07-31,2.01,201,2.459999999999999,246,0.2241206756144111,0.16673206951151126,1365
NPL,Nepal,admin2,NP05,Lumbini,NP0547,Nawalparasi West,38,2025-07-16,2025-07-31,3.45,345,16.95,1695,0.8125053508984107,2.0618496211463113,4023
NPL,Nepal,admin2,NP05,Lumbini,NP0546,Palpa,38,2025-07-16,2025-07-31,0.74,74,2.0700000000000003,207,0.6643732235409929,0.12574884107857429,533
NPL,Nepal,admin2,NP04,Gandaki,NP0447,Nawalparasi East,38,2025-07-16,2025-07-31,12.2,1220,33.25,3325,5.201817475899582,2.056695543080419,6734
NPL,Nepal,admin2,NP04,Gandaki,NP0445,Mustang,38,2025-07-16,2025-07-31,0,0,17.939999999999998,1794,0,0.4531554794904408,73
NPL,Nepal,admin2,NP04,Gandaki,NP0444,Myagdi,38,2025-07-16,2025-07-31,0,0,0.6000000000000001,60,0,0.08947938786741366,0
NPL,Nepal,admin2,NP04,Gandaki,NP0441,Syangja,38,2025-07-16,2025-07-31,0.04,4,0.2,20,0.0450077373595549,0.01872739630805904,75
NPL,Nepal,admin2,NP04,Gandaki,NP0440,Tanahu,38,2025-07-16,2025-07-31,0,0,1.09,109,0,0.06712015534108111,113
NPL,Nepal,admin2,NP04,Gandaki,NP0439,Kaski,38,2025-07-16,2025-07-31,0.94,94,9.46,946,0.9688492924004946,0.45069489743426105,1478
NPL,Nepal,admin2,NP04,Gandaki,NP0438,Manang,38,2025-07-16,2025-07-31,0,0,8.07,807,0,0.32807459027742547,7
NPL,Nepal,admin2,NP04,Gandaki,NP0436,Gorkha,38,2025-07-16,2025-07-31,0.09,9,1.1199999999999999,112,0.0944134006966433,0.036745125529441355,59
NPL,Nepal,admin2,NP03,Bagmati,NP0335,Chitawan,38,2025-07-16,2025-07-31,11.05,1105,44.54,4454,2.467924427166079,1.7557585935430227,3454
NPL,Nepal,admin2,NP03,Bagmati,NP0329,Rasuwa,38,2025-07-16,2025-07-31,0,0,1.12,112,0,0.16467968935506036,1
NPL,Nepal,admin2,NP03,Bagmati,NP0323,Sindhupalchok,38,2025-07-16,2025-07-31,0,0,0.56,56,0,0.2973125073000836,0
NPL,Nepal,admin2,NP03,Bagmati,NP0320,Sindhuli,38,2025-07-16,2025-07-31,3.43,343,4.74,474,1.090245910814357,0.16908738472974252,1052
NPL,Nepal,admin2,NP02,Madhesh,NP0234,Parsa,38,2025-07-16,2025-07-31,9.31,931,11.52,1152,1.6873255451229603,0.7257585023759836,13511
NPL,Nepal,admin2,NP02,Madhesh,NP0233,Bara,38,2025-07-16,2025-07-31,51.28,5128,58.36,5836,7.592739667692527,4.068547053985966,36111
NPL,Nepal,admin2,NP02,Madhesh,NP0232,Rautahat,38,2025-07-16,2025-07-31,47.27,4727,50.74,5074,7.50416581636242,4.339191886841014,35233
NPL,Nepal,admin2,NP02,Madhesh,NP0219,Sarlahi,38,2025-07-16,2025-07-31,10.27,1027,11.72,1172,1.327392182362806,0.823828087592502,8040
NPL,Nepal,admin2,NP02,Madhesh,NP0218,Mahottari,38,2025-07-16,2025-07-31,1.99,199,2.17,217,0.3364549037382265,0.20598155393958326,1277
NPL,Nepal,admin2,NP02,Madhesh,NP0217,Dhanusha,38,2025-07-16,2025-07-31,39.01,3901,41.699999999999996,4170,5.489321660657826,3.1188782280653635,27533
NPL,Nepal,admin2,NP02,Madhesh,NP0216,Siraha,38,2025-07-16,2025-07-31,84.8,8480,90.80000000000001,9080,10.458179397531673,7.0890521997830485,89520
NPL,Nepal,admin2,NP02,Madhesh,NP0215,Saptari,38,2025-07-16,2025-07-31,77.8,7780,113.69999999999999,11370,9.26279990643354,7.9027454377784645,45899
NPL,Nepal,admin2,NP01,Koshi,NP0114,Udayapur,38,2025-07-16,2025-07-31,14.41,1441,28.529999999999998,2853,4.290349431333568,1.1033643136478404,3377
NPL,Nepal,admin2,NP01,Koshi,NP0112,Khotang,38,2025-07-16,2025-07-31,0.02,2,0.24,24,0.0123605200143478,0.013443484382449238,47
NPL,Nepal,admin2,NP01,Koshi,NP0111,Solukhumbu,38,2025-07-16,2025-07-31,0,0,11.67,1167,0,0.6701257949869274,11
NPL,Nepal,admin2,NP01,Koshi,NP0109,Sankhuwasabha,38,2025-07-16,2025-07-31,0,0,7.09,709,0,0.899978644827641,8
NPL,Nepal,admin2,NP04,Gandaki,NP0440,Tanahu,37,2025-07-01,2025-07-15,0.14,14,0.4700000000000001,47,0.1035090735705962,0.027997094842967654,84
NPL,Nepal,admin2,NP01,Koshi,NP0101,Taplejung,37,2025-07-01,2025-07-15,0,0,3.32,332,0,0.26729208679030236,3
NPL,Nepal,admin2,NP01,Koshi,NP0104,Jhapa,37,2025-07-01,2025-07-15,12.09,1209,13.459999999999999,1346,1.039874487171323,0.7475646485622858,4779
NPL,Nepal,admin2,NP01,Koshi,NP0105,Morang,37,2025-07-01,2025-07-15,16.11,1611,17.860000000000003,1786,1.5692417388621764,0.8727286357206571,7067
NPL,Nepal,admin2,NP01,Koshi,NP0106,Sunsari,37,2025-07-01,2025-07-15,52.54,5254,117.58999999999999,11759,7.677911561292257,8.782447155196147,131747
NPL,Nepal,admin2,NP01,Koshi,NP0107,Dhankuta,37,2025-07-01,2025-07-15,0,0,0.16,16,0,0.0174773898049501,12
NPL,Nepal,admin2,NP01,Koshi,NP0109,Sankhuwasabha,37,2025-07-01,2025-07-15,0,0,3.92,392,0,0.2684906626570339,6
NPL,Nepal,admin2,NP01,Koshi,NP0110,Bhojpur,37,2025-07-01,2025-07-15,0,0,0.32,32,0,0.023305706550765703,20
NPL,Nepal,admin2,NP01,Koshi,NP0111,Solukhumbu,37,2025-07-01,2025-07-15,0,0,3.59,359,0,0.20614838080574704,6
NPL,Nepal,admin2,NP01,Koshi,NP0114,Udayapur,37,2025-07-01,2025-07-15,2.77,277,9.8,980,0.8247236589031216,0.37927555212708397,609
NPL,Nepal,admin2,NP02,Madhesh,NP0215,Saptari,37,2025-07-01,2025-07-15,14.47,1447,44.82,4482,1.722785535296829,3.115224718744334,7021
NPL,Nepal,admin2,NP02,Madhesh,NP0216,Siraha,37,2025-07-01,2025-07-15,1.03,103,1.12,112,0.1270274148520946,0.09253852118453315,1308
NPL,Nepal,admin2,NP02,Madhesh,NP0217,Dhanusha,37,2025-07-01,2025-07-15,0.32,32,0.32,32,0.0450290420766599,0.0450290420766599,261
NPL,Nepal,admin2,NP02,Madhesh,NP0219,Sarlahi,37,2025-07-01,2025-07-15,4.16,416,4.659999999999999,466,0.5376778460203772,0.32756304506664313,1988
NPL,Nepal,admin2,NP02,Madhesh,NP0232,Rautahat,37,2025-07-01,2025-07-15,7.94,794,10.57,1057,1.2604839556149272,0.9039270446178465,6146
NPL,Nepal,admin2,NP02,Madhesh,NP0233,Bara,37,2025-07-01,2025-07-15,5.49,549,7.44,744,0.8128732600552256,0.518677006196977,4160
NPL,Nepal,admin2,NP02,Madhesh,NP0234,Parsa,37,2025-07-01,2025-07-15,6.5,650,7.159999999999999,716,1.1780468360149563,0.45083196869293146,9310
NPL,Nepal,admin2,NP03,Bagmati,NP0320,Sindhuli,37,2025-07-01,2025-07-15,4.09,409,5.039999999999999,504,1.300030838259685,0.179789117940486,955
NPL,Nepal,admin2,NP03,Bagmati,NP0322,Dolakha,37,2025-07-01,2025-07-15,0,0,0.32,32,0,0.08185837778363612,2
NPL,Nepal,admin2,NP03,Bagmati,NP0328,Nuwakot,37,2025-07-01,2025-07-15,0.27,27,0.49000000000000005,49,0.2314088141718323,0.042831787555430524,137
NPL,Nepal,admin2,NP03,Bagmati,NP0329,Rasuwa,37,2025-07-01,2025-07-15,0,0,0.92,92,0,0.13527260197022856,1
NPL,Nepal,admin2,NP03,Bagmati,NP0330,Dhading,37,2025-07-01,2025-07-15,0,0,0.25,25,0,0.013397040903635088,44
NPL,Nepal,admin2,NP03,Bagmati,NP0331,Makawanpur,37,2025-07-01,2025-07-15,0.13,13,0.32,32,0.0412889372426836,0.01235196357091076,42
NPL,Nepal,admin2,NP03,Bagmati,NP0335,Chitawan,37,2025-07-01,2025-07-15,23.65,2365,48.410000000000004,4841,5.282028298866766,1.9083132804988263,11117
NPL,Nepal,admin2,NP04,Gandaki,NP0436,Gorkha,37,2025-07-01,2025-07-15,0,0,7.16,716,0,0.5067882928962082,7
NPL,Nepal,admin2,NP04,Gandaki,NP0437,Lamjung,37,2025-07-01,2025-07-15,0,0,0.52,52,0,0.8194583664474441,0
NPL,Nepal,admin2,NP04,Gandaki,NP0438,Manang,37,2025-07-01,2025-07-15,0,0,39.93,3993,0,1.5041883983135027,22
NPL,Nepal,admin2,NP04,Gandaki,NP0439,Kaski,37,2025-07-01,2025-07-15,3.1,310,13.02,1302,3.195141283448439,0.5864908895712417,3796
NPL,Nepal,admin2,NP07,Sudurpaschim,NP0775,Darchula,37,2025-07-01,2025-07-15,0,0,5.21,521,0,0.34733739241344685,2
NPL,Nepal,admin2,NP07,Sudurpaschim,NP0772,Kanchanpur,37,2025-07-01,2025-07-15,4.39,439,10.950000000000001,1095,0.7241614666920332,0.5943481656113563,7935
NPL,Nepal,admin2,NP07,Sudurpaschim,NP0771,Kailali,37,2025-07-01,2025-07-15,41.23,4123,51.36000000000001,5136,4.447289364304932,1.365870633962835,37338
NPL,Nepal,admin2,NP07,Sudurpaschim,NP0770,Doti,37,2025-07-01,2025-07-15,0,0,0.16,16,0,0.008005347100960599,8
NPL,Nepal,admin2,NP07,Sudurpaschim,NP0769,Achham,37,2025-07-01,2025-07-15,0,0,0.02,2,0,0.0013799132521592579,2
NPL,Nepal,admin2,NP07,Sudurpaschim,NP0768,Bajura,37,2025-07-01,2025-07-15,0,0,2.84,284,0,0.2075921214404114,3
NPL,Nepal,admin2,NP07,Sudurpaschim,NP0767,Bajhang,37,2025-07-01,2025-07-15,0,0,11.52,1152,0,0.4589428042530109,4
NPL,Nepal,admin2,NP06,Karnali,NP0666,Humla,37,2025-07-01,2025-07-15,0,0,31.9,3190,0,0.5310799274801066,47
NPL,Nepal,admin2,NP06,Karnali,NP0665,Mugu,37,2025-07-01,2025-07-15,0,0,7.049999999999999,705,0,0.18910336299884936,106
NPL,Nepal,admin2,NP06,Karnali,NP0662,Dolpa,37,2025-07-01,2025-07-15,0,0,40.08,4008,0,0.43906265578837983,32
NPL,Nepal,admin2,NP06,Karnali,NP0660,Jajarkot,37,2025-07-01,2025-07-15,0.01,1,0.060000000000000005,6,0.01965702727162,0.003415509143920683,23
NPL,Nepal,admin2,NP06,Karnali,NP0659,Surkhet,37,2025-07-01,2025-07-15,1.33,133,2.12,212,0.651365765068127,0.07538659370612844,230
NPL,Nepal,admin2,NP06,Karnali,NP0653,Salyan,37,2025-07-01,2025-07-15,0.01,1,0.14,14,0.0085794398937899,0.006349734971488962,23
NPL,Nepal,admin2,NP06,Karnali,NP0652,Rukum West,37,2025-07-01,2025-07-15,0.02,2,0.28,28,0.0609473367208898,0.02126444400016111,37
NPL,Nepal,admin2,NP05,Lumbini,NP0558,Bardiya,37,2025-07-01,2025-07-15,21.8,2180,25.25,2525,3.309439761677472,1.1065906813747368,9233
NPL,Nepal,admin2,NP05,Lumbini,NP0557,Banke,37,2025-07-01,2025-07-15,17.32,1732,20.4,2040,3.046730748774471,0.9568748533509271,6990
NPL,Nepal,admin2,NP05,Lumbini,NP0556,Dang,37,2025-07-01,2025-07-15,0.36,36,0.5599999999999999,56,0.0584482970375563,0.01672933332786604,57
NPL,Nepal,admin2,NP05,Lumbini,NP0549,Kapilbastu,37,2025-07-01,2025-07-15,107.79,10779,113.8,11380,11.585864599853512,6.083198764300855,73145
NPL,Nepal,admin2,NP05,Lumbini,NP0548,Rupandehi,37,2025-07-01,2025-07-15,37.73,3773,39.84,3984,4.207001537776981,2.7002461989181366,22723
NPL,Nepal,admin2,NP05,Lumbini,NP0547,Nawalparasi West,37,2025-07-01,2025-07-15,6.02,602,15.369999999999997,1537,1.417762960118386,1.869653609263646,4656
NPL,Nepal,admin2,NP05,Lumbini,NP0546,Palpa,37,2025-07-01,2025-07-15,1.85,185,2.17,217,1.6609330588524822,0.13141324729603046,965
NPL,Nepal,admin2,NP04,Gandaki,NP0447,Nawalparasi East,37,2025-07-01,2025-07-15,27.03,2703,44.26,4426,11.525010358488991,2.737724653736522,15615
NPL,Nepal,admin2,NP04,Gandaki,NP0445,Mustang,37,2025-07-01,2025-07-15,0,0,71.03,7103,0,1.7384491532236652,59
NPL,Nepal,admin2,NP04,Gandaki,NP0444,Myagdi,37,2025-07-01,2025-07-15,0,0,9.69,969,0,1.445092114058732,6
NPL,Nepal,admin2,NP07,Sudurpaschim,NP0775,Darchula,35,2025-06-01,2025-06-15,0,0,0.93,93,0,0.12214606227672226,0
NPL,Nepal,admin2,NP07,Sudurpaschim,NP0773,Dadeldhura,35,2025-06-01,2025-06-15,0,0,0.12,12,0,0.007979802025805702,8
NPL,Nepal,admin2,NP07,Sudurpaschim,NP0771,Kailali,35,2025-06-01,2025-06-15,0.13,13,0.66,66,0.0140224986019801,0.018055930901250454,1372
NPL,Nepal,admin2,NP07,Sudurpaschim,NP0768,Bajura,35,2025-06-01,2025-06-15,0,0,0.16,16,0,0.05686465835002441,1
NPL,Nepal,admin2,NP07,Sudurpaschim,NP0767,Bajhang,35,2025-06-01,2025-06-15,0,0,1.53,153,0,0.06095334118985422,0
NPL,Nepal,admin2,NP06,Karnali,NP0666,Humla,35,2025-06-01,2025-06-15,0,0,20.29,2029,0,0.33779347111509506,15
NPL,Nepal,admin2,NP06,Karnali,NP0665,Mugu,35,2025-06-01,2025-06-15,0,0,6.58,658,0,0.17649647213225922,80
NPL,Nepal,admin2,NP06,Karnali,NP0662,Dolpa,35,2025-06-01,2025-06-15,0,0,79.46,7946,0,0.870457051620376,50
NPL,Nepal,admin2,NP05,Lumbini,NP0558,Bardiya,35,2025-06-01,2025-06-15,4.25,425,7.819999999999999,782,0.6451889443637273,0.34271442092477,1861
NPL,Nepal,admin2,NP05,Lumbini,NP0557,Banke,35,2025-06-01,2025-06-15,0.53,53,1.1500000000000001,115,0.0932313681784335,0.05453147440480407,310
NPL,Nepal,admin2,NP05,Lumbini,NP0555,Pyuthan,35,2025-06-01,2025-06-15,0.28,28,0.28,28,0.3212702503748155,0.3212702503748155,138
NPL,Nepal,admin2,NP05,Lumbini,NP0549,Kapilbastu,35,2025-06-01,2025-06-15,0.26,26,1.04,104,0.027946236162556,0.05625787387493791,310
NPL,Nepal,admin2,NP05,Lumbini,NP0547,Nawalparasi West,35,2025-06-01,2025-06-15,1.77,177,6.47,647,0.4168505713304889,0.7870305043549637,1698
NPL,Nepal,admin2,NP04,Gandaki,NP0447,Nawalparasi East,35,2025-06-01,2025-06-15,0.54,54,5.25,525,0.2302443800808012,0.32699893748244396,1064
NPL,Nepal,admin2,NP04,Gandaki,NP0445,Mustang,35,2025-06-01,2025-06-15,0,0,50.37000000000001,5037,0,1.232798590002478,36
NPL,Nepal,admin2,NP04,Gandaki,NP0444,Myagdi,35,2025-06-01,2025-06-15,0,0,4.19,419,0,0.46759696778169546,4
NPL,Nepal,admin2,NP04,Gandaki,NP0439,Kaski,35,2025-06-01,2025-06-15,1.02,102,5.84,584,1.051304551328196,0.27823025380719696,1044
NPL,Nepal,admin2,NP04,Gandaki,NP0438,Manang,35,2025-06-01,2025-06-15,0,0,43.38,4338,0,1.7635533737589606,22
NPL,Nepal,admin2,NP04,Gandaki,NP0436,Gorkha,35,2025-06-01,2025-06-15,0,0,8.64,864,0,0.3989819296607456,29
NPL,Nepal,admin2,NP03,Bagmati,NP0335,Chitawan,35,2025-06-01,2025-06-15,0.98,98,5.93,593,0.2188747455767201,0.23432844912873715,453
NPL,Nepal,admin2,NP03,Bagmati,NP0329,Rasuwa,35,2025-06-01,2025-06-15,0,0,0.53,53,0,0.0505541278539515,0
NPL,Nepal,admin2,NP03,Bagmati,NP0323,Sindhupalchok,35,2025-06-01,2025-06-15,0,0,0.28,28,0,0.04066429279839916,0
NPL,Nepal,admin2,NP03,Bagmati,NP0322,Dolakha,35,2025-06-01,2025-06-15,0,0,8.24,824,0,0.7148151773101885,18
NPL,Nepal,admin2,NP03,Bagmati,NP0320,Sindhuli,35,2025-06-01,2025-06-15,0.25,25,0.79,79,0.0794639876686849,0.028249295453876885,113
NPL,Nepal,admin2,NP02,Madhesh,NP0233,Bara,35,2025-06-01,2025-06-15,2.37,237,2.8699999999999997,287,0.3509125002424199,0.20051299105545234,2190
NPL,Nepal,admin2,NP02,Madhesh,NP0232,Rautahat,35,2025-06-01,2025-06-15,0.04,4,0.19,19,0.0063500451164479,0.02716760629949744,98
NPL,Nepal,admin2,NP02,Madhesh,NP0219,Sarlahi,35,2025-06-01,2025-06-15,0.11,11,0.45999999999999996,46,0.014217443043808,0.03350602217190309,93
NPL,Nepal,admin2,NP02,Madhesh,NP0218,Mahottari,35,2025-06-01,2025-06-15,0.09,9,0.32999999999999996,33,0.0152165534353971,0.03132438377883063,138
NPL,Nepal,admin2,NP02,Madhesh,NP0217,Dhanusha,35,2025-06-01,2025-06-15,0,0,0.32,32,0,0.06705760593499262,6
NPL,Nepal,admin2,NP02,Madhesh,NP0216,Siraha,35,2025-06-01,2025-06-15,3.64,364,4.140000000000001,414,0.4489124175355576,0.3250860468000117,3032
NPL,Nepal,admin2,NP02,Madhesh,NP0215,Saptari,35,2025-06-01,2025-06-15,7.37,737,25.45,2545,0.8774657494911977,1.7689082796082845,3557
NPL,Nepal,admin2,NP01,Koshi,NP0114,Udayapur,35,2025-06-01,2025-06-15,0.93,93,6.59,659,0.2768927807869686,0.2550434580119884,400
NPL,Nepal,admin2,NP01,Koshi,NP0111,Solukhumbu,35,2025-06-01,2025-06-15,0,0,17.950000000000003,1795,0,1.030741904028736,15
NPL,Nepal,admin2,NP01,Koshi,NP0110,Bhojpur,35,2025-06-01,2025-06-15,0.01,1,0.32,32,0.0089227759980824,0.021546978526085708,30
NPL,Nepal,admin2,NP01,Koshi,NP0109,Sankhuwasabha,35,2025-06-01,2025-06-15,0,0,9.02,902,0,0.6178024941751137,8
NPL,Nepal,admin2,NP01,Koshi,NP0106,Sunsari,35,2025-06-01,2025-06-15,8.41,841,43.97,4397,1.2289919343446496,3.2839884464152953,25452
NPL,Nepal,admin2,NP01,Koshi,NP0105,Morang,35,2025-06-01,2025-06-15,0.34,34,0.85,85,0.033118695916396,0.04230760409646912,357
NPL,Nepal,admin2,NP01,Koshi,NP0104,Jhapa,35,2025-06-01,2025-06-15,0.43,43,0.8400000000000001,84,0.0369847832492695,0.04904092368923188,295
NPL,Nepal,admin2,NP01,Koshi,NP0101,Taplejung,35,2025-06-01,2025-06-15,0,0,6.11,611,0,0.26938000740269835,3
NPL,Nepal,admin2,NP07,Sudurpaschim,NP0775,Darchula,34,2025-05-16,2025-05-31,0,0,5.39,539,0,0.35933753265038154,2
NPL,Nepal,admin2,NP07,Sudurpaschim,NP0772,Kanchanpur,34,2025-05-16,2025-05-31,0.03,3,0.6000000000000001,60,0.0049487116174854,0.03398154122680549,0
NPL,Nepal,admin2,NP07,Sudurpaschim,NP0771,Kailali,34,2025-05-16,2025-05-31,0.13,13,1.22,122,0.0140224986019801,0.03306747339822197,1305
NPL,Nepal,admin2,NP07,Sudurpaschim,NP0769,Achham,34,2025-05-16,2025-05-31,0.04,4,0.12,12,0.0290946763588069,0.07734028283796364,49
NPL,Nepal,admin2,NP07,Sudurpaschim,NP0768,Bajura,34,2025-05-16,2025-05-31,0,0,0.16,16,0,0.05686465835002441,1
NPL,Nepal,admin2,NP07,Sudurpaschim,NP0767,Bajhang,34,2025-05-16,2025-05-31,0,0,3.57,357,0,0.26874589323742826,1
NPL,Nepal,admin2,NP06,Karnali,NP0666,Humla,34,2025-05-16,2025-05-31,0,0,19.13,1913,0,0.3184814737521847,15
NPL,Nepal,admin2,NP06,Karnali,NP0665,Mugu,34,2025-05-16,2025-05-31,0,0,8.33,833,0,0.22343702323126508,99
NPL,Nepal,admin2,NP06,Karnali,NP0663,Jumla,34,2025-05-16,2025-05-31,0,0,0.4,40,0,0.025499690178764328,2
NPL,Nepal,admin2,NP06,Karnali,NP0662,Dolpa,34,2025-05-16,2025-05-31,0,0,206.14000000000001,20614,0,2.258193010584247,105
NPL,Nepal,admin2,NP06,Karnali,NP0659,Surkhet,34,2025-05-16,2025-05-31,0,0,0.17,17,0,0.007029944010023063,6
NPL,Nepal,admin2,NP06,Karnali,NP0652,Rukum West,34,2025-05-16,2025-05-31,0.02,2,0.16,16,0.0609473367208898,0.015846454074315373,12
NPL,Nepal,admin2,NP05,Lumbini,NP0558,Bardiya,34,2025-05-16,2025-05-31,4.18,418,7.009999999999999,701,0.6345623029271483,0.30721586837373893,1844
NPL,Nepal,admin2,NP05,Lumbini,NP0557,Banke,34,2025-05-16,2025-05-31,0.5,50,0.55,55,0.0879541209230505,0.026459867286360447,225
NPL,Nepal,admin2,NP05,Lumbini,NP0549,Kapilbastu,34,2025-05-16,2025-05-31,0.27,27,0.88,88,0.0290210913995774,0.04760281635571663,289
NPL,Nepal,admin2,NP05,Lumbini,NP0547,Nawalparasi West,34,2025-05-16,2025-05-31,1.47,147,5.41,541,0.3461979321219315,0.6580888761298845,1380
NPL,Nepal,admin2,NP04,Gandaki,NP0447,Nawalparasi East,34,2025-05-16,2025-05-31,0.54,54,4.18,418,0.2302443800808012,0.26035343974792674,1173
NPL,Nepal,admin2,NP04,Gandaki,NP0445,Mustang,34,2025-05-16,2025-05-31,0,0,39.4,3940,0,0.9954884368920213,23
NPL,Nepal,admin2,NP04,Gandaki,NP0439,Kaski,34,2025-05-16,2025-05-31,0.81,81,5.970000000000001,597,0.8348594966429793,0.33474650958570906,1227
NPL,Nepal,admin2,NP04,Gandaki,NP0438,Manang,34,2025-05-16,2025-05-31,0,0,12.11,1211,0,0.4923151534398572,8
NPL,Nepal,admin2,NP04,Gandaki,NP0436,Gorkha,34,2025-05-16,2025-05-31,0,0,4.23,423,0,0.1938416769687065,7
NPL,Nepal,admin2,NP03,Bagmati,NP0335,Chitawan,34,2025-05-16,2025-05-31,0.62,62,3.4699999999999998,347,0.1384717778138433,0.13975436778004857,298
NPL,Nepal,admin2,NP03,Bagmati,NP0331,Makawanpur,34,2025-05-16,2025-05-31,0.28,28,1.1700000000000002,117,0.0889300186765494,0.04235839564201031,164
NPL,Nepal,admin2,NP03,Bagmati,NP0330,Dhading,34,2025-05-16,2025-05-31,0.01,1,0.12,12,0.0056451286192745,0.006912963976228352,54
NPL,Nepal,admin2,NP03,Bagmati,NP0325,Lalitpur,34,2025-05-16,2025-05-31,0.09,9,0.54,54,0.1404554551185151,0.13201893479415108,66
NPL,Nepal,admin2,NP03,Bagmati,NP0322,Dolakha,34,2025-05-16,2025-05-31,0,0,5.79,579,0,0.5022791112410151,15
NPL,Nepal,admin2,NP03,Bagmati,NP0320,Sindhuli,34,2025-05-16,2025-05-31,0.02,2,0.31000000000000005,31,0.0063571190134947,0.011343965760022305,59
NPL,Nepal,admin2,NP02,Madhesh,NP0233,Bara,34,2025-05-16,2025-05-31,0.23,23,0.44000000000000006,44,0.034054799601585,0.03183563324975961,420
NPL,Nepal,admin2,NP02,Madhesh,NP0232,Rautahat,34,2025-05-16,2025-05-31,0.04,4,0.19,19,0.0063500451164479,0.02716760629949744,98
NPL,Nepal,admin2,NP02,Madhesh,NP0219,Sarlahi,34,2025-05-16,2025-05-31,0.05,5,0.18,18,0.0064624741108218,0.013375544102709424,30
NPL,Nepal,admin2,NP02,Madhesh,NP0218,Mahottari,34,2025-05-16,2025-05-31,0.09,9,0.32999999999999996,33,0.0152165534353971,0.03132438377883063,138
NPL,Nepal,admin2,NP02,Madhesh,NP0217,Dhanusha,34,2025-05-16,2025-05-31,0,0,0.32,32,0,0.06705760593499262,6
NPL,Nepal,admin2,NP02,Madhesh,NP0216,Siraha,34,2025-05-16,2025-05-31,0.77,77,0.88,88,0.0949622421709833,0.07598069182993226,572
NPL,Nepal,admin2,NP02,Madhesh,NP0215,Saptari,34,2025-05-16,2025-05-31,2.96,296,13.66,1366,0.3524150092936154,0.9494415363241323,654
NPL,Nepal,admin2,NP01,Koshi,NP0114,Udayapur,34,2025-05-16,2025-05-31,0.03,3,0.69,69,0.0089320251866764,0.1325977592900385,27
NPL,Nepal,admin2,NP01,Koshi,NP0111,Solukhumbu,34,2025-05-16,2025-05-31,0,0,8.73,873,0,0.5013023299259534,7
NPL,Nepal,admin2,NP01,Koshi,NP0110,Bhojpur,34,2025-05-16,2025-05-31,0.01,1,0.32,32,0.0089227759980824,0.021546978526085708,30
NPL,Nepal,admin2,NP01,Koshi,NP0109,Sankhuwasabha,34,2025-05-16,2025-05-31,0,0,0.7200000000000001,72,0,0.09139416421380833,1
NPL,Nepal,admin2,NP01,Koshi,NP0106,Sunsari,34,2025-05-16,2025-05-31,2.84,284,24.56,2456,0.4150222465563382,1.9251206512531798,5924
NPL,Nepal,admin2,NP01,Koshi,NP0105,Morang,34,2025-05-16,2025-05-31,0.11,11,0.21000000000000002,21,0.0107148722082457,0.010452466894421746,133
NPL,Nepal,admin2,NP01,Koshi,NP0104,Jhapa,34,2025-05-16,2025-05-31,0.41,41,0.5599999999999999,56,0.0352645607725593,0.03345935811501782,145
NPL,Nepal,admin2,NP01,Koshi,NP0101,Taplejung,34,2025-05-16,2025-05-31,0,0,3.01,301,0,0.18552122775678828,2
NPL,Nepal,admin2,NP07,Sudurpaschim,NP0775,Darchula,33,2025-05-01,2025-05-15,0,0,24.93,2493,0,0.9256749211516696,10
NPL,Nepal,admin2,NP07,Sudurpaschim,NP0771,Kailali,33,2025-05-01,2025-05-15,0,0,0.12,12,0,0.3315804358874056,502
NPL,Nepal,admin2,NP07,Sudurpaschim,NP0768,Bajura,33,2025-05-01,2025-05-15,0,0,1.25,125,0,0.047776743168761265,1
NPL,Nepal,admin2,NP07,Sudurpaschim,NP0767,Bajhang,33,2025-05-01,2025-05-15,0,0,3.8499999999999996,385,0,0.09756648854326938,2
NPL,Nepal,admin2,NP06,Karnali,NP0666,Humla,33,2025-05-01,2025-05-15,0,0,33.78,3378,0,0.4852804598416431,29
NPL,Nepal,admin2,NP06,Karnali,NP0665,Mugu,33,2025-05-01,2025-05-15,0,0,36.07,3607,0,0.9675118160806401,24
NPL,Nepal,admin2,NP06,Karnali,NP0663,Jumla,33,2025-05-01,2025-05-15,0,0,3.98,398,0,0.22750758857401254,10
NPL,Nepal,admin2,NP06,Karnali,NP0662,Dolpa,33,2025-05-01,2025-05-15,0,0,91.55,9155,0,1.002898855724206,52
NPL,Nepal,admin2,NP06,Karnali,NP0659,Surkhet,33,2025-05-01,2025-05-15,0,0,0.49,49,0,0.020516078127786896,6
NPL,Nepal,admin2,NP05,Lumbini,NP0555,Pyuthan,33,2025-05-01,2025-05-15,0,0,0.12,12,0,0.0095470924844632,10
NPL,Nepal,admin2,NP05,Lumbini,NP0549,Kapilbastu,33,2025-05-01,2025-05-15,0.18,18,0.6000000000000001,60,0.0193473942663849,0.03245646569707944,149
NPL,Nepal,admin2,NP05,Lumbini,NP0547,Nawalparasi West,33,2025-05-01,2025-05-15,0.58,58,3.23,323,0.1365951024698777,0.40469530077338933,680
NPL,Nepal,admin2,NP04,Gandaki,NP0447,Nawalparasi East,33,2025-05-01,2025-05-15,0.35,35,3.3899999999999997,339,0.1492324685708896,0.2111478853458065,375
NPL,Nepal,admin2,NP04,Gandaki,NP0445,Mustang,33,2025-05-01,2025-05-15,0,0,6.68,668,0,0.16349205045099363,5
NPL,Nepal,admin2,NP04,Gandaki,NP0444,Myagdi,33,2025-05-01,2025-05-15,0,0,0.1,10,0,0.020540263709598997,0
NPL,Nepal,admin2,NP04,Gandaki,NP0439,Kaski,33,2025-05-01,2025-05-15,0.47,47,4.75,475,0.4844246462002473,0.266339350172884,989
NPL,Nepal,admin2,NP04,Gandaki,NP0438,Manang,33,2025-05-01,2025-05-15,0,0,3.69,369,0,0.1500118015023172,2
NPL,Nepal,admin2,NP04,Gandaki,NP0436,Gorkha,33,2025-05-01,2025-05-15,0,0,1.6500000000000001,165,0,0.11678780492719862,2
NPL,Nepal,admin2,NP03,Bagmati,NP0335,Chitawan,33,2025-05-01,2025-05-15,0.36,36,1.5899999999999999,159,0.0804029677628767,0.06403730396837913,45
NPL,Nepal,admin2,NP03,Bagmati,NP0331,Makawanpur,33,2025-05-01,2025-05-15,0,0,0.24000000000000002,24,0,0.010512258581773272,28
NPL,Nepal,admin2,NP03,Bagmati,NP0322,Dolakha,33,2025-05-01,2025-05-15,0,0,0.56,56,0,0.14075954956944114,2
NPL,Nepal,admin2,NP02,Madhesh,NP0219,Sarlahi,33,2025-05-01,2025-05-15,0.68,68,0.68,68,0.087889647907177,0.087889647907177,733
NPL,Nepal,admin2,NP02,Madhesh,NP0215,Saptari,33,2025-05-01,2025-05-15,3.85,385,17.229999999999997,1723,0.4583776303312227,1.1975752321277302,1245
NPL,Nepal,admin2,NP01,Koshi,NP0114,Udayapur,33,2025-05-01,2025-05-15,0.15,15,0.8400000000000001,84,0.044660125933382,0.16142335913569913,35
NPL,Nepal,admin2,NP01,Koshi,NP0111,Solukhumbu,33,2025-05-01,2025-05-15,0,0,1.04,104,0,0.07197644578953669,1
NPL,Nepal,admin2,NP01,Koshi,NP0109,Sankhuwasabha,33,2025-05-01,2025-05-15,0,0,1.96,196,0,0.3365284684702517,3
NPL,Nepal,admin2,NP01,Koshi,NP0106,Sunsari,33,2025-05-01,2025-05-15,2.72,272,22.28,2228,0.3974860952933944,1.746404239003292,5705
NPL,Nepal,admin2,NP01,Koshi,NP0105,Morang,33,2025-05-01,2025-05-15,0.24,24,0.96,96,0.0233779029998089,0.04863061704982276,419
NPL,Nepal,admin2,NP01,Koshi,NP0104,Jhapa,33,2025-05-01,2025-05-15,0.26,26,1.04,104,0.0223628921972327,0.06002318225665836,245
NPL,Nepal,admin2,NP01,Koshi,NP0101,Taplejung,32,2025-04-16,2025-04-30,0,0,5.5,550,0,0.24248609504334528,2
NPL,Nepal,admin2,NP01,Koshi,NP0105,Morang,32,2025-04-16,2025-04-30,0.01,1,0.16,16,0.0009740792916587066,0.008397832667585542,159
NPL,Nepal,admin2,NP01,Koshi,NP0106,Sunsari,32,2025-04-16,2025-04-30,2.78,278,22.71,2271,0.4062541709248662,1.78010952727849,6519
NPL,Nepal,admin2,NP01,Koshi,NP0109,Sankhuwasabha,32,2025-04-16,2025-04-30,0,0,4.91,491,0,0.8430381531576205,7
NPL,Nepal,admin2,NP01,Koshi,NP0110,Bhojpur,32,2025-04-16,2025-04-30,0.03,3,0.13,13,0.0267683279942474,0.007564908972808132,9
NPL,Nepal,admin2,NP01,Koshi,NP0111,Solukhumbu,32,2025-04-16,2025-04-30,0,0,6.23,623,0,0.24657407314712612,6
NPL,Nepal,admin2,NP01,Koshi,NP0112,Khotang,32,2025-04-16,2025-04-30,0,0,0.07,7,0,0.4858121091049627,6
NPL,Nepal,admin2,NP01,Koshi,NP0113,Okhaldhunga,32,2025-04-16,2025-04-30,0,0,0.30000000000000004,30,0,0.026238536974848924,26
NPL,Nepal,admin2,NP01,Koshi,NP0114,Udayapur,32,2025-04-16,2025-04-30,0.23,23,1.19,119,0.0684788597645191,0.046241942690072035,71
NPL,Nepal,admin2,NP02,Madhesh,NP0215,Saptari,32,2025-04-16,2025-04-30,3.52,352,16.42,1642,0.419088119159975,1.1412759902227125,981
NPL,Nepal,admin2,NP02,Madhesh,NP0218,Mahottari,32,2025-04-16,2025-04-30,0.04,4,0.16,16,0.0067629126379543,0.015391637964531267,62
NPL,Nepal,admin2,NP02,Madhesh,NP0219,Sarlahi,32,2025-04-16,2025-04-30,0.1,10,0.12000000000000001,12,0.0129249482216436,0.014984165996745381,30
NPL,Nepal,admin2,NP02,Madhesh,NP0232,Rautahat,32,2025-04-16,2025-04-30,0.1,10,0.27999999999999997,28,0.0158751127911199,0.024903920222349277,162
NPL,Nepal,admin2,NP02,Madhesh,NP0233,Bara,32,2025-04-16,2025-04-30,1.42,142,1.6,160,0.2102513714532642,0.11550769510566145,865
NPL,Nepal,admin2,NP02,Madhesh,NP0234,Parsa,32,2025-04-16,2025-04-30,0.14,14,0.16,16,0.0253733164680144,0.027907404326851473,609
NPL,Nepal,admin2,NP03,Bagmati,NP0322,Dolakha,32,2025-04-16,2025-04-30,0,0,0.86,86,0,0.09304268151638606,2
NPL,Nepal,admin2,NP03,Bagmati,NP0331,Makawanpur,32,2025-04-16,2025-04-30,0.01,1,0.49,49,0.003176072095591,0.018005253124462387,105
NPL,Nepal,admin2,NP03,Bagmati,NP0335,Chitawan,32,2025-04-16,2025-04-30,1.23,123,4.49,449,0.2747101398564956,0.18083490240127326,129
NPL,Nepal,admin2,NP04,Gandaki,NP0436,Gorkha,32,2025-04-16,2025-04-30,0,0,4.11,411,0,0.18834262230292934,29
NPL,Nepal,admin2,NP04,Gandaki,NP0437,Lamjung,32,2025-04-16,2025-04-30,0,0,0.65,65,0,0.36983676085919964,1
NPL,Nepal,admin2,NP04,Gandaki,NP0438,Manang,32,2025-04-16,2025-04-30,0,0,18.13,1813,0,0.6829685865620785,7
NPL,Nepal,admin2,NP04,Gandaki,NP0439,Kaski,32,2025-04-16,2025-04-30,0.25,25,4.12,412,0.2576726841490677,0.17327118902051042,705
NPL,Nepal,admin2,NP04,Gandaki,NP0444,Myagdi,32,2025-04-16,2025-04-30,0,0,6.86,686,0,0.49565156632751795,4
NPL,Nepal,admin2,NP04,Gandaki,NP0445,Mustang,32,2025-04-16,2025-04-30,0,0,130.44000000000003,13044,0,3.295723647416124,40
NPL,Nepal,admin2,NP04,Gandaki,NP0447,Nawalparasi East,32,2025-04-16,2025-04-30,0.36,36,3.58,358,0.1534962533872008,0.222982132607076,340
NPL,Nepal,admin2,NP05,Lumbini,NP0547,Nawalparasi West,32,2025-04-16,2025-04-30,0.89,89,4.33,433,0.2096028296520537,0.5425172298293427,1059
NPL,Nepal,admin2,NP05,Lumbini,NP0549,Kapilbastu,32,2025-04-16,2025-04-30,0.27,27,1.04,104,0.0290210913995774,0.05625787387493793,334
NPL,Nepal,admin2,NP05,Lumbini,NP0552,Rukum East,32,2025-04-16,2025-04-30,0,0,11.280000000000001,1128,0,1.2006609395534975,16
NPL,Nepal,admin2,NP05,Lumbini,NP0556,Dang,32,2025-04-16,2025-04-30,0.15,15,0.16,16,0.0243534570989818,0.025126527152445774,13
NPL,Nepal,admin2,NP05,Lumbini,NP0557,Banke,32,2025-04-16,2025-04-30,0.03,3,0.16,16,0.005277247255383,0.025274012417964623,43
NPL,Nepal,admin2,NP05,Lumbini,NP0558,Bardiya,32,2025-04-16,2025-04-30,0.17,17,0.35,35,0.025807557774549,0.015787889728038046,132
NPL,Nepal,admin2,NP06,Karnali,NP0652,Rukum West,32,2025-04-16,2025-04-30,0,0,3.11,311,0,0.8056793460206111,4
NPL,Nepal,admin2,NP06,Karnali,NP0659,Surkhet,32,2025-04-16,2025-04-30,0,0,0.49,49,0,0.020516078127786896,6
NPL,Nepal,admin2,NP06,Karnali,NP0662,Dolpa,32,2025-04-16,2025-04-30,0,0,492.08000000000004,49208,0,5.390567656196259,306
NPL,Nepal,admin2,NP06,Karnali,NP0663,Jumla,32,2025-04-16,2025-04-30,0,0,10.579999999999998,1058,0,0.6047814791741312,29
NPL,Nepal,admin2,NP06,Karnali,NP0665,Mugu,32,2025-04-16,2025-04-30,0,0,57.71,5771,0,1.5479652593849118,111
NPL,Nepal,admin2,NP06,Karnali,NP0666,Humla,32,2025-04-16,2025-04-30,0,0,40.8,4080,0,0.5861291522066026,42
NPL,Nepal,admin2,NP07,Sudurpaschim,NP0767,Bajhang,32,2025-04-16,2025-04-30,0,0,3.8499999999999996,385,0,0.09756648854326938,2
NPL,Nepal,admin2,NP07,Sudurpaschim,NP0768,Bajura,32,2025-04-16,2025-04-30,0,0,1.25,125,0,0.047776743168761265,1
NPL,Nepal,admin2,NP07,Sudurpaschim,NP0771,Kailali,32,2025-04-16,2025-04-30,0.64,64,2.1599999999999997,216,0.0690338392712868,0.057498022409384425,2314
NPL,Nepal,admin2,NP07,Sudurpaschim,NP0772,Kanchanpur,32,2025-04-16,2025-04-30,0.08,8,1.05,105,0.0131965643132944,0.059467697146909575,0
NPL,Nepal,admin2,NP07,Sudurpaschim,NP0775,Darchula,32,2025-04-16,2025-04-30,0,0,25.08,2508,0,0.9312445656832696,12
NPL,Nepal,admin2,NP07,Sudurpaschim,NP0775,Darchula,31,2025-04-01,2025-04-15,0,0,20.419999999999998,2042,0,0.7582142755682761,76
NPL,Nepal,admin2,NP07,Sudurpaschim,NP0772,Kanchanpur,31,2025-04-01,2025-04-15,2.29,229,7.880000000000001,788,0.3777516534680537,0.42771356575502173,908
NPL,Nepal,admin2,NP07,Sudurpaschim,NP0771,Kailali,31,2025-04-01,2025-04-15,0.64,64,2.3600000000000003,236,0.0690338392712868,0.06282191337321634,1804
NPL,Nepal,admin2,NP07,Sudurpaschim,NP0770,Doti,31,2025-04-01,2025-04-15,0,0,0.28,28,0,0.014009357426681102,28
NPL,Nepal,admin2,NP07,Sudurpaschim,NP0768,Bajura,31,2025-04-01,2025-04-15,0,0,3.58,358,0,0.13655407285498594,11
NPL,Nepal,admin2,NP07,Sudurpaschim,NP0767,Bajhang,31,2025-04-01,2025-04-15,0,0,12.44,1244,0,0.31525379674760284,18
NPL,Nepal,admin2,NP06,Karnali,NP0666,Humla,31,2025-04-01,2025-04-15,0,0,58.85000000000001,5885,0,0.8454338384156512,54
NPL,Nepal,admin2,NP06,Karnali,NP0665,Mugu,31,2025-04-01,2025-04-15,0,0,35.019999999999996,3502,0,0.9393474854212375,144
NPL,Nepal,admin2,NP06,Karnali,NP0663,Jumla,31,2025-04-01,2025-04-15,0,0,0.75,75,0,0.042872033022741,2
NPL,Nepal,admin2,NP06,Karnali,NP0662,Dolpa,31,2025-04-01,2025-04-15,0,0,72.91999999999999,7292,0,0.7988135943135894,72
NPL,Nepal,admin2,NP06,Karnali,NP0653,Salyan,31,2025-04-01,2025-04-15,0,0,0.28,28,0,0.013470789724481536,33
NPL,Nepal,admin2,NP05,Lumbini,NP0558,Bardiya,31,2025-04-01,2025-04-15,0.16,16,0.28,28,0.024289466140752,0.012801408628278482,87
NPL,Nepal,admin2,NP05,Lumbini,NP0557,Banke,31,2025-04-01,2025-04-15,0.03,3,0.16,16,0.005277247255383,0.025274012417964623,43
NPL,Nepal,admin2,NP05,Lumbini,NP0549,Kapilbastu,31,2025-04-01,2025-04-15,0.69,69,1.56,156,0.0741650113544755,0.08438681081240683,500
NPL,Nepal,admin2,NP05,Lumbini,NP0547,Nawalparasi West,31,2025-04-01,2025-04-15,0.77,77,3.9,390,0.1813417739686308,0.488050564099589,979
NPL,Nepal,admin2,NP04,Gandaki,NP0447,Nawalparasi East,31,2025-04-01,2025-04-15,0.31,31,2.6900000000000004,269,0.1321773293056451,0.16754802701481397,298
NPL,Nepal,admin2,NP04,Gandaki,NP0445,Mustang,31,2025-04-01,2025-04-15,0,0,10.3,1030,0,0.2602419010149186,5
NPL,Nepal,admin2,NP04,Gandaki,NP0444,Myagdi,31,2025-04-01,2025-04-15,0,0,2.15,215,0,0.15534269207057724,4
NPL,Nepal,admin2,NP04,Gandaki,NP0439,Kaski,31,2025-04-01,2025-04-15,0.13,13,3.5300000000000002,353,0.1339897957575151,0.15901020277929973,451
NPL,Nepal,admin2,NP04,Gandaki,NP0438,Manang,31,2025-04-01,2025-04-15,0,0,10.37,1037,0,0.4215778811867311,7
NPL,Nepal,admin2,NP04,Gandaki,NP0437,Lamjung,31,2025-04-01,2025-04-15,0,0,0.12,12,0,0.029690096519010705,0
NPL,Nepal,admin2,NP04,Gandaki,NP0436,Gorkha,31,2025-04-01,2025-04-15,0,0,3.5300000000000002,353,0,0.16176385808499733,23
NPL,Nepal,admin2,NP03,Bagmati,NP0335,Chitawan,31,2025-04-01,2025-04-15,1.01,101,3.44,344,0.2255749928902932,0.13854611676177703,57
NPL,Nepal,admin2,NP03,Bagmati,NP0331,Makawanpur,31,2025-04-01,2025-04-15,0.11,11,1.25,125,0.0349367930515015,0.04593176817464937,270
NPL,Nepal,admin2,NP03,Bagmati,NP0329,Rasuwa,31,2025-04-01,2025-04-15,0,0,1.25,125,0,0.18379429615520176,1
NPL,Nepal,admin2,NP03,Bagmati,NP0322,Dolakha,31,2025-04-01,2025-04-15,0,0,0.8400000000000001,84,0,0.09156466311898478,1
NPL,Nepal,admin2,NP02,Madhesh,NP0234,Parsa,31,2025-04-01,2025-04-15,0.14,14,0.16,16,0.0253733164680144,0.027907404326851473,609
NPL,Nepal,admin2,NP02,Madhesh,NP0233,Bara,31,2025-04-01,2025-04-15,0.4,40,0.4,40,0.0592257384375392,0.0592257384375392,98
NPL,Nepal,admin2,NP02,Madhesh,NP0232,Rautahat,31,2025-04-01,2025-04-15,0.1,10,0.27999999999999997,28,0.0158751127911199,0.024903920222349277,162
NPL,Nepal,admin2,NP02,Madhesh,NP0219,Sarlahi,31,2025-04-01,2025-04-15,0.12,12,0.6,60,0.0155099378659724,0.04217549936480382,96
NPL,Nepal,admin2,NP02,Madhesh,NP0217,Dhanusha,31,2025-04-01,2025-04-15,0.14,14,0.16,16,0.0197002059085387,0.013469667497296105,52
NPL,Nepal,admin2,NP02,Madhesh,NP0215,Saptari,31,2025-04-01,2025-04-15,3.17,317,12.77,1277,0.3774174254935002,0.8875818754655321,815
NPL,Nepal,admin2,NP01,Koshi,NP0114,Udayapur,31,2025-04-01,2025-04-15,0,0,0.33999999999999997,34,0,0.18428113777342348,9
NPL,Nepal,admin2,NP01,Koshi,NP0113,Okhaldhunga,31,2025-04-01,2025-04-15,0,0,0.30000000000000004,30,0,0.026238536974848924,26
NPL,Nepal,admin2,NP01,Koshi,NP0112,Khotang,31,2025-04-01,2025-04-15,0,0,0.01,1,0,0.1480827637470167,2
NPL,Nepal,admin2,NP01,Koshi,NP0111,Solukhumbu,31,2025-04-01,2025-04-15,0,0,4.99,499,0,0.1974967295351784,6
NPL,Nepal,admin2,NP01,Koshi,NP0110,Bhojpur,31,2025-04-01,2025-04-15,0.03,3,0.13,13,0.0267683279942474,0.007564908972808132,9
NPL,Nepal,admin2,NP01,Koshi,NP0109,Sankhuwasabha,31,2025-04-01,2025-04-15,0,0,2.42,242,0,0.06221318960953988,6
NPL,Nepal,admin2,NP01,Koshi,NP0106,Sunsari,31,2025-04-01,2025-04-15,2.3,230,16.189999999999998,1619,0.3361095658730908,1.26904329575688,5277
NPL,Nepal,admin2,NP01,Koshi,NP0105,Morang,31,2025-04-01,2025-04-15,4.08,408,6.4799999999999995,648,0.3974243509967523,0.31730012084633563,2906
NPL,Nepal,admin2,NP01,Koshi,NP0101,Taplejung,31,2025-04-01,2025-04-15,0,0,1.22,122,0,0.05378782471870549,0
NPL,Nepal,admin2,NP07,Sudurpaschim,NP0775,Darchula,30,2025-03-16,2025-03-31,0,0,3.8900000000000006,389,0,0.1448789317771617,34
NPL,Nepal,admin2,NP07,Sudurpaschim,NP0774,Baitadi,30,2025-03-16,2025-03-31,0.05,5,0.26,26,0.0774756665641759,0.019271281628009933,33
NPL,Nepal,admin2,NP07,Sudurpaschim,NP0773,Dadeldhura,30,2025-03-16,2025-03-31,0,0,0.12,12,0,0.007979802025805702,5
NPL,Nepal,admin2,NP07,Sudurpaschim,NP0772,Kanchanpur,30,2025-03-16,2025-03-31,0.65,65,3.89,389,0.1072220850455174,0.21404100351968447,178
NPL,Nepal,admin2,NP07,Sudurpaschim,NP0771,Kailali,30,2025-03-16,2025-03-31,0.11,11,4.609999999999999,461,0.0118651911247524,0.12271568671632507,1772
NPL,Nepal,admin2,NP07,Sudurpaschim,NP0770,Doti,30,2025-03-16,2025-03-31,0,0,0.7200000000000001,72,0,0.03571511940054616,75
NPL,Nepal,admin2,NP07,Sudurpaschim,NP0769,Achham,30,2025-03-16,2025-03-31,0,0,0.01,1,0,0.0006948329037222352,1
NPL,Nepal,admin2,NP07,Sudurpaschim,NP0768,Bajura,30,2025-03-16,2025-03-31,0,0,4.810000000000001,481,0,0.18347069565153143,60
NPL,Nepal,admin2,NP07,Sudurpaschim,NP0767,Bajhang,30,2025-03-16,2025-03-31,0,0,6.89,689,0,0.17460600157483788,146
NPL,Nepal,admin2,NP06,Karnali,NP0666,Humla,30,2025-03-16,2025-03-31,0,0,6.83,683,0,0.09842530308977566,23
NPL,Nepal,admin2,NP06,Karnali,NP0665,Mugu,30,2025-03-16,2025-03-31,0,0,7.75,775,0,0.2078795834384518,114
NPL,Nepal,admin2,NP06,Karnali,NP0664,Kalikot,30,2025-03-16,2025-03-31,0,0,0.32,32,0,0.0281153960597925,1
NPL,Nepal,admin2,NP06,Karnali,NP0663,Jumla,30,2025-03-16,2025-03-31,0,0,0.32000000000000006,32,0,0.08867818642676024,2
NPL,Nepal,admin2,NP04,Gandaki,NP0441,Syangja,30,2025-03-16,2025-03-31,0,0,0.04,4,0,0.3630914029211058,16
NPL,Nepal,admin2,NP04,Gandaki,NP0444,Myagdi,30,2025-03-16,2025-03-31,0,0,2.4400000000000004,244,0,0.09393321279124565,11
NPL,Nepal,admin2,NP04,Gandaki,NP0445,Mustang,30,2025-03-16,2025-03-31,0,0,12.66,1266,0,0.3198701424125124,6
NPL,Nepal,admin2,NP04,Gandaki,NP0447,Nawalparasi East,30,2025-03-16,2025-03-31,0.25,25,4.03,403,0.1065946204077783,0.26625869266036206,109
NPL,Nepal,admin2,NP05,Lumbini,NP0547,Nawalparasi West,30,2025-03-16,2025-03-31,0.2,20,1.3,130,0.0471017594723716,0.1628804616115803,301
NPL,Nepal,admin2,NP05,Lumbini,NP0549,Kapilbastu,30,2025-03-16,2025-03-31,0.71,71,3.2,320,0.0763147218285183,0.1731011503844244,630
NPL,Nepal,admin2,NP05,Lumbini,NP0551,Gulmi,30,2025-03-16,2025-03-31,0,0,0.1,10,0,0.008431624862394972,30
NPL,Nepal,admin2,NP05,Lumbini,NP0552,Rukum East,30,2025-03-16,2025-03-31,0,0,0.28,28,0,0.01567259398024867,2
NPL,Nepal,admin2,NP05,Lumbini,NP0557,Banke,30,2025-03-16,2025-03-31,0.01,1,1.37,137,0.001759082418461,0.06588496874844048,188
NPL,Nepal,admin2,NP05,Lumbini,NP0558,Bardiya,30,2025-03-16,2025-03-31,0.16,16,0.7400000000000001,74,0.024289466140752,0.0331712582491091,76
NPL,Nepal,admin2,NP06,Karnali,NP0652,Rukum West,30,2025-03-16,2025-03-31,0.01,1,0.24000000000000002,24,0.0304736683604449,0.01822666628585241,37
NPL,Nepal,admin2,NP06,Karnali,NP0653,Salyan,30,2025-03-16,2025-03-31,0,0,0.49,49,0,0.023573882017842718,71
NPL,Nepal,admin2,NP06,Karnali,NP0659,Surkhet,30,2025-03-16,2025-03-31,0,0,1.1700000000000002,117,0,0.04486222560155407,25
NPL,Nepal,admin2,NP06,Karnali,NP0662,Dolpa,30,2025-03-16,2025-03-31,0,0,50.67999999999999,5068,0,0.555182020842193,71
NPL,Nepal,admin2,NP04,Gandaki,NP0440,Tanahu,30,2025-03-16,2025-03-31,0,0,0.09,9,0,0.0059295518088194,13
NPL,Nepal,admin2,NP04,Gandaki,NP0439,Kaski,30,2025-03-16,2025-03-31,0.53,53,6.74,674,0.5462660903960235,0.32110820388022404,1894
NPL,Nepal,admin2,NP04,Gandaki,NP0438,Manang,30,2025-03-16,2025-03-31,0,0,6.3,630,0,0.2561177098820066,4
NPL,Nepal,admin2,NP04,Gandaki,NP0436,Gorkha,30,2025-03-16,2025-03-31,0,0,1.84,184,0,0.045377550797179596,10
NPL,Nepal,admin2,NP03,Bagmati,NP0335,Chitawan,30,2025-03-16,2025-03-31,3.65,365,9.49,949,0.8151967564847229,0.3822100721131591,2600
NPL,Nepal,admin2,NP03,Bagmati,NP0331,Makawanpur,30,2025-03-16,2025-03-31,0.21,21,2.5700000000000003,257,0.066697514007412,0.09443571536707929,481
NPL,Nepal,admin2,NP03,Bagmati,NP0329,Rasuwa,30,2025-03-16,2025-03-31,0,0,0.8400000000000001,84,0,0.08012352339116845,0
NPL,Nepal,admin2,NP03,Bagmati,NP0328,Nuwakot,30,2025-03-16,2025-03-31,0.03,3,0.28,28,0.0257120904635369,0.025009619421195447,49
NPL,Nepal,admin2,NP03,Bagmati,NP0323,Sindhupalchok,30,2025-03-16,2025-03-31,0,0,0.12,12,0,0.006811234298491099,21
NPL,Nepal,admin2,NP03,Bagmati,NP0322,Dolakha,30,2025-03-16,2025-03-31,0,0,0.16,16,0,0.01744088821313963,0
NPL,Nepal,admin2,NP02,Madhesh,NP0232,Rautahat,30,2025-03-16,2025-03-31,0,0,1.45,145,0,0.34120965489977023,157
NPL,Nepal,admin2,NP02,Madhesh,NP0219,Sarlahi,30,2025-03-16,2025-03-31,1.03,103,1.4800000000000002,148,0.1331269666829299,0.10403289843318264,642
NPL,Nepal,admin2,NP02,Madhesh,NP0215,Saptari,30,2025-03-16,2025-03-31,5.27,527,20.939999999999998,2094,0.627441587492349,1.4554396611000975,1487
NPL,Nepal,admin2,NP01,Koshi,NP0114,Udayapur,30,2025-03-16,2025-03-31,0.12,12,0.8600000000000001,86,0.0357281007467056,0.033283364778499004,67
NPL,Nepal,admin2,NP01,Koshi,NP0111,Solukhumbu,30,2025-03-16,2025-03-31,0,0,7.5,750,0,0.19740856079332614,8
NPL,Nepal,admin2,NP01,Koshi,NP0110,Bhojpur,30,2025-03-16,2025-03-31,0,0,0.32,32,0,0.020028911340796568,12
NPL,Nepal,admin2,NP01,Koshi,NP0109,Sankhuwasabha,30,2025-03-16,2025-03-31,0,0,3.45,345,0,0.08896570878820913,15
NPL,Nepal,admin2,NP01,Koshi,NP0106,Sunsari,30,2025-03-16,2025-03-31,3.15,315,20.68,2068,0.4603239706522765,1.620989212863019,6345
NPL,Nepal,admin2,NP01,Koshi,NP0105,Morang,30,2025-03-16,2025-03-31,0.95,95,1.73,173,0.0925375327075771,0.09080156571826865,531
NPL,Nepal,admin2,NP01,Koshi,NP0101,Taplejung,30,2025-03-16,2025-03-31,0,0,1.31,131,0,0.10546766075159521,1
NPL,Nepal,admin2,NP01,Koshi,NP0101,Taplejung,29,2025-01-03,2025-03-15,0,0,4.38,438,0,0.35263233136792926,2
NPL,Nepal,admin2,NP01,Koshi,NP0102,Panchthar,29,2025-01-03,2025-03-15,0,0,0.48000000000000004,48,0,0.03596634079418441,22
NPL,Nepal,admin2,NP01,Koshi,NP0106,Sunsari,29,2025-01-03,2025-03-15,3.17,317,19.42,1942,0.4632466625294339,1.5217831078172313,7416
NPL,Nepal,admin2,NP01,Koshi,NP0107,Dhankuta,29,2025-01-03,2025-03-15,0,0,0.16,16,0,0.017477389804950123,11
NPL,Nepal,admin2,NP01,Koshi,NP0109,Sankhuwasabha,29,2025-01-03,2025-03-15,0,0,2.9799999999999995,298,0,0.07684574266343862,8
NPL,Nepal,admin2,NP01,Koshi,NP0110,Bhojpur,29,2025-01-03,2025-03-15,0,0,0.44,44,0,0.03204534650730279,22
NPL,Nepal,admin2,NP01,Koshi,NP0111,Solukhumbu,29,2025-01-03,2025-03-15,0,0,13.379999999999999,1338,0,0.3521768724552939,12
NPL,Nepal,admin2,NP01,Koshi,NP0112,Khotang,29,2025-01-03,2025-03-15,0.01,1,0.24000000000000002,24,0.0061802600071739,0.013450286948245823,14
NPL,Nepal,admin2,NP01,Koshi,NP0113,Okhaldhunga,29,2025-01-03,2025-03-15,0.08,8,0.29000000000000004,29,0.1198154841544022,0.023937822646727475,41
NPL,Nepal,admin2,NP01,Koshi,NP0114,Udayapur,29,2025-01-03,2025-03-15,0.03,3,2.3800000000000003,238,0.0089320251866764,0.09248388538014476,148
NPL,Nepal,admin2,NP02,Madhesh,NP0215,Saptari,29,2025-01-03,2025-03-15,4.11,411,15.99,1599,0.4893330027691754,1.111388738347209,1405
NPL,Nepal,admin2,NP02,Madhesh,NP0219,Sarlahi,29,2025-01-03,2025-03-15,0.02,2,0.45,45,0.0025849896443287,0.05040799284948825,96
NPL,Nepal,admin2,NP02,Madhesh,NP0232,Rautahat,29,2025-01-03,2025-03-15,0,0,1.46,146,0,0.3294068473623515,159
NPL,Nepal,admin2,NP02,Madhesh,NP0233,Bara,29,2025-01-03,2025-03-15,0.11,11,0.12,12,0.0162870780703232,0.017224725248745243,173
NPL,Nepal,admin2,NP02,Madhesh,NP0234,Parsa,29,2025-01-03,2025-03-15,0.44,44,0.56,56,0.0797447088994739,0.035307064152341916,2352
NPL,Nepal,admin2,NP03,Bagmati,NP0320,Sindhuli,29,2025-01-03,2025-03-15,0.03,3,0.64,64,0.0095356785202421,0.023419800278755776,54
NPL,Nepal,admin2,NP03,Bagmati,NP0322,Dolakha,29,2025-01-03,2025-03-15,0,0,1,100,0,0.04160683983814102,14
NPL,Nepal,admin2,NP03,Bagmati,NP0323,Sindhupalchok,29,2025-01-03,2025-03-15,0,0,2.4799999999999995,248,0,0.08980410435998068,127
NPL,Nepal,admin2,NP03,Bagmati,NP0324,Kabhrepalanchok,29,2025-01-03,2025-03-15,0.02,2,0.28,28,0.0102998030314137,0.018009057345151572,16
NPL,Nepal,admin2,NP03,Bagmati,NP0328,Nuwakot,29,2025-01-03,2025-03-15,0.28,28,1.6,160,0.2399795109930113,0.12145281861628801,527
NPL,Nepal,admin2,NP03,Bagmati,NP0329,Rasuwa,29,2025-01-03,2025-03-15,0,0,3.7,370,0,0.21704880522396783,14
NPL,Nepal,admin2,NP03,Bagmati,NP0330,Dhading,29,2025-01-03,2025-03-15,0.04,4,2.84,284,0.0225805144770983,0.13391106038606648,259
NPL,Nepal,admin2,NP03,Bagmati,NP0331,Makawanpur,29,2025-01-03,2025-03-15,0.25,25,2.8200000000000003,282,0.0794018023897763,0.10362206900200924,490
NPL,Nepal,admin2,NP03,Bagmati,NP0335,Chitawan,29,2025-01-03,2025-03-15,0.36,36,7.720000000000001,772,0.0804029677628767,0.3050616572131284,1067
NPL,Nepal,admin2,NP04,Gandaki,NP0436,Gorkha,29,2025-01-03,2025-03-15,0.01,1,0.6600000000000001,66,0.0104903778551825,0.021653377544135127,58
NPL,Nepal,admin2,NP04,Gandaki,NP0437,Lamjung,29,2025-01-03,2025-03-15,0,0,0.16,16,0,0.039586795358681065,0
NPL,Nepal,admin2,NP04,Gandaki,NP0438,Manang,29,2025-01-03,2025-03-15,0,0,1.08,108,0,0.04068428425190485,3
NPL,Nepal,admin2,NP04,Gandaki,NP0439,Kaski,29,2025-01-03,2025-03-15,0.38,38,6.5,650,0.3916624799065828,0.2927949909533849,1302
NPL,Nepal,admin2,NP04,Gandaki,NP0440,Tanahu,29,2025-01-03,2025-03-15,0.07,7,2.16,216,0.0517545367852981,0.12221999710426462,241
NPL,Nepal,admin2,NP04,Gandaki,NP0441,Syangja,29,2025-01-03,2025-03-15,0,0,0.27,27,0,0.024885254039407934,44
NPL,Nepal,admin2,NP04,Gandaki,NP0442,Parbat,29,2025-01-03,2025-03-15,0,0,0.15,15,0,0.03025575007563939,18
NPL,Nepal,admin2,NP04,Gandaki,NP0443,Baglung,29,2025-01-03,2025-03-15,0.01,1,1.2400000000000002,124,0.0197466695886575,0.059713318285148996,84
NPL,Nepal,admin2,NP04,Gandaki,NP0444,Myagdi,29,2025-01-03,2025-03-15,0,0,0.48,48,0,0.020235533676490836,4
NPL,Nepal,admin2,NP04,Gandaki,NP0445,Mustang,29,2025-01-03,2025-03-15,0,0,14.39,1439,0,0.3521932044894909,25
NPL,Nepal,admin2,NP04,Gandaki,NP0447,Nawalparasi East,29,2025-01-03,2025-03-15,0.62,62,8.31,831,0.2643546586112902,0.5175926039007829,655
NPL,Nepal,admin2,NP05,Lumbini,NP0546,Palpa,29,2025-01-03,2025-03-15,0.01,1,2.9599999999999995,296,0.0089780165343377,0.17981476791912057,388
NPL,Nepal,admin2,NP05,Lumbini,NP0547,Nawalparasi West,29,2025-01-03,2025-03-15,0,0,0.16,16,0,0.04593760682182456,37
NPL,Nepal,admin2,NP05,Lumbini,NP0549,Kapilbastu,29,2025-01-03,2025-03-15,1.25,125,2.25,225,0.1343569046276731,0.12171174636404836,843
NPL,Nepal,admin2,NP05,Lumbini,NP0551,Gulmi,29,2025-01-03,2025-03-15,0,0,1.1,110,0,0.09251633243093906,194
NPL,Nepal,admin2,NP05,Lumbini,NP0552,Rukum East,29,2025-01-03,2025-03-15,0,0,0.12000000000000001,12,0,0.014765043999589533,0
NPL,Nepal,admin2,NP05,Lumbini,NP0554,Rolpa,29,2025-01-03,2025-03-15,0,0,0.33,33,0,0.018505459913347296,54
NPL,Nepal,admin2,NP05,Lumbini,NP0557,Banke,29,2025-01-03,2025-03-15,0.01,1,0.6500000000000001,65,0.001759082418461,0.030380959080779677,187
NPL,Nepal,admin2,NP05,Lumbini,NP0558,Bardiya,29,2025-01-03,2025-03-15,0.48,48,3.4099999999999993,341,0.0728683984222562,0.14990991957670285,688
NPL,Nepal,admin2,NP06,Karnali,NP0652,Rukum West,29,2025-01-03,2025-03-15,0.01,1,1.76,176,0.0304736683604449,0.12700587857802184,84
NPL,Nepal,admin2,NP06,Karnali,NP0653,Salyan,29,2025-01-03,2025-03-15,0.02,2,1.01,101,0.0171588797875798,0.04616081794496006,124
NPL,Nepal,admin2,NP06,Karnali,NP0659,Surkhet,29,2025-01-03,2025-03-15,0,0,1.3800000000000001,138,0,0.05291441994029458,28
NPL,Nepal,admin2,NP06,Karnali,NP0660,Jajarkot,29,2025-01-03,2025-03-15,0,0,0.68,68,0,0.028717065591533232,11
NPL,Nepal,admin2,NP06,Karnali,NP0662,Dolpa,29,2025-01-03,2025-03-15,0,0,55.370000000000005,5537,0,0.6065593625499652,107
NPL,Nepal,admin2,NP06,Karnali,NP0663,Jumla,29,2025-01-03,2025-03-15,0,0,6.67,667,0,0.23007592349913644,294
NPL,Nepal,admin2,NP06,Karnali,NP0664,Kalikot,29,2025-01-03,2025-03-15,0,0,1.33,133,0,0.07170538341565151,74
NPL,Nepal,admin2,NP06,Karnali,NP0665,Mugu,29,2025-01-03,2025-03-15,0,0,4.99,499,0,0.13384762856230645,80
NPL,Nepal,admin2,NP06,Karnali,NP0666,Humla,29,2025-01-03,2025-03-15,0,0,5.46,546,0,0.07868259954175333,12
NPL,Nepal,admin2,NP07,Sudurpaschim,NP0767,Bajhang,29,2025-01-03,2025-03-15,0,0,6.78,678,0,0.17218283648142893,530
NPL,Nepal,admin2,NP07,Sudurpaschim,NP0768,Bajura,29,2025-01-03,2025-03-15,0,0,1.5600000000000003,156,0,0.06182293166393392,55
NPL,Nepal,admin2,NP07,Sudurpaschim,NP0769,Achham,29,2025-01-03,2025-03-15,0,0,0.7000000000000001,70,0,0.0387464261305897,37
NPL,Nepal,admin2,NP07,Sudurpaschim,NP0770,Doti,29,2025-01-03,2025-03-15,0,0,1.7200000000000002,172,0,0.07718552503561596,140
NPL,Nepal,admin2,NP07,Sudurpaschim,NP0771,Kailali,29,2025-01-03,2025-03-15,0.44,44,5.829999999999999,583,0.0474607644990097,0.15519142159569974,3121
NPL,Nepal,admin2,NP07,Sudurpaschim,NP0772,Kanchanpur,29,2025-01-03,2025-03-15,0.55,55,4.29,429,0.0907263796538993,0.2360503612080839,7
NPL,Nepal,admin2,NP07,Sudurpaschim,NP0773,Dadeldhura,29,2025-01-03,2025-03-15,0,0,1.35,135,0,0.0888504494013145,65
NPL,Nepal,admin2,NP07,Sudurpaschim,NP0774,Baitadi,29,2025-01-03,2025-03-15,0,0,0.32,32,0,0.0251044719832708,39
NPL,Nepal,admin2,NP07,Sudurpaschim,NP0775,Darchula,29,2025-01-03,2025-03-15,0,0,2.17,217,0,0.10037040461217378,193
NPL,Nepal,admin2,NP07,Sudurpaschim,NP0775,Darchula,28,2025-02-16,2025-02-28,0.08,8,10.54,1054,0.5895357406042743,0.46403496783264075,819
NPL,Nepal,admin2,NP07,Sudurpaschim,NP0774,Baitadi,28,2025-02-16,2025-02-28,0.05,5,7.85,785,0.0774756665641759,0.4561499056595176,1027
NPL,Nepal,admin2,NP07,Sudurpaschim,NP0773,Dadeldhura,28,2025-02-16,2025-02-28,0,0,1.56,156,0,0.10340985012356556,85
NPL,Nepal,admin2,NP07,Sudurpaschim,NP0772,Kanchanpur,28,2025-02-16,2025-02-28,1.52,152,11.799999999999999,1180,0.2507347219525946,0.6492760518077834,229
NPL,Nepal,admin2,NP07,Sudurpaschim,NP0771,Kailali,28,2025-02-16,2025-02-28,0.18,18,4.46,446,0.0194157672950494,0.11872276849345122,1661
NPL,Nepal,admin2,NP07,Sudurpaschim,NP0770,Doti,28,2025-02-16,2025-02-28,0,0,8.33,833,0,0.3738112927596987,396
NPL,Nepal,admin2,NP07,Sudurpaschim,NP0769,Achham,28,2025-02-16,2025-02-28,0.05,5,2.7399999999999998,274,0.0363683454485087,0.1403972500705903,198
NPL,Nepal,admin2,NP07,Sudurpaschim,NP0768,Bajura,28,2025-02-16,2025-02-28,0.04,4,2.7399999999999998,274,0.1437145997125707,0.11597027735071103,196
NPL,Nepal,admin2,NP07,Sudurpaschim,NP0767,Bajhang,28,2025-02-16,2025-02-28,0.15,15,10.83,1083,0.309800383261546,0.3441603767291525,1353
NPL,Nepal,admin2,NP06,Karnali,NP0666,Humla,28,2025-02-16,2025-02-28,0,0,2.36,236,0,0.03904246366171974,61
NPL,Nepal,admin2,NP06,Karnali,NP0665,Mugu,28,2025-02-16,2025-02-28,0,0,15.849999999999998,1585,0,0.4251472770967049,252
NPL,Nepal,admin2,NP06,Karnali,NP0664,Kalikot,28,2025-02-16,2025-02-28,0,0,8.6,860,0,0.4628774598939792,211
NPL,Nepal,admin2,NP06,Karnali,NP0663,Jumla,28,2025-02-16,2025-02-28,0,0,7.2700000000000005,727,0,0.292786331362867,612
NPL,Nepal,admin2,NP06,Karnali,NP0662,Dolpa,28,2025-02-16,2025-02-28,0,0,99.69000000000001,9969,0,1.0920697643598705,124
NPL,Nepal,admin2,NP06,Karnali,NP0661,Dailekh,28,2025-02-16,2025-02-28,0.08,8,2.62,262,0.0733292259381288,0.1545864594709865,309
NPL,Nepal,admin2,NP06,Karnali,NP0660,Jajarkot,28,2025-02-16,2025-02-28,0,0,2.13,213,0,0.08979644254980149,167
NPL,Nepal,admin2,NP06,Karnali,NP0659,Surkhet,28,2025-02-16,2025-02-28,0.05,5,14.71,1471,0.0244874347769972,0.5203342701537292,344
NPL,Nepal,admin2,NP06,Karnali,NP0653,Salyan,28,2025-02-16,2025-02-28,0.06,6,4.17,417,0.0514766393627394,0.1899660346053851,426
NPL,Nepal,admin2,NP06,Karnali,NP0652,Rukum West,28,2025-02-16,2025-02-28,0.01,1,5.569999999999999,557,0.0304736683604449,0.4019447407270352,174
NPL,Nepal,admin2,NP05,Lumbini,NP0558,Bardiya,28,2025-02-16,2025-02-28,0.22,22,4.68,468,0.0333980159435341,0.20703597554539765,568
NPL,Nepal,admin2,NP05,Lumbini,NP0557,Banke,28,2025-02-16,2025-02-28,0.49,49,1.7700000000000002,177,0.0861950385045895,0.08272968857381569,443
NPL,Nepal,admin2,NP05,Lumbini,NP0555,Pyuthan,28,2025-02-16,2025-02-28,0,0,0.88,88,0,0.0700120115527307,67
NPL,Nepal,admin2,NP05,Lumbini,NP0554,Rolpa,28,2025-02-16,2025-02-28,0,0,1.22,122,0,0.05840701704268304,132
NPL,Nepal,admin2,NP05,Lumbini,NP0552,Rukum East,28,2025-02-16,2025-02-28,0,0,0.76,76,0,0.04788721271564109,20
NPL,Nepal,admin2,NP05,Lumbini,NP0551,Gulmi,28,2025-02-16,2025-02-28,0.04,4,1.6700000000000002,167,0.0583281438440648,0.13279718425688058,260
NPL,Nepal,admin2,NP05,Lumbini,NP0549,Kapilbastu,28,2025-02-16,2025-02-28,2.51,251,3.8599999999999994,386,0.2697886644923677,0.20880326265121196,1590
NPL,Nepal,admin2,NP05,Lumbini,NP0548,Rupandehi,28,2025-02-16,2025-02-28,0.67,67,0.7200000000000001,72,0.0747068918714703,0.05023769874126635,559
NPL,Nepal,admin2,NP05,Lumbini,NP0547,Nawalparasi West,28,2025-02-16,2025-02-28,0.3,30,1.9500000000000002,195,0.0706526392085574,0.2443206924173714,832
NPL,Nepal,admin2,NP05,Lumbini,NP0546,Palpa,28,2025-02-16,2025-02-28,0,0,2.17,217,0,0.14139062192939827,303
NPL,Nepal,admin2,NP04,Gandaki,NP0447,Nawalparasi East,28,2025-02-16,2025-02-28,0.32,32,5.15,515,0.1364411141219562,0.3185558510335085,298
NPL,Nepal,admin2,NP04,Gandaki,NP0445,Mustang,28,2025-02-16,2025-02-28,0,0,47.580000000000005,4758,0,1.1645137365955511,32
NPL,Nepal,admin2,NP04,Gandaki,NP0444,Myagdi,28,2025-02-16,2025-02-28,0,0,0.16000000000000003,16,0,0.023597302319383007,0
NPL,Nepal,admin2,NP04,Gandaki,NP0443,Baglung,28,2025-02-16,2025-02-28,0,0,0.21,21,0,0.0130812777528284,33
NPL,Nepal,admin2,NP04,Gandaki,NP0442,Parbat,28,2025-02-16,2025-02-28,0,0,0.14,14,0,0.028238700070596767,15
NPL,Nepal,admin2,NP04,Gandaki,NP0441,Syangja,28,2025-02-16,2025-02-28,0.01,1,0.39,39,0.0112519343398887,0.036573594438518764,94
NPL,Nepal,admin2,NP04,Gandaki,NP0440,Tanahu,28,2025-02-16,2025-02-28,0.07,7,1.46,146,0.0517545367852981,0.0820992298968743,211
NPL,Nepal,admin2,NP04,Gandaki,NP0439,Kaski,28,2025-02-16,2025-02-28,0.33,33,5.0600000000000005,506,0.3401279430767693,0.2837214972367986,1309
NPL,Nepal,admin2,NP04,Gandaki,NP0438,Manang,28,2025-02-16,2025-02-28,0,0,16.520000000000003,1652,0,0.6223188665198867,8
NPL,Nepal,admin2,NP04,Gandaki,NP0436,Gorkha,28,2025-02-16,2025-02-28,0,0,0.35,35,0,0.009403363586842448,48
NPL,Nepal,admin2,NP03,Bagmati,NP0335,Chitawan,28,2025-02-16,2025-02-28,0.13,13,3.88,388,0.0290344050254832,0.1533211437806914,293
NPL,Nepal,admin2,NP03,Bagmati,NP0331,Makawanpur,28,2025-02-16,2025-02-28,0.12,12,2.06,206,0.0381128651470926,0.07569555395182224,373
NPL,Nepal,admin2,NP03,Bagmati,NP0330,Dhading,28,2025-02-16,2025-02-28,0.01,1,2.099999999999999,210,0.0056451286192745,0.10435534994119623,215
NPL,Nepal,admin2,NP03,Bagmati,NP0329,Rasuwa,28,2025-02-16,2025-02-28,0,0,6.73,673,0,0.3947941781506226,60
NPL,Nepal,admin2,NP03,Bagmati,NP0328,Nuwakot,28,2025-02-16,2025-02-28,0.03,3,1.3200000000000003,132,0.0257120904635369,0.09900062020976778,252
NPL,Nepal,admin2,NP03,Bagmati,NP0325,Lalitpur,28,2025-02-16,2025-02-28,0,0,0.68,68,0,0.2173379807396434,95
NPL,Nepal,admin2,NP03,Bagmati,NP0324,Kabhrepalanchok,28,2025-02-16,2025-02-28,0.07,7,0.96,96,0.0360493106099482,0.06174533946909129,69
NPL,Nepal,admin2,NP03,Bagmati,NP0323,Sindhupalchok,28,2025-02-16,2025-02-28,0,0,1.96,196,0,0.0859332792562324,250
NPL,Nepal,admin2,NP03,Bagmati,NP0322,Dolakha,28,2025-02-16,2025-02-28,0.01,1,5.390000000000001,539,0.0467205816071147,0.22164858295688253,243
NPL,Nepal,admin2,NP03,Bagmati,NP0321,Ramechhap,28,2025-02-16,2025-02-28,0.02,2,3.8800000000000003,388,0.0174442826192692,0.22019238502892957,130
NPL,Nepal,admin2,NP03,Bagmati,NP0320,Sindhuli,28,2025-02-16,2025-02-28,0,0,0.47,47,0,0.019347770434611375,49
NPL,Nepal,admin2,NP02,Madhesh,NP0234,Parsa,28,2025-02-16,2025-02-28,0.33,33,0.6100000000000001,61,0.0598085316746054,0.03897206157921448,1800
NPL,Nepal,admin2,NP02,Madhesh,NP0219,Sarlahi,28,2025-02-16,2025-02-28,0.12,12,0.15999999999999998,16,0.0155099378659724,0.01153209116694658,49
NPL,Nepal,admin2,NP02,Madhesh,NP0215,Saptari,28,2025-02-16,2025-02-28,3.89,389,13.600000000000001,1360,0.463139995321677,0.9452712221089458,888
NPL,Nepal,admin2,NP01,Koshi,NP0114,Udayapur,28,2025-02-16,2025-02-28,0,0,1.1500000000000001,115,0,0.05139547161816743,57
NPL,Nepal,admin2,NP01,Koshi,NP0113,Okhaldhunga,28,2025-02-16,2025-02-28,0.02,2,0.7100000000000001,71,0.0299538710386005,0.05867158775621663,42
NPL,Nepal,admin2,NP01,Koshi,NP0111,Solukhumbu,28,2025-02-16,2025-02-28,0,0,33.82,3382,0,0.8901810034707058,23
NPL,Nepal,admin2,NP01,Koshi,NP0109,Sankhuwasabha,28,2025-02-16,2025-02-28,0,0,0.37,37,0,0.0297742966307613,0
NPL,Nepal,admin2,NP01,Koshi,NP0107,Dhankuta,28,2025-02-16,2025-02-28,0,0,0.12,12,0,0.014096729917987402,6
NPL,Nepal,admin2,NP01,Koshi,NP0106,Sunsari,28,2025-02-16,2025-02-28,2.27,227,15.93,1593,0.3317255280573548,1.248663354009086,5079
NPL,Nepal,admin2,NP01,Koshi,NP0103,Ilam,28,2025-02-16,2025-02-28,0.01,1,0.12,12,0.0089139582798787,0.00664899251466843,25
NPL,Nepal,admin2,NP01,Koshi,NP0102,Panchthar,28,2025-02-16,2025-02-28,0,0,0.8099999999999999,81,0,0.060693200090186215,141
NPL,Nepal,admin2,NP01,Koshi,NP0101,Taplejung,28,2025-02-16,2025-02-28,0,0,5.72,572,0,0.25218553884507927,5
NPL,Nepal,admin2,NP07,Sudurpaschim,NP0775,Darchula,27,2025-01-02,2025-02-15,0.11,11,34.21,3421,0.8106116433308772,1.2638819764262557,1805
NPL,Nepal,admin2,NP07,Sudurpaschim,NP0774,Baitadi,27,2025-01-02,2025-02-15,0.18,18,16.86,1686,0.2789123996310335,0.9797054024738174,2056
NPL,Nepal,admin2,NP07,Sudurpaschim,NP0773,Dadeldhura,27,2025-01-02,2025-02-15,0.01,1,4.209999999999999,421,0.0117155519127591,0.24543364928595765,229
NPL,Nepal,admin2,NP07,Sudurpaschim,NP0772,Kanchanpur,27,2025-01-02,2025-02-15,2.81,281,10.670000000000002,1067,0.4635293215044677,0.5870996163380551,2772
NPL,Nepal,admin2,NP07,Sudurpaschim,NP0771,Kailali,27,2025-01-02,2025-02-15,0.2,20,5.97,597,0.0215730747722771,0.15891814527038198,2227
NPL,Nepal,admin2,NP07,Sudurpaschim,NP0770,Doti,27,2025-01-02,2025-02-15,0.11,11,20.509999999999998,2051,0.0934017102668958,0.8710271880460108,1380
NPL,Nepal,admin2,NP07,Sudurpaschim,NP0769,Achham,27,2025-01-02,2025-02-15,0.08,8,9.71,971,0.0581893527176139,0.4975391599216906,631
NPL,Nepal,admin2,NP07,Sudurpaschim,NP0768,Bajura,27,2025-01-02,2025-02-15,0.05,5,25.830000000000002,2583,0.1796432496407134,1.0103638280775904,1041
NPL,Nepal,admin2,NP07,Sudurpaschim,NP0767,Bajhang,27,2025-01-02,2025-02-15,0.67,67,44.730000000000004,4473,1.3837750452349056,1.2475154333162053,4111
NPL,Nepal,admin2,NP06,Karnali,NP0666,Humla,27,2025-01-02,2025-02-15,0.01,1,32.6,3260,1.024219785516327,0.4682630058402247,263
NPL,Nepal,admin2,NP06,Karnali,NP0665,Mugu,27,2025-01-02,2025-02-15,0,0,61.269999999999996,6127,0,1.643455751906317,832
NPL,Nepal,admin2,NP06,Karnali,NP0664,Kalikot,27,2025-01-02,2025-02-15,0.32,32,22.990000000000002,2299,1.3411765866069711,1.220747287788739,517
NPL,Nepal,admin2,NP06,Karnali,NP0663,Jumla,27,2025-01-02,2025-02-15,0,0,24.260000000000005,2426,0,0.8351673002254115,981
NPL,Nepal,admin2,NP06,Karnali,NP0662,Dolpa,27,2025-01-02,2025-02-15,0.01,1,308.29999999999995,30830,0.5434782608695652,3.376640163127757,601
NPL,Nepal,admin2,NP06,Karnali,NP0661,Dailekh,27,2025-01-02,2025-02-15,0.08,8,8.11,811,0.0733292259381288,0.47850999477469497,1102
NPL,Nepal,admin2,NP06,Karnali,NP0660,Jajarkot,27,2025-01-02,2025-02-15,0.09,9,8.39,839,0.1769132454445802,0.329576093465682,583
NPL,Nepal,admin2,NP06,Karnali,NP0659,Surkhet,27,2025-01-02,2025-02-15,0.1,10,35.5,3550,0.0489748695539945,1.2536656303630886,872
NPL,Nepal,admin2,NP06,Karnali,NP0653,Salyan,27,2025-01-02,2025-02-15,0.15,15,11.840000000000002,1184,0.1286915984068485,0.5393759831481442,1142
NPL,Nepal,admin2,NP06,Karnali,NP0652,Rukum West,27,2025-01-02,2025-02-15,0.14,14,24.08,2408,0.4266313570462291,1.737671338726572,1026
NPL,Nepal,admin2,NP05,Lumbini,NP0558,Bardiya,27,2025-01-02,2025-02-15,0.8,80,1.7200000000000002,172,0.1214473307037604,0.07606625297793919,317
NPL,Nepal,admin2,NP05,Lumbini,NP0557,Banke,27,2025-01-02,2025-02-15,0.09,9,1.2100000000000002,121,0.0158317417661491,0.056555323827297686,299
NPL,Nepal,admin2,NP05,Lumbini,NP0556,Dang,27,2025-01-02,2025-02-15,0.02,2,1.54,154,0.0032471276131975,0.0455702682163634,121
NPL,Nepal,admin2,NP05,Lumbini,NP0555,Pyuthan,27,2025-01-02,2025-02-15,0.04,4,3.5999999999999996,360,0.045895750053545,0.23985843022429426,445
NPL,Nepal,admin2,NP05,Lumbini,NP0554,Rolpa,27,2025-01-02,2025-02-15,0.03,3,3.34,334,0.0534863672688602,0.15571972708952236,360
NPL,Nepal,admin2,NP05,Lumbini,NP0552,Rukum East,27,2025-01-02,2025-02-15,0,0,6.49,649,0,0.33920269422390226,376
NPL,Nepal,admin2,NP05,Lumbini,NP0551,Gulmi,27,2025-01-02,2025-02-15,0.25,25,6.11,611,0.3645508990254052,0.4848800094308937,925
NPL,Nepal,admin2,NP05,Lumbini,NP0550,Arghakhanchi,27,2025-01-02,2025-02-15,0.03,3,1.1700000000000002,117,0.0436960582157157,0.08338755550785479,152
NPL,Nepal,admin2,NP05,Lumbini,NP0549,Kapilbastu,27,2025-01-02,2025-02-15,1.5,150,2.9899999999999998,299,0.1612282855532077,0.1601196467258045,1072
NPL,Nepal,admin2,NP05,Lumbini,NP0547,Nawalparasi West,27,2025-01-02,2025-02-15,0.02,2,0.16,16,0.0047101759472371,0.03664538450034914,39
NPL,Nepal,admin2,NP05,Lumbini,NP0546,Palpa,27,2025-01-02,2025-02-15,0.12,12,10.319999999999999,1032,0.1077361984120529,0.6249699134078499,1515
NPL,Nepal,admin2,NP04,Gandaki,NP0447,Nawalparasi East,27,2025-01-02,2025-02-15,0.7,70,9.51,951,0.2984649371417793,0.5976984377051852,605
NPL,Nepal,admin2,NP04,Gandaki,NP0445,Mustang,27,2025-01-02,2025-02-15,0,0,142.35,14235,0,3.4831009070287666,191
NPL,Nepal,admin2,NP04,Gandaki,NP0444,Myagdi,27,2025-01-02,2025-02-15,0.02,2,14.36,1436,0.1758754112380939,0.5504104780310043,462
NPL,Nepal,admin2,NP04,Gandaki,NP0443,Baglung,27,2025-01-02,2025-02-15,0,0,5.4399999999999995,544,0,0.26984045099769777,198
NPL,Nepal,admin2,NP04,Gandaki,NP0442,Parbat,27,2025-01-02,2025-02-15,0.01,1,1.09,109,0.0201777381784171,0.17751424871971955,73
NPL,Nepal,admin2,NP04,Gandaki,NP0441,Syangja,27,2025-01-02,2025-02-15,0.17,17,6.91,691,0.1912828837781083,0.5860187802049275,1221
NPL,Nepal,admin2,NP04,Gandaki,NP0440,Tanahu,27,2025-01-02,2025-02-15,0.22,22,14.530000000000003,1453,0.1626571156109369,0.8133149434281679,1539
NPL,Nepal,admin2,NP04,Gandaki,NP0439,Kaski,27,2025-01-02,2025-02-15,0.45,45,10.75,1075,0.4638108314683218,0.452103223779245,1855
NPL,Nepal,admin2,NP04,Gandaki,NP0438,Manang,27,2025-01-02,2025-02-15,0,0,88.71000000000001,8871,0,3.3417619036912316,54
NPL,Nepal,admin2,NP04,Gandaki,NP0437,Lamjung,27,2025-01-02,2025-02-15,0,0,1.81,181,0,0.09784709882980963,70
NPL,Nepal,admin2,NP04,Gandaki,NP0436,Gorkha,27,2025-01-02,2025-02-15,0.03,3,42.839999999999996,4284,0.0314711335655477,1.0322409219810138,384
NPL,Nepal,admin2,NP03,Bagmati,NP0335,Chitawan,27,2025-01-02,2025-02-15,0.65,65,12.660000000000002,1266,0.1451720251274164,0.5002695052225656,1252
NPL,Nepal,admin2,NP03,Bagmati,NP0331,Makawanpur,27,2025-01-02,2025-02-15,0.63,63,14.110000000000001,1411,0.2000925420222362,0.5103848974923626,1325
NPL,Nepal,admin2,NP03,Bagmati,NP0330,Dhading,27,2025-01-02,2025-02-15,0.46,46,19.099999999999998,1910,0.2596759164866312,0.8816176874537229,2220
NPL,Nepal,admin2,NP03,Bagmati,NP0329,Rasuwa,27,2025-01-02,2025-02-15,0.01,1,54.230000000000004,5423,0.4515032401997239,3.1731698293002983,614
NPL,Nepal,admin2,NP03,Bagmati,NP0328,Nuwakot,27,2025-01-02,2025-02-15,0.35,35,12.02,1202,0.2999743887412641,0.9015056476677346,1568
NPL,Nepal,admin2,NP03,Bagmati,NP0327,Kathmandu,27,2025-01-02,2025-02-15,0.04,4,2.26,226,0.0576231794323665,0.48391891188359676,3099
NPL,Nepal,admin2,NP03,Bagmati,NP0325,Lalitpur,27,2025-01-02,2025-02-15,0,0,1.24,124,0,0.3562507816223267,164
NPL,Nepal,admin2,NP03,Bagmati,NP0324,Kabhrepalanchok,27,2025-01-02,2025-02-15,0.33,33,5.909999999999999,591,0.1699467500183275,0.37546401402708923,345
NPL,Nepal,admin2,NP03,Bagmati,NP0323,Sindhupalchok,27,2025-01-02,2025-02-15,0.18,18,20.23,2023,0.3100877838924596,0.7149731452474806,2188
NPL,Nepal,admin2,NP01,Koshi,NP0110,Bhojpur,27,2025-01-02,2025-02-15,0,0,0.16,16,0,0.011652853275382801,1
NPL,Nepal,admin2,NP01,Koshi,NP0109,Sankhuwasabha,27,2025-01-02,2025-02-15,0,0,14.59,1459,0,0.3750786927285929,26
NPL,Nepal,admin2,NP01,Koshi,NP0106,Sunsari,27,2025-01-02,2025-02-15,1.26,126,10.22,1022,0.1841295882609106,0.8011889606054265,3858
NPL,Nepal,admin2,NP01,Koshi,NP0102,Panchthar,27,2025-01-02,2025-02-15,0,0,3.6599999999999997,366,0,0.2736619986667886,207
NPL,Nepal,admin2,NP01,Koshi,NP0101,Taplejung,27,2025-01-02,2025-02-15,0,0,66.60000000000001,6660,0,1.6202970682011109,43
NPL,Nepal,admin2,NP03,Bagmati,NP0322,Dolakha,27,2025-01-02,2025-02-15,0.05,5,43.8,4380,0.2336029080355736,1.7982853255232139,2057
NPL,Nepal,admin2,NP03,Bagmati,NP0321,Ramechhap,27,2025-01-02,2025-02-15,0.09,9,18.06,1806,0.0784992717867118,1.021870282894735,390
NPL,Nepal,admin2,NP03,Bagmati,NP0320,Sindhuli,27,2025-01-02,2025-02-15,0.65,65,4.359999999999999,436,0.2066063679385807,0.15553185599613478,517
NPL,Nepal,admin2,NP02,Madhesh,NP0234,Parsa,27,2025-01-02,2025-02-15,0.34,34,0.37000000000000005,37,0.0616209114223208,0.06059416577407746,1747
NPL,Nepal,admin2,NP02,Madhesh,NP0233,Bara,27,2025-01-02,2025-02-15,0.09,9,0.09,9,0.0133257911484463,0.0133257911484463,133
NPL,Nepal,admin2,NP02,Madhesh,NP0232,Rautahat,27,2025-01-02,2025-02-15,0,0,0.01,1,0,0.054757809429939,2
NPL,Nepal,admin2,NP02,Madhesh,NP0219,Sarlahi,27,2025-01-02,2025-02-15,0.12,12,0.29,29,0.0155099378659724,0.02038482469298831,84
NPL,Nepal,admin2,NP02,Madhesh,NP0215,Saptari,27,2025-01-02,2025-02-15,2.69,269,9.68,968,0.3202690456080491,0.6906395012891157,733
NPL,Nepal,admin2,NP01,Koshi,NP0114,Udayapur,27,2025-01-02,2025-02-15,0.01,1,2.32,232,0.0029773417288921,0.09015235885795606,383
NPL,Nepal,admin2,NP01,Koshi,NP0113,Okhaldhunga,27,2025-01-02,2025-02-15,0.1,10,2.0599999999999996,206,0.1497693551930027,0.16941012381741855,172
NPL,Nepal,admin2,NP01,Koshi,NP0112,Khotang,27,2025-01-02,2025-02-15,0.02,2,1.25,125,0.0123605200143478,0.06975429179282702,98
NPL,Nepal,admin2,NP01,Koshi,NP0111,Solukhumbu,27,2025-01-02,2025-02-15,0,0,141.23000000000002,14123,0,3.7173348054455304,131
NPL,Nepal,admin2,NP01,Koshi,NP0113,Okhaldhunga,26,2025-01-16,2025-01-31,0.28,28,7.489999999999999,749,0.4193541945404077,0.6159620521322648,710
NPL,Nepal,admin2,NP01,Koshi,NP0112,Khotang,26,2025-01-16,2025-01-31,0.05,5,3.6099999999999994,361,0.0309013000358697,0.20145039469768466,304
NPL,Nepal,admin2,NP01,Koshi,NP0111,Solukhumbu,26,2025-01-16,2025-01-31,0,0,126.78000000000002,12678,0,3.3369943116503875,154
NPL,Nepal,admin2,NP01,Koshi,NP0110,Bhojpur,26,2025-01-16,2025-01-31,0,0,1.9000000000000001,190,0,0.11827776731709184,142
NPL,Nepal,admin2,NP01,Koshi,NP0109,Sankhuwasabha,26,2025-01-16,2025-01-31,0,0,41.91,4191,0,1.077419329147041,178
NPL,Nepal,admin2,NP01,Koshi,NP0108,Terhathum,26,2025-01-16,2025-01-31,0.01,1,1.04,104,0.0219077434852384,0.13769855045795149,61
NPL,Nepal,admin2,NP01,Koshi,NP0107,Dhankuta,26,2025-01-16,2025-01-31,0.03,3,3.0099999999999993,301,0.0374391980083325,0.2972919993069959,244
NPL,Nepal,admin2,NP01,Koshi,NP0106,Sunsari,26,2025-01-16,2025-01-31,4.16,416,24.54,2454,0.6079199104487207,1.832819569593617,10659
NPL,Nepal,admin2,NP01,Koshi,NP0103,Ilam,26,2025-01-16,2025-01-31,0,0,0.44,44,0,0.024947049775678822,28
NPL,Nepal,admin2,NP01,Koshi,NP0102,Panchthar,26,2025-01-16,2025-01-31,0.12,12,17.02,1702,0.1799421009828013,1.2109222221372808,1895
NPL,Nepal,admin2,NP01,Koshi,NP0101,Taplejung,26,2025-01-16,2025-01-31,0.01,1,105.61999999999999,10562,0.4119947006171842,2.5680897633717117,130
NPL,Nepal,admin2,NP03,Bagmati,NP0321,Ramechhap,26,2025-01-16,2025-01-31,0.15,15,21.73,2173,0.1308321196445196,1.229526093427608,492
NPL,Nepal,admin2,NP03,Bagmati,NP0320,Sindhuli,26,2025-01-16,2025-01-31,0.65,65,10.360000000000003,1036,0.2066063679385807,0.37045911506603413,1198
NPL,Nepal,admin2,NP02,Madhesh,NP0234,Parsa,26,2025-01-16,2025-01-31,0.43,43,0.49,49,0.0779323291517586,0.031305426514450826,1099
NPL,Nepal,admin2,NP02,Madhesh,NP0233,Bara,26,2025-01-16,2025-01-31,0.68,68,5.259999999999999,526,0.1006837553438166,0.366699066209153,1470
NPL,Nepal,admin2,NP02,Madhesh,NP0219,Sarlahi,26,2025-01-16,2025-01-31,0.36,36,0.9600000000000001,96,0.0465298135979172,0.0674774787712625,303
NPL,Nepal,admin2,NP02,Madhesh,NP0217,Dhanusha,26,2025-01-16,2025-01-31,0.11,11,0.16,16,0.0154787332138518,0.012649651108360499,35
NPL,Nepal,admin2,NP02,Madhesh,NP0216,Siraha,26,2025-01-16,2025-01-31,1.44,144,2.08,208,0.1775917256184623,0.16617153564304238,1373
NPL,Nepal,admin2,NP02,Madhesh,NP0215,Saptari,26,2025-01-16,2025-01-31,4.91,491,16.94,1694,0.5845803025782607,1.1774187134209957,2150
NPL,Nepal,admin2,NP01,Koshi,NP0114,Udayapur,26,2025-01-16,2025-01-31,0.69,69,15.629999999999999,1563,0.2054365792935573,0.6049058040557479,2028
NPL,Nepal,admin2,NP07,Sudurpaschim,NP0775,Darchula,26,2025-01-16,2025-01-31,0.15,15,27.990000000000002,2799,1.1053795136330142,1.0340852534396638,1943
NPL,Nepal,admin2,NP07,Sudurpaschim,NP0774,Baitadi,26,2025-01-16,2025-01-31,0.27,27,20.41,2041,0.4183685994465503,1.1859897547147458,2609
NPL,Nepal,admin2,NP07,Sudurpaschim,NP0773,Dadeldhura,26,2025-01-16,2025-01-31,0,0,8.629999999999999,863,0,0.5294561070024628,422
NPL,Nepal,admin2,NP07,Sudurpaschim,NP0772,Kanchanpur,26,2025-01-16,2025-01-31,1.53,153,10.48,1048,0.2523842924917564,0.5766451714360653,2287
NPL,Nepal,admin2,NP07,Sudurpaschim,NP0771,Kailali,26,2025-01-16,2025-01-31,0.58,58,8.82,882,0.0625619168396036,0.23478359150498648,1981
NPL,Nepal,admin2,NP07,Sudurpaschim,NP0770,Doti,26,2025-01-16,2025-01-31,0.67,67,33.129999999999995,3313,0.5689013261710929,1.4069785831284418,2535
NPL,Nepal,admin2,NP07,Sudurpaschim,NP0769,Achham,26,2025-01-16,2025-01-31,0.18,18,26.320000000000004,2632,0.1309260436146313,1.348633438634284,1568
NPL,Nepal,admin2,NP07,Sudurpaschim,NP0768,Bajura,26,2025-01-16,2025-01-31,0,0,19.070000000000004,1907,0,0.8182424528687153,827
NPL,Nepal,admin2,NP07,Sudurpaschim,NP0767,Bajhang,26,2025-01-16,2025-01-31,0.65,65,42.64,4264,1.3424683274666993,1.1896303125225964,4364
NPL,Nepal,admin2,NP06,Karnali,NP0666,Humla,26,2025-01-16,2025-01-31,0.01,1,38.14000000000001,3814,1.024219785516327,0.5478389890412934,415
NPL,Nepal,admin2,NP06,Karnali,NP0665,Mugu,26,2025-01-16,2025-01-31,0.02,2,61.53,6153,0.6055784461569517,1.648969005385771,1000
NPL,Nepal,admin2,NP06,Karnali,NP0664,Kalikot,26,2025-01-16,2025-01-31,0.86,86,36.08,3608,3.604412076506235,1.9158139253335236,743
NPL,Nepal,admin2,NP06,Karnali,NP0663,Jumla,26,2025-01-16,2025-01-31,0.06,6,34.31,3431,0.1859061283408424,1.1681663991386406,1160
NPL,Nepal,admin2,NP06,Karnali,NP0662,Dolpa,26,2025-01-16,2025-01-31,0.01,1,344.50000000000006,34450,0.5434782608695652,3.7731188329468464,738
NPL,Nepal,admin2,NP06,Karnali,NP0661,Dailekh,26,2025-01-16,2025-01-31,0.33,33,13.2,1320,0.3024830569947814,0.7760826722181856,1923
NPL,Nepal,admin2,NP06,Karnali,NP0660,Jajarkot,26,2025-01-16,2025-01-31,0.2,20,18.479999999999997,1848,0.3931405454324006,0.7560990934576602,1495
NPL,Nepal,admin2,NP06,Karnali,NP0659,Surkhet,26,2025-01-16,2025-01-31,0.43,43,60.5,6050,0.2105919390821763,2.128446500188277,1716
NPL,Nepal,admin2,NP06,Karnali,NP0653,Salyan,26,2025-01-16,2025-01-31,0.76,76,29.630000000000003,2963,0.6520374319280324,1.3438760514658623,2829
NPL,Nepal,admin2,NP06,Karnali,NP0652,Rukum West,26,2025-01-16,2025-01-31,0.25,25,34.74,3474,0.7618417090111235,2.5069228532957277,1928
NPL,Nepal,admin2,NP05,Lumbini,NP0558,Bardiya,26,2025-01-16,2025-01-31,0.61,61,2.99,299,0.0926035896616173,0.13181849285949881,327
NPL,Nepal,admin2,NP05,Lumbini,NP0557,Banke,26,2025-01-16,2025-01-31,0.01,1,1.33,133,0.001759082418461,0.06216411627298007,356
NPL,Nepal,admin2,NP05,Lumbini,NP0556,Dang,26,2025-01-16,2025-01-31,0.14,14,3.7100000000000004,371,0.022729893292383,0.1099906748881551,286
NPL,Nepal,admin2,NP05,Lumbini,NP0555,Pyuthan,26,2025-01-16,2025-01-31,0.15,15,14.27,1427,0.172109062700794,0.9507721664724113,1561
NPL,Nepal,admin2,NP05,Lumbini,NP0554,Rolpa,26,2025-01-16,2025-01-31,0.25,25,12.18,1218,0.4457197272405019,0.5669541779123342,1196
NPL,Nepal,admin2,NP05,Lumbini,NP0552,Rukum East,26,2025-01-16,2025-01-31,0.03,3,16.300000000000004,1630,0.289394541224536,0.8485185456165528,837
NPL,Nepal,admin2,NP05,Lumbini,NP0551,Gulmi,26,2025-01-16,2025-01-31,0.37,37,17.16,1716,0.5395353305575997,1.3645507076934555,2595
NPL,Nepal,admin2,NP05,Lumbini,NP0550,Arghakhanchi,26,2025-01-16,2025-01-31,0.11,11,6.14,614,0.1602188801242909,0.4368791277083321,511
NPL,Nepal,admin2,NP05,Lumbini,NP0549,Kapilbastu,26,2025-01-16,2025-01-31,0.89,89,3.9000000000000004,390,0.0956621160949032,0.21096702703101725,1894
NPL,Nepal,admin2,NP05,Lumbini,NP0547,Nawalparasi West,26,2025-01-16,2025-01-31,0.11,11,1.02,102,0.0259059677098043,0.12779851603370124,220
NPL,Nepal,admin2,NP05,Lumbini,NP0546,Palpa,26,2025-01-16,2025-01-31,0.16,16,22.32,2232,0.1436482645494038,1.351679115044885,2927
NPL,Nepal,admin2,NP04,Gandaki,NP0447,Nawalparasi East,26,2025-01-16,2025-01-31,0.67,67,14.55,1455,0.2856735826928459,0.8999975985509804,1387
NPL,Nepal,admin2,NP04,Gandaki,NP0445,Mustang,26,2025-01-16,2025-01-31,0.01,1,181.93,18193,0.4981344376941259,4.449381344066746,270
NPL,Nepal,admin2,NP04,Gandaki,NP0444,Myagdi,26,2025-01-16,2025-01-31,0.01,1,12.140000000000002,1214,0.0879377056190469,0.4653191645749578,495
NPL,Nepal,admin2,NP04,Gandaki,NP0443,Baglung,26,2025-01-16,2025-01-31,0.17,17,14.7,1470,0.3356933830071779,0.7074421594082616,1414
NPL,Nepal,admin2,NP04,Gandaki,NP0442,Parbat,26,2025-01-16,2025-01-31,0.02,2,3.26,326,0.0403554763568342,0.5284199075160281,201
NPL,Nepal,admin2,NP04,Gandaki,NP0441,Syangja,26,2025-01-16,2025-01-31,0.27,27,13.53,1353,0.3038022271769956,1.1474434292579838,2450
NPL,Nepal,admin2,NP04,Gandaki,NP0440,Tanahu,26,2025-01-16,2025-01-31,0.3,30,29.540000000000003,2954,0.2218051576512776,1.653497827176055,3224
NPL,Nepal,admin2,NP04,Gandaki,NP0439,Kaski,26,2025-01-16,2025-01-31,0.55,55,15.02,1502,0.5668799051279488,0.6316828298757452,2875
NPL,Nepal,admin2,NP04,Gandaki,NP0438,Manang,26,2025-01-16,2025-01-31,0,0,87.55999999999999,8756,0,3.2984406750896653,71
NPL,Nepal,admin2,NP04,Gandaki,NP0437,Lamjung,26,2025-01-16,2025-01-31,0,0,6.14,614,0,0.3327045019209394,258
NPL,Nepal,admin2,NP04,Gandaki,NP0436,Gorkha,26,2025-01-16,2025-01-31,0.1,10,40.19,4019,0.1049037785518259,0.966813900260261,660
NPL,Nepal,admin2,NP03,Bagmati,NP0335,Chitawan,26,2025-01-16,2025-01-31,1.21,121,24.15,2415,0.2702433083141136,0.9519059976732273,2514
NPL,Nepal,admin2,NP03,Bagmati,NP0331,Makawanpur,26,2025-01-16,2025-01-31,0.78,78,21.46,2146,0.247733623456102,0.776248043953657,2084
NPL,Nepal,admin2,NP03,Bagmati,NP0330,Dhading,26,2025-01-16,2025-01-31,0.84,84,38.56999999999999,3857,0.4741908040190656,1.780122271134376,4437
NPL,Nepal,admin2,NP03,Bagmati,NP0329,Rasuwa,26,2025-01-16,2025-01-31,0.03,3,65.87,6587,1.3545097205991716,3.8542632612209236,771
NPL,Nepal,admin2,NP03,Bagmati,NP0328,Nuwakot,26,2025-01-16,2025-01-31,0.31,31,16.840000000000003,1684,0.2656916014565482,1.2692042811511826,2197
NPL,Nepal,admin2,NP03,Bagmati,NP0327,Kathmandu,26,2025-01-16,2025-01-31,0,0,4.41,441,0,1.1091440993741026,4488
NPL,Nepal,admin2,NP03,Bagmati,NP0325,Lalitpur,26,2025-01-16,2025-01-31,0.09,9,4.84,484,0.1404554551185151,1.174339231988612,801
NPL,Nepal,admin2,NP03,Bagmati,NP0324,Kabhrepalanchok,26,2025-01-16,2025-01-31,0.71,71,12.169999999999998,1217,0.3656430076151896,0.7771039852199118,586
NPL,Nepal,admin2,NP03,Bagmati,NP0323,Sindhupalchok,26,2025-01-16,2025-01-31,0.16,16,30.21,3021,0.2756335856821863,1.0699176768030432,3172
NPL,Nepal,admin2,NP03,Bagmati,NP0322,Dolakha,26,2025-01-16,2025-01-31,0.03,3,60.769999999999996,6077,0.1401617448213441,2.4950182473069793,2912
NPL,Nepal,admin2,NP07,Sudurpaschim,NP0775,Darchula,25,2025-01-01,2025-01-15,0.43,43,22.699999999999996,2270,3.1687546057479747,0.910397522951226,2125
NPL,Nepal,admin2,NP07,Sudurpaschim,NP0774,Baitadi,25,2025-01-01,2025-01-15,0.62,62,34.94,3494,0.9606982653957822,2.0303028921966297,3898
NPL,Nepal,admin2,NP07,Sudurpaschim,NP0773,Dadeldhura,25,2025-01-01,2025-01-15,0.06,6,14.010000000000002,1401,0.0702933114765546,0.8116196960316076,761
NPL,Nepal,admin2,NP07,Sudurpaschim,NP0772,Kanchanpur,25,2025-01-01,2025-01-15,1.79,179,17.3,1730,0.2952731265099634,0.9519047200232756,5041
NPL,Nepal,admin2,NP07,Sudurpaschim,NP0771,Kailali,25,2025-01-01,2025-01-15,1.37,137,15.34,1534,0.1477755621900983,0.4083424369259062,4348
NPL,Nepal,admin2,NP07,Sudurpaschim,NP0770,Doti,25,2025-01-01,2025-01-15,0.98,98,47.64999999999999,4765,0.832124327832345,2.022150450389984,3612
NPL,Nepal,admin2,NP07,Sudurpaschim,NP0769,Achham,25,2025-01-01,2025-01-15,0.39,39,32.88,3288,0.2836730944983678,1.684767000847084,2173
NPL,Nepal,admin2,NP07,Sudurpaschim,NP0768,Bajura,25,2025-01-01,2025-01-15,0.04,4,26.71,2671,0.1437145997125707,1.0447858245432613,1222
NPL,Nepal,admin2,NP07,Sudurpaschim,NP0767,Bajhang,25,2025-01-01,2025-01-15,1.14,114,60.33,6033,2.35448291278775,1.5098862281787429,5902
NPL,Nepal,admin2,NP06,Karnali,NP0666,Humla,25,2025-01-01,2025-01-15,0.01,1,71.38,7138,1.024219785516327,1.0252440731630845,707
NPL,Nepal,admin2,NP06,Karnali,NP0665,Mugu,25,2025-01-01,2025-01-15,0.08,8,53.17,5317,2.4223137846278067,1.4249257600578813,940
NPL,Nepal,admin2,NP06,Karnali,NP0664,Kalikot,25,2025-01-01,2025-01-15,0.7,70,35.54000000000001,3554,2.9338237832027496,1.8871404353202177,724
NPL,Nepal,admin2,NP06,Karnali,NP0663,Jumla,25,2025-01-01,2025-01-15,0.19,19,31.890000000000004,3189,0.5887027397460012,1.0857716837228577,971
NPL,Nepal,admin2,NP06,Karnali,NP0662,Dolpa,25,2025-01-01,2025-01-15,0,0,317.3,31730,0,3.4759126916580083,1123
NPL,Nepal,admin2,NP06,Karnali,NP0661,Dailekh,25,2025-01-01,2025-01-15,0.46,46,20.46,2046,0.4216430491442406,1.202928141938188,3115
NPL,Nepal,admin2,NP06,Karnali,NP0660,Jajarkot,25,2025-01-01,2025-01-15,0.38,38,23.560000000000002,2356,0.7469670363215611,0.9254842386235362,2010
NPL,Nepal,admin2,NP06,Karnali,NP0659,Surkhet,25,2025-01-01,2025-01-15,0.98,98,66.59,6659,0.4799537216291462,2.3426983875626015,2009
NPL,Nepal,admin2,NP06,Karnali,NP0653,Salyan,25,2025-01-01,2025-01-15,1.37,137,40.97999999999999,4098,1.1753832654492162,1.858658136654439,3848
NPL,Nepal,admin2,NP06,Karnali,NP0652,Rukum West,25,2025-01-01,2025-01-15,0.45,45,29.669999999999998,2967,1.371315076220022,2.1393326393984067,2406
NPL,Nepal,admin2,NP05,Lumbini,NP0558,Bardiya,25,2025-01-01,2025-01-15,2.75,275,6.5,650,0.4174751992941765,0.2857520461139498,1640
NPL,Nepal,admin2,NP05,Lumbini,NP0557,Banke,25,2025-01-01,2025-01-15,0.01,1,1.29,129,0.001759082418461,0.060294518791085876,334
NPL,Nepal,admin2,NP05,Lumbini,NP0556,Dang,25,2025-01-01,2025-01-15,0.13,13,8.309999999999999,831,0.0211063294857842,0.24825135706172896,751
NPL,Nepal,admin2,NP05,Lumbini,NP0555,Pyuthan,25,2025-01-01,2025-01-15,0.46,46,23.44,2344,0.5278011256157683,1.559635428564839,2592
NPL,Nepal,admin2,NP05,Lumbini,NP0554,Rolpa,25,2025-01-01,2025-01-15,0.23,23,16.12,1612,0.4100621490612617,0.7503531484357001,1520
NPL,Nepal,admin2,NP05,Lumbini,NP0552,Rukum East,25,2025-01-01,2025-01-15,0.14,14,23.320000000000004,2332,1.350507859047835,1.2122618864850654,1328
NPL,Nepal,admin2,NP05,Lumbini,NP0551,Gulmi,25,2025-01-01,2025-01-15,0.37,37,16.37,1637,0.5395353305575997,1.30173048280547,2412
NPL,Nepal,admin2,NP05,Lumbini,NP0550,Arghakhanchi,25,2025-01-01,2025-01-15,0.19,19,7.26,726,0.2767417020328662,0.5177748964338331,684
NPL,Nepal,admin2,NP05,Lumbini,NP0549,Kapilbastu,25,2025-01-01,2025-01-15,0.93,93,2.08,208,0.0999615370429888,0.11251574774987586,746
NPL,Nepal,admin2,NP05,Lumbini,NP0547,Nawalparasi West,25,2025-01-01,2025-01-15,0.33,33,1.9700000000000002,197,0.0777179031294132,0.2468265456729333,420
NPL,Nepal,admin2,NP05,Lumbini,NP0546,Palpa,25,2025-01-01,2025-01-15,0.57,57,26.490000000000002,2649,0.5117469424572512,1.5963138041070524,3495
NPL,Nepal,admin2,NP04,Gandaki,NP0447,Nawalparasi East,25,2025-01-01,2025-01-15,0.97,97,20.879999999999995,2088,0.4135871271821799,1.2915429455494478,2028
NPL,Nepal,admin2,NP04,Gandaki,NP0445,Mustang,25,2025-01-01,2025-01-15,0.01,1,195.48000000000002,19548,0.4981344376941259,4.781995673185797,275
NPL,Nepal,admin2,NP04,Gandaki,NP0444,Myagdi,25,2025-01-01,2025-01-15,0.1,10,18.82,1882,0.8793770561904696,0.7213596933526115,687
NPL,Nepal,admin2,NP04,Gandaki,NP0443,Baglung,25,2025-01-01,2025-01-15,0.23,23,20.48,2048,0.454173400539123,0.9840454953717696,2211
NPL,Nepal,admin2,NP04,Gandaki,NP0442,Parbat,25,2025-01-01,2025-01-15,0.11,11,3.5999999999999996,360,0.2219551199625881,0.5835311862140189,266
NPL,Nepal,admin2,NP04,Gandaki,NP0441,Syangja,25,2025-01-01,2025-01-15,0.37,37,15.64,1564,0.4163215705758828,1.3263869352250455,3200
NPL,Nepal,admin2,NP04,Gandaki,NP0440,Tanahu,25,2025-01-01,2025-01-15,0.74,74,32.529999999999994,3253,0.5471193888731515,1.820862705417639,3376
NPL,Nepal,admin2,NP04,Gandaki,NP0439,Kaski,25,2025-01-01,2025-01-15,0.55,55,14.969999999999999,1497,0.5668799051279488,0.6295800241837486,3764
NPL,Nepal,admin2,NP04,Gandaki,NP0438,Manang,25,2025-01-01,2025-01-15,0,0,79.45000000000002,7945,0,2.9929318368647095,75
NPL,Nepal,admin2,NP04,Gandaki,NP0437,Lamjung,25,2025-01-01,2025-01-15,0.02,2,7.1499999999999995,715,0.049418987744091,0.37824780431117194,267
NPL,Nepal,admin2,NP04,Gandaki,NP0436,Gorkha,25,2025-01-01,2025-01-15,0.17,17,61.309999999999995,6131,0.1783364235381041,1.4748783335396023,825
NPL,Nepal,admin2,NP03,Bagmati,NP0335,Chitawan,25,2025-01-01,2025-01-15,1.85,185,27.11,2711,0.4131819176703389,1.0685785340340037,2582
NPL,Nepal,admin2,NP03,Bagmati,NP0331,Makawanpur,25,2025-01-01,2025-01-15,0.97,97,20.84,2084,0.308078993272332,0.7544862950252104,1938
NPL,Nepal,admin2,NP03,Bagmati,NP0330,Dhading,25,2025-01-01,2025-01-15,0.84,84,31.290000000000003,3129,0.4741908040190656,1.4442836356244502,4039
NPL,Nepal,admin2,NP03,Bagmati,NP0329,Rasuwa,25,2025-01-01,2025-01-15,0.01,1,70.12,7012,0.4515032401997239,4.1029442823259625,699
NPL,Nepal,admin2,NP03,Bagmati,NP0328,Nuwakot,25,2025-01-01,2025-01-15,0.25,25,16.47,1647,0.2142674205294743,1.2352577385264216,2135
NPL,Nepal,admin2,NP03,Bagmati,NP0327,Kathmandu,25,2025-01-01,2025-01-15,0,0,3.63,363,0,1.2868847171508986,5289
NPL,Nepal,admin2,NP03,Bagmati,NP0325,Lalitpur,25,2025-01-01,2025-01-15,0.23,23,5.34,534,0.3589417186362053,1.2956552683510718,946
NPL,Nepal,admin2,NP03,Bagmati,NP0324,Kabhrepalanchok,25,2025-01-01,2025-01-15,0.5,50,14.85,1485,0.2574950757853448,0.9411156483319414,757
NPL,Nepal,admin2,NP03,Bagmati,NP0323,Sindhupalchok,25,2025-01-01,2025-01-15,0.2,20,26.79,2679,0.3445419821027329,0.9468181196826498,3056
NPL,Nepal,admin2,NP03,Bagmati,NP0322,Dolakha,25,2025-01-01,2025-01-15,0.13,13,50.05,5005,0.6073675608924913,2.0548899667223024,2306
NPL,Nepal,admin2,NP03,Bagmati,NP0321,Ramechhap,25,2025-01-01,2025-01-15,0.38,38,21.640000000000004,2164,0.3314413697661165,1.2244337166025512,895
NPL,Nepal,admin2,NP03,Bagmati,NP0320,Sindhuli,25,2025-01-01,2025-01-15,1.79,179,29.27,2927,0.568962151707784,1.044132436928181,2958
NPL,Nepal,admin2,NP02,Madhesh,NP0234,Parsa,25,2025-01-01,2025-01-15,0.65,65,0.7700000000000001,77,0.1178046836014956,0.04854721320946968,2278
NPL,Nepal,admin2,NP02,Madhesh,NP0233,Bara,25,2025-01-01,2025-01-15,0.68,68,5.419999999999999,542,0.1006837553438166,0.3778534104284427,1509
NPL,Nepal,admin2,NP02,Madhesh,NP0232,Rautahat,25,2025-01-01,2025-01-15,0.01,1,0.15,15,0.0015875112791119,0.013341385833400974,47
NPL,Nepal,admin2,NP02,Madhesh,NP0219,Sarlahi,25,2025-01-01,2025-01-15,0.51,51,1.2,120,0.0659172359303827,0.08434684846407818,421
NPL,Nepal,admin2,NP02,Madhesh,NP0218,Mahottari,25,2025-01-01,2025-01-15,0.22,22,0.8300000000000001,83,0.0371960195087486,0.07867280739554863,2795
NPL,Nepal,admin2,NP02,Madhesh,NP0217,Dhanusha,25,2025-01-01,2025-01-15,1.96,196,2.76,276,0.2758028827195421,0.20644324685068446,2787
NPL,Nepal,admin2,NP02,Madhesh,NP0216,Siraha,25,2025-01-01,2025-01-15,2.22,222,3.6500000000000004,365,0.2737872436617961,0.2900444407603511,5047
NPL,Nepal,admin2,NP02,Madhesh,NP0215,Saptari,25,2025-01-01,2025-01-15,7.11,711,22.92,2292,0.8465103770532451,1.593060030201253,2452
NPL,Nepal,admin2,NP01,Koshi,NP0114,Udayapur,25,2025-01-01,2025-01-15,1.75,175,46.32,4632,0.5210348025561238,1.7926575076047506,5638
NPL,Nepal,admin2,NP01,Koshi,NP0113,Okhaldhunga,25,2025-01-01,2025-01-15,0.75,75,13.999999999999998,1400,1.1232701639475209,1.1513309385649808,1381
NPL,Nepal,admin2,NP01,Koshi,NP0112,Khotang,25,2025-01-01,2025-01-15,0.77,77,17.39,1739,0.475880020552394,0.9697777159997832,1472
NPL,Nepal,admin2,NP01,Koshi,NP0111,Solukhumbu,25,2025-01-01,2025-01-15,0,0,89.05000000000001,8905,0,2.3438976451527607,169
NPL,Nepal,admin2,NP01,Koshi,NP0110,Bhojpur,25,2025-01-01,2025-01-15,0.33,33,7.21,721,0.2944516079367218,0.4195614899534358,532
NPL,Nepal,admin2,NP01,Koshi,NP0109,Sankhuwasabha,25,2025-01-01,2025-01-15,0.01,1,43.440000000000005,4344,0.0262729772640866,1.1059310017742907,215
NPL,Nepal,admin2,NP01,Koshi,NP0108,Terhathum,25,2025-01-01,2025-01-15,0.02,2,3.44,344,0.0438154869704769,0.4554644361301474,271
NPL,Nepal,admin2,NP01,Koshi,NP0107,Dhankuta,25,2025-01-01,2025-01-15,0.33,33,11.19,1119,0.4118311780916579,1.1052151070582341,1110
NPL,Nepal,admin2,NP01,Koshi,NP0106,Sunsari,25,2025-01-01,2025-01-15,4.53,453,28.02,2802,0.661989710176131,2.0927304132034696,11277
NPL,Nepal,admin2,NP01,Koshi,NP0105,Morang,25,2025-01-01,2025-01-15,0.1,10,0.16000000000000003,16,0.009740792916587,0.008105102841637088,35
NPL,Nepal,admin2,NP01,Koshi,NP0103,Ilam,25,2025-01-01,2025-01-15,0,0,1.7,170,0,0.09638632867875928,93
NPL,Nepal,admin2,NP01,Koshi,NP0102,Panchthar,25,2025-01-01,2025-01-15,0.19,19,20.35,2035,0.2849083265561021,1.4478417873380531,2042
NPL,Nepal,admin2,NP01,Koshi,NP0101,Taplejung,25,2025-01-01,2025-01-15,0,0,85.43,8543,0,2.078408086132446,180
NPL,Nepal,admin2,NP01,Koshi,NP0101,Taplejung,24,2024-12-16,2024-12-31,0.01,1,187.00000000000003,18700,0.4119947006171842,4.546797820019978,213
NPL,Nepal,admin2,NP01,Koshi,NP0102,Panchthar,24,2024-12-16,2024-12-31,0.39,39,36,3600,0.5848118281941045,2.5612925967651057,3216
NPL,Nepal,admin2,NP01,Koshi,NP0103,Ilam,24,2024-12-16,2024-12-31,0,0,2.0599999999999996,206,0,0.11679755122249655,102
NPL,Nepal,admin2,NP01,Koshi,NP0105,Morang,24,2024-12-16,2024-12-31,0.12,12,0.32,32,0.0116889514999044,0.01589414747104234,892
NPL,Nepal,admin2,NP01,Koshi,NP0106,Sunsari,24,2024-12-16,2024-12-31,6.11,611,36.07,3607,0.8928823684715587,2.826504464416453,13770
NPL,Nepal,admin2,NP01,Koshi,NP0107,Dhankuta,24,2024-12-16,2024-12-31,0.52,52,17.51,1751,0.6489460988110973,1.7294295374968436,1636
NPL,Nepal,admin2,NP01,Koshi,NP0108,Terhathum,24,2024-12-16,2024-12-31,0.19,19,3.39,339,0.4162471262195311,0.4488443135119766,266
NPL,Nepal,admin2,NP01,Koshi,NP0109,Sankhuwasabha,24,2024-12-16,2024-12-31,0.04,4,86.39,8639,0.1050919090563467,2.1993871833167806,404
NPL,Nepal,admin2,NP01,Koshi,NP0110,Bhojpur,24,2024-12-16,2024-12-31,0.17,17,9.02,902,0.1516871919674021,0.5248882994979184,605
NPL,Nepal,admin2,NP01,Koshi,NP0111,Solukhumbu,24,2024-12-16,2024-12-31,0,0,224.65000000000003,22465,0,5.911620648266739,353
NPL,Nepal,admin2,NP01,Koshi,NP0112,Khotang,24,2024-12-16,2024-12-31,1.01,101,17.320000000000004,1732,0.6242062607245689,0.9658740679192782,1409
NPL,Nepal,admin2,NP01,Koshi,NP0113,Okhaldhunga,24,2024-12-16,2024-12-31,0.68,68,12.78,1278,1.0184316153124189,1.0549150807764751,1236
NPL,Nepal,admin2,NP01,Koshi,NP0114,Udayapur,24,2024-12-16,2024-12-31,2.06,206,55.25000000000001,5525,0.61333239615178,2.1382626790838186,5741
NPL,Nepal,admin2,NP02,Madhesh,NP0215,Saptari,24,2024-12-16,2024-12-31,8.39,839,27.89,2789,0.9989060567477815,1.9385010576925366,3005
NPL,Nepal,admin2,NP02,Madhesh,NP0219,Sarlahi,24,2024-12-16,2024-12-31,0.38,38,0.9099999999999999,91,0.0491148032422459,0.06628365255746053,253
NPL,Nepal,admin2,NP02,Madhesh,NP0234,Parsa,24,2024-12-16,2024-12-31,0.51,51,0.6000000000000001,60,0.0924313671334811,0.03782899730607954,2210
NPL,Nepal,admin2,NP03,Bagmati,NP0320,Sindhuli,24,2024-12-16,2024-12-31,1.73,173,27.830000000000002,2783,0.5498907946672995,0.9927641175166133,2699
NPL,Nepal,admin2,NP07,Sudurpaschim,NP0775,Darchula,24,2024-12-16,2024-12-31,0.63,63,86.37,8637,4.6425939572586605,3.1898622505137295,3762
NPL,Nepal,admin2,NP07,Sudurpaschim,NP0774,Baitadi,24,2024-12-16,2024-12-31,1.03,103,46.059999999999995,4606,1.5959987312220254,2.676466834990749,5241
NPL,Nepal,admin2,NP07,Sudurpaschim,NP0773,Dadeldhura,24,2024-12-16,2024-12-31,0.15,15,25.2,2520,0.1757332786913865,1.4590358983226823,1330
NPL,Nepal,admin2,NP07,Sudurpaschim,NP0772,Kanchanpur,24,2024-12-16,2024-12-31,1.77,177,15.91,1591,0.2919739854316398,0.8585934537510796,4822
NPL,Nepal,admin2,NP07,Sudurpaschim,NP0771,Kailali,24,2024-12-16,2024-12-31,1.06,106,20.510000000000005,2051,0.1143372962930688,0.5453787884862857,3609
NPL,Nepal,admin2,NP07,Sudurpaschim,NP0770,Doti,24,2024-12-16,2024-12-31,1.46,146,65.09,6509,1.2396954271787997,2.764269120912474,5086
NPL,Nepal,admin2,NP07,Sudurpaschim,NP0769,Achham,24,2024-12-16,2024-12-31,0.69,69,51.739999999999995,5174,0.50188316718942,2.6510287376723283,3681
NPL,Nepal,admin2,NP07,Sudurpaschim,NP0768,Bajura,24,2024-12-16,2024-12-31,0.26,26,50.47999999999999,5048,0.93414489813171,1.9052615347553334,2586
NPL,Nepal,admin2,NP07,Sudurpaschim,NP0767,Bajhang,24,2024-12-16,2024-12-31,1.32,132,90.62,9062,2.726243372701605,2.2679577324309244,7927
NPL,Nepal,admin2,NP06,Karnali,NP0666,Humla,24,2024-12-16,2024-12-31,0.03,3,179.77,17977,3.0726593565489817,2.5821975631870306,620
NPL,Nepal,admin2,NP06,Karnali,NP0665,Mugu,24,2024-12-16,2024-12-31,0,0,223.72,22372,0,6.000880052496839,1778
NPL,Nepal,admin2,NP06,Karnali,NP0664,Kalikot,24,2024-12-16,2024-12-31,1.42,142,51.08,5108,5.951471103068434,2.712299759036485,1049
NPL,Nepal,admin2,NP06,Karnali,NP0663,Jumla,24,2024-12-16,2024-12-31,0.28,28,76.56,7656,0.867561932257265,2.606669178608404,1913
NPL,Nepal,admin2,NP06,Karnali,NP0662,Dolpa,24,2024-12-16,2024-12-31,0.01,1,828.81,82881,0.5434782608695652,9.077499622451887,2104
NPL,Nepal,admin2,NP06,Karnali,NP0661,Dailekh,24,2024-12-16,2024-12-31,0.65,65,26.02,2602,0.5957999607472967,1.5298235705391814,3916
NPL,Nepal,admin2,NP06,Karnali,NP0660,Jajarkot,24,2024-12-16,2024-12-31,0.36,36,30.359999999999996,3036,0.707652981778321,1.1926019305861866,2569
NPL,Nepal,admin2,NP06,Karnali,NP0659,Surkhet,24,2024-12-16,2024-12-31,1.08,108,86.80000000000001,8680,0.5289285911831407,3.06530075254975,2475
NPL,Nepal,admin2,NP06,Karnali,NP0653,Salyan,24,2024-12-16,2024-12-31,0.99,99,47.86,4786,0.8493645494852,2.168253547389864,4462
NPL,Nepal,admin2,NP06,Karnali,NP0652,Rukum West,24,2024-12-16,2024-12-31,0.9,90,64.16,6416,2.7426301524400443,4.6247107753742736,4209
NPL,Nepal,admin2,NP05,Lumbini,NP0558,Bardiya,24,2024-12-16,2024-12-31,0.58,58,5.949999999999999,595,0.0880493147602263,0.2631361658248478,509
NPL,Nepal,admin2,NP05,Lumbini,NP0557,Banke,24,2024-12-16,2024-12-31,0.13,13,1.6900000000000002,169,0.0228680714399931,0.08042578581143568,459
NPL,Nepal,admin2,NP05,Lumbini,NP0556,Dang,24,2024-12-16,2024-12-31,0.57,57,12.049999999999999,1205,0.0925431369761309,0.35997940464426414,927
NPL,Nepal,admin2,NP05,Lumbini,NP0555,Pyuthan,24,2024-12-16,2024-12-31,0.89,89,46.3,4630,1.0211804386913776,3.086973023518885,5284
NPL,Nepal,admin2,NP05,Lumbini,NP0554,Rolpa,24,2024-12-16,2024-12-31,0.41,41,29.180000000000003,2918,0.7309803526744231,1.3603816403527107,3073
NPL,Nepal,admin2,NP05,Lumbini,NP0552,Rukum East,24,2024-12-16,2024-12-31,0.12,12,39.089999999999996,3909,1.1575781648981442,2.031623743678072,1674
NPL,Nepal,admin2,NP05,Lumbini,NP0551,Gulmi,24,2024-12-16,2024-12-31,0.6,60,31.98,3198,0.8749221576609725,2.5378826025531884,4875
NPL,Nepal,admin2,NP05,Lumbini,NP0550,Arghakhanchi,24,2024-12-16,2024-12-31,0.37,37,13.459999999999997,1346,0.5389180513271606,0.959951805234076,1135
NPL,Nepal,admin2,NP05,Lumbini,NP0549,Kapilbastu,24,2024-12-16,2024-12-31,1.59,159,3.5999999999999996,360,0.1709019826864002,0.19473879418247744,1383
NPL,Nepal,admin2,NP05,Lumbini,NP0548,Rupandehi,24,2024-12-16,2024-12-31,0.43,43,0.76,76,0.0479462141861675,0.05545993153016432,334
NPL,Nepal,admin2,NP05,Lumbini,NP0547,Nawalparasi West,24,2024-12-16,2024-12-31,2.52,252,9.129999999999999,913,0.5934821693518826,1.1106010053726147,2491
NPL,Nepal,admin2,NP05,Lumbini,NP0546,Palpa,24,2024-12-16,2024-12-31,0.81,81,39.66,3966,0.7272193392813571,2.3899511314037634,4972
NPL,Nepal,admin2,NP04,Gandaki,NP0447,Nawalparasi East,24,2024-12-16,2024-12-31,1.56,156,36.300000000000004,3630,0.6651504313445368,2.245354833498322,3384
NPL,Nepal,admin2,NP04,Gandaki,NP0445,Mustang,24,2024-12-16,2024-12-31,0,0,290.09,29009,0,7.09808740512803,419
NPL,Nepal,admin2,NP04,Gandaki,NP0444,Myagdi,24,2024-12-16,2024-12-31,0.03,3,23,2300,0.2638131168571409,0.8815766709410237,1019
NPL,Nepal,admin2,NP04,Gandaki,NP0443,Baglung,24,2024-12-16,2024-12-31,0.23,23,34.4,3440,0.454173400539123,1.6528889180072694,3598
NPL,Nepal,admin2,NP04,Gandaki,NP0442,Parbat,24,2024-12-16,2024-12-31,0.15,15,3.8799999999999994,388,0.3026660726762565,0.6289169451417758,270
NPL,Nepal,admin2,NP04,Gandaki,NP0441,Syangja,24,2024-12-16,2024-12-31,0.66,66,23.540000000000003,2354,0.7426276664326559,1.9951129089924147,4019
NPL,Nepal,admin2,NP04,Gandaki,NP0440,Tanahu,24,2024-12-16,2024-12-31,0.74,74,49.7,4970,0.5471193888731515,2.781951320604264,5621
NPL,Nepal,admin2,NP04,Gandaki,NP0439,Kaski,24,2024-12-16,2024-12-31,0.74,74,27.610000000000003,2761,0.7627111450812403,1.1611693031204613,4594
NPL,Nepal,admin2,NP04,Gandaki,NP0438,Manang,24,2024-12-16,2024-12-31,0,0,112.01,11201,0,4.219487665792525,116
NPL,Nepal,admin2,NP04,Gandaki,NP0437,Lamjung,24,2024-12-16,2024-12-31,0.06,6,14.760000000000002,1476,0.148256963232273,0.7808304323962099,682
NPL,Nepal,admin2,NP04,Gandaki,NP0436,Gorkha,24,2024-12-16,2024-12-31,0.28,28,109.61,10961,0.2937305799451126,2.63678705169264,1903
NPL,Nepal,admin2,NP03,Bagmati,NP0335,Chitawan,24,2024-12-16,2024-12-31,3.17,317,49.410000000000004,4941,0.7079927994675539,1.947564196481746,4778
NPL,Nepal,admin2,NP03,Bagmati,NP0331,Makawanpur,24,2024-12-16,2024-12-31,1.34,134,35.120000000000005,3512,0.425593660809201,1.2703556059483894,3178
NPL,Nepal,admin2,NP03,Bagmati,NP0330,Dhading,24,2024-12-16,2024-12-31,1.52,152,62.470000000000006,6247,0.858059550129738,2.9337317893053925,6344
NPL,Nepal,admin2,NP03,Bagmati,NP0329,Rasuwa,24,2024-12-16,2024-12-31,0.06,6,107.44,10744,2.7090194411983437,6.2866562135353865,1330
NPL,Nepal,admin2,NP03,Bagmati,NP0328,Nuwakot,24,2024-12-16,2024-12-31,0.45,45,29.729999999999997,2973,0.3856813569530539,2.1938588562631,3520
NPL,Nepal,admin2,NP03,Bagmati,NP0327,Kathmandu,24,2024-12-16,2024-12-31,0.06,6,4.819999999999999,482,0.0864347691485497,1.0320748474685562,7760
NPL,Nepal,admin2,NP03,Bagmati,NP0325,Lalitpur,24,2024-12-16,2024-12-31,0.23,23,8.57,857,0.3589417186362053,2.0951893910849533,1730
NPL,Nepal,admin2,NP03,Bagmati,NP0324,Kabhrepalanchok,24,2024-12-16,2024-12-31,1.46,146,22.1,2210,0.7518856212932068,1.4040194094752407,1073
NPL,Nepal,admin2,NP03,Bagmati,NP0323,Sindhupalchok,24,2024-12-16,2024-12-31,0.37,37,56.53999999999999,5654,0.637402666890056,1.9982492156348273,4510
NPL,Nepal,admin2,NP03,Bagmati,NP0322,Dolakha,24,2024-12-16,2024-12-31,0.12,12,112.34,11234,0.5606469792853767,4.6123144627689,3643
NPL,Nepal,admin2,NP03,Bagmati,NP0321,Ramechhap,24,2024-12-16,2024-12-31,0.26,26,38.39999999999999,3840,0.2267756740505007,2.1727474453575764,1115
NPL,Nepal,admin2,NP07,Sudurpaschim,NP0775,Darchula,23,2024-01-12,2024-12-15,0.63,63,171.1,17110,4.6425939572586605,6.319155158769238,4520
NPL,Nepal,admin2,NP07,Sudurpaschim,NP0774,Baitadi,23,2024-01-12,2024-12-15,0.91,91,44.04,4404,1.410057131468003,2.5590881331522484,5020
NPL,Nepal,admin2,NP07,Sudurpaschim,NP0773,Dadeldhura,23,2024-01-12,2024-12-15,0.11,11,19.35,1935,0.1288710710403501,1.120973670107895,951
NPL,Nepal,admin2,NP07,Sudurpaschim,NP0772,Kanchanpur,23,2024-01-12,2024-12-15,0.77,77,4.61,461,0.1270169315154591,0.2502232916409453,3886
NPL,Nepal,admin2,NP07,Sudurpaschim,NP0771,Kailali,23,2024-01-12,2024-12-15,1.07,107,20.42,2042,0.1154159500316826,0.5429856099897588,5666
NPL,Nepal,admin2,NP07,Sudurpaschim,NP0770,Doti,23,2024-01-12,2024-12-15,1.69,169,63.2,6320,1.434989912282309,2.6820547421751737,5177
NPL,Nepal,admin2,NP07,Sudurpaschim,NP0769,Achham,23,2024-01-12,2024-12-15,0.95,95,54.300000000000004,5430,0.6909985635216653,2.7823250652675386,3809
NPL,Nepal,admin2,NP07,Sudurpaschim,NP0768,Bajura,23,2024-01-12,2024-12-15,0.1,10,89.96000000000001,8996,0.3592864992814268,3.3939421126316893,1854
NPL,Nepal,admin2,NP07,Sudurpaschim,NP0767,Bajhang,23,2024-01-12,2024-12-15,1.38,138,188.10999999999999,18811,2.8501635260062232,4.709289679771484,8423
NPL,Nepal,admin2,NP06,Karnali,NP0666,Humla,23,2024-01-12,2024-12-15,0,0,547.05,54705,0,7.858481838502042,1337
NPL,Nepal,admin2,NP06,Karnali,NP0665,Mugu,23,2024-01-12,2024-12-15,0.02,2,305.22999999999996,30523,0.6055784461569517,8.179990403281307,2307
NPL,Nepal,admin2,NP06,Karnali,NP0664,Kalikot,23,2024-01-12,2024-12-15,1.23,123,53.9,5390,5.155147504770545,2.8620390957726416,1237
NPL,Nepal,admin2,NP06,Karnali,NP0663,Jumla,23,2024-01-12,2024-12-15,0.35,35,82.11000000000001,8211,1.084452415321581,2.795632265615675,2235
NPL,Nepal,admin2,NP06,Karnali,NP0662,Dolpa,23,2024-01-12,2024-12-15,0.02,2,1007.3699999999999,100737,1.0869565217391304,11.033168994907587,2273
NPL,Nepal,admin2,NP06,Karnali,NP0661,Dailekh,23,2024-01-12,2024-12-15,0.65,65,30.069999999999997,3007,0.5957999607472967,1.7679398449697612,4429
NPL,Nepal,admin2,NP06,Karnali,NP0660,Jajarkot,23,2024-01-12,2024-12-15,0.75,75,40.50000000000001,4050,1.4742770453715022,1.5909215477187273,3791
NPL,Nepal,admin2,NP06,Karnali,NP0659,Surkhet,23,2024-01-12,2024-12-15,1.16,116,100.95,10095,0.5681084868263363,3.5515152759339927,3158
NPL,Nepal,admin2,NP06,Karnali,NP0653,Salyan,23,2024-01-12,2024-12-15,1.65,165,63.18000000000001,6318,1.4156075824753334,2.859855117289042,5979
NPL,Nepal,admin2,NP06,Karnali,NP0652,Rukum West,23,2024-01-12,2024-12-15,1.21,121,74.96000000000001,7496,3.687313871613837,5.398831975971142,4909
NPL,Nepal,admin2,NP05,Lumbini,NP0558,Bardiya,23,2024-01-12,2024-12-15,0.76,76,5.0200000000000005,502,0.1153749641685724,0.22207705069185826,444
NPL,Nepal,admin2,NP05,Lumbini,NP0557,Banke,23,2024-01-12,2024-12-15,0.03,3,2.76,276,0.005277247255383,0.13087553857152953,497
NPL,Nepal,admin2,NP05,Lumbini,NP0556,Dang,23,2024-01-12,2024-12-15,0.09,9,16.35,1635,0.014612074259389,0.48381421125814605,1251
NPL,Nepal,admin2,NP05,Lumbini,NP0555,Pyuthan,23,2024-01-12,2024-12-15,1.21,121,55.160000000000004,5516,1.3883464391197384,3.677698314844529,6339
NPL,Nepal,admin2,NP05,Lumbini,NP0554,Rolpa,23,2024-01-12,2024-12-15,0.73,73,40.86999999999999,4087,1.3015016035422655,1.9042925897960767,4391
NPL,Nepal,admin2,NP05,Lumbini,NP0552,Rukum East,23,2024-01-12,2024-12-15,0.33,33,47.01,4701,3.183339953469897,2.4432497362575125,2329
NPL,Nepal,admin2,NP05,Lumbini,NP0551,Gulmi,23,2024-01-12,2024-12-15,0.74,74,43.46000000000001,4346,1.0790706611151994,3.4559075615593002,6844
NPL,Nepal,admin2,NP05,Lumbini,NP0550,Arghakhanchi,23,2024-01-12,2024-12-15,0.6,60,15.339999999999998,1534,0.8739211643143144,1.094031254999311,1437
NPL,Nepal,admin2,NP05,Lumbini,NP0549,Kapilbastu,23,2024-01-12,2024-12-15,2.49,249,5.37,537,0.2676389540183249,0.2904853679888622,2019
NPL,Nepal,admin2,NP05,Lumbini,NP0548,Rupandehi,23,2024-01-12,2024-12-15,0.05,5,0.48,48,0.005575141184438,0.0325330867339531,117
NPL,Nepal,admin2,NP05,Lumbini,NP0547,Nawalparasi West,23,2024-01-12,2024-12-15,2.95,295,11.93,1193,0.6947509522174816,1.4512015327596162,3078
NPL,Nepal,admin2,NP05,Lumbini,NP0546,Palpa,23,2024-01-12,2024-12-15,1.18,118,44.43999999999999,4444,1.0594059510518534,2.6779986959047717,6052
NPL,Nepal,admin2,NP04,Gandaki,NP0447,Nawalparasi East,23,2024-01-12,2024-12-15,2.31,231,36.28,3628,0.9849342925678718,2.244117723397221,4311
NPL,Nepal,admin2,NP04,Gandaki,NP0445,Mustang,23,2024-01-12,2024-12-15,0,0,318.76,31876,0,7.80160568888604,382
NPL,Nepal,admin2,NP04,Gandaki,NP0444,Myagdi,23,2024-01-12,2024-12-15,0.04,4,30.9,3090,0.3517508224761878,1.1834531042345158,2021
NPL,Nepal,admin2,NP04,Gandaki,NP0443,Baglung,23,2024-01-12,2024-12-15,0.66,66,41.5,4150,1.3032801928513966,1.9940375028285373,4496
NPL,Nepal,admin2,NP04,Gandaki,NP0442,Parbat,23,2024-01-12,2024-12-15,0.15,15,6.419999999999999,642,0.3026660726762565,1.0406306154150002,419
NPL,Nepal,admin2,NP04,Gandaki,NP0441,Syangja,23,2024-01-12,2024-12-15,0.71,71,23.710000000000004,2371,0.7988873381320994,2.0107822400374573,3639
NPL,Nepal,admin2,NP04,Gandaki,NP0440,Tanahu,23,2024-01-12,2024-12-15,1.04,104,52.059999999999995,5206,0.7689245465244291,2.9140520271762154,5588
NPL,Nepal,admin2,NP04,Gandaki,NP0439,Kaski,23,2024-01-12,2024-12-15,0.9,90,29.889999999999997,2989,0.9276216629366436,1.2570572426755011,4167
NPL,Nepal,admin2,NP04,Gandaki,NP0438,Manang,23,2024-01-12,2024-12-15,0,0,129.72,12972,0,4.88663458625664,170
NPL,Nepal,admin2,NP04,Gandaki,NP0437,Lamjung,23,2024-01-12,2024-12-15,0.14,14,12.600000000000001,1260,0.3459329142086371,0.666562564240667,568
NPL,Nepal,admin2,NP04,Gandaki,NP0436,Gorkha,23,2024-01-12,2024-12-15,0.32,32,143.85999999999999,14386,0.3356920913658431,3.4663440484637866,2175
NPL,Nepal,admin2,NP03,Bagmati,NP0335,Chitawan,23,2024-01-12,2024-12-15,4.48,448,53.02000000000001,5302,1.0005702654935775,2.08985739116499,5341
NPL,Nepal,admin2,NP03,Bagmati,NP0331,Makawanpur,23,2024-01-12,2024-12-15,2.21,221,47.29,4729,0.7019119331256225,1.7105671015176345,4289
NPL,Nepal,admin2,NP03,Bagmati,NP0330,Dhading,23,2024-01-12,2024-12-15,2.15,215,74.17000000000002,7417,1.2137026531440374,3.482808799710729,7757
NPL,Nepal,admin2,NP03,Bagmati,NP0329,Rasuwa,23,2024-01-12,2024-12-15,0.03,3,108.88,10888,1.3545097205991716,6.3788133446050725,1538
NPL,Nepal,admin2,NP03,Bagmati,NP0328,Nuwakot,23,2024-01-12,2024-12-15,1.47,147,39.72,3972,1.2598924327133094,2.9310485627571596,5286
NPL,Nepal,admin2,NP03,Bagmati,NP0327,Kathmandu,23,2024-01-12,2024-12-15,0.08,8,4.42,442,0.115246358864733,0.9464254825334065,6695
NPL,Nepal,admin2,NP03,Bagmati,NP0326,Bhaktapur,23,2024-01-12,2024-12-15,0,0,0.15,15,0,0.3212973525098152,18
NPL,Nepal,admin2,NP03,Bagmati,NP0325,Lalitpur,23,2024-01-12,2024-12-15,0.39,39,10.660000000000002,1066,0.6086403055135656,2.5864578952476465,2177
NPL,Nepal,admin2,NP03,Bagmati,NP0324,Kabhrepalanchok,23,2024-01-12,2024-12-15,2.13,213,31.279999999999998,3128,1.0969290228455688,1.9872274718726484,1765
NPL,Nepal,admin2,NP03,Bagmati,NP0323,Sindhupalchok,23,2024-01-12,2024-12-15,0.54,54,71.85,7185,0.930263351677379,2.539338630055931,6752
NPL,Nepal,admin2,NP03,Bagmati,NP0322,Dolakha,23,2024-01-12,2024-12-15,0.17,17,127.6,12760,0.7942498873209503,5.238840354720596,5138
NPL,Nepal,admin2,NP03,Bagmati,NP0321,Ramechhap,23,2024-01-12,2024-12-15,0.44,44,41.029999999999994,4103,0.3837742176239244,2.3215580125786817,1545
NPL,Nepal,admin2,NP03,Bagmati,NP0320,Sindhuli,23,2024-01-12,2024-12-15,2.63,263,29.950000000000003,2995,0.8359611502745652,1.0683896988725325,2911
NPL,Nepal,admin2,NP02,Madhesh,NP0234,Parsa,23,2024-01-12,2024-12-15,0.54,54,0.6000000000000001,60,0.0978685063766271,0.037828997306079554,2240
NPL,Nepal,admin2,NP02,Madhesh,NP0232,Rautahat,23,2024-01-12,2024-12-15,0.27,27,0.45,45,0.0428628045360239,0.03848317597710779,230
NPL,Nepal,admin2,NP02,Madhesh,NP0219,Sarlahi,23,2024-01-12,2024-12-15,0.74,74,1.49,149,0.0956446168401632,0.10473582342259613,411
NPL,Nepal,admin2,NP02,Madhesh,NP0216,Siraha,23,2024-01-12,2024-12-15,0.06,6,0.16,16,0.0073996552341025,0.013219788740647468,289
NPL,Nepal,admin2,NP02,Madhesh,NP0215,Saptari,23,2024-01-12,2024-12-15,9.6,960,32.89,3289,1.1429675977090228,2.2860272422914134,2690
NPL,Nepal,admin2,NP01,Koshi,NP0114,Udayapur,23,2024-01-12,2024-12-15,1.91,191,53.53999999999999,5354,0.568672270218398,2.0705967526360105,6043
NPL,Nepal,admin2,NP01,Koshi,NP0113,Okhaldhunga,23,2024-01-12,2024-12-15,0.34,34,15.7,1570,0.5092158076562093,1.2928360317713121,1659
NPL,Nepal,admin2,NP01,Koshi,NP0112,Khotang,23,2024-01-12,2024-12-15,0.97,97,17.61,1761,0.599485220695873,0.9826545943771516,1496
NPL,Nepal,admin2,NP01,Koshi,NP0111,Solukhumbu,23,2024-01-12,2024-12-15,0,0,207.02,20702,0,5.449002700724588,324
NPL,Nepal,admin2,NP01,Koshi,NP0110,Bhojpur,23,2024-01-12,2024-12-15,0.37,37,16.2,1620,0.3301427119290517,0.94270404122686,994
NPL,Nepal,admin2,NP01,Koshi,NP0109,Sankhuwasabha,23,2024-01-12,2024-12-15,0,0,81.95,8195,0,2.1067648299594377,427
NPL,Nepal,admin2,NP01,Koshi,NP0108,Terhathum,23,2024-01-12,2024-12-15,0.3,30,7.4799999999999995,748,0.6572323045571543,0.9887857779075381,611
NPL,Nepal,admin2,NP01,Koshi,NP0107,Dhankuta,23,2024-01-12,2024-12-15,0.29,29,15.44,1544,0.3619122474138811,1.5249795579069823,1375
NPL,Nepal,admin2,NP01,Koshi,NP0106,Sunsari,23,2024-01-12,2024-12-15,6.27,627,41.17,4117,0.916263903488817,3.0748647791429997,13308
NPL,Nepal,admin2,NP01,Koshi,NP0104,Jhapa,23,2024-01-12,2024-12-15,0.35,35,1.5600000000000003,156,0.0301038933424287,0.08856941952208049,378
NPL,Nepal,admin2,NP01,Koshi,NP0103,Ilam,23,2024-01-12,2024-12-15,0,0,2.09,209,0,0.123478591761588,102
NPL,Nepal,admin2,NP01,Koshi,NP0102,Panchthar,23,2024-01-12,2024-12-15,0.61,61,50.61,5061,0.914705679995907,3.6006736557957963,5312
NPL,Nepal,admin2,NP01,Koshi,NP0101,Taplejung,23,2024-01-12,2024-12-15,0.01,1,192.29,19229,0.4119947006171842,4.675421138030169,397
NPL,Nepal,admin2,NP07,Sudurpaschim,NP0770,Doti,22,2024-11-16,2024-11-30,0.28,28,21.53,2153,0.2377498079520985,0.9136809904910042,1687
NPL,Nepal,admin2,NP07,Sudurpaschim,NP0769,Achham,22,2024-11-16,2024-11-30,0.16,16,13.55,1355,0.1163787054352278,0.6970880230966978,872
NPL,Nepal,admin2,NP07,Sudurpaschim,NP0768,Bajura,22,2024-11-16,2024-11-30,0.02,2,74.58000000000001,7458,0.0718572998562853,2.8148653974257707,1049
NPL,Nepal,admin2,NP07,Sudurpaschim,NP0767,Bajhang,22,2024-11-16,2024-11-30,0.38,38,169.59,16959,0.7848276375959166,4.245645828464441,4821
NPL,Nepal,admin2,NP06,Karnali,NP0666,Humla,22,2024-11-16,2024-11-30,0,0,660.09,66009,0,9.482323876751328,1486
NPL,Nepal,admin2,NP06,Karnali,NP0665,Mugu,22,2024-11-16,2024-11-30,0,0,286.96,28696,0,7.697177453354607,1484
NPL,Nepal,admin2,NP06,Karnali,NP0664,Kalikot,22,2024-11-16,2024-11-30,0.3,30,24.490000000000002,2449,1.2573530499440355,1.3008102206633387,543
NPL,Nepal,admin2,NP06,Karnali,NP0663,Jumla,22,2024-11-16,2024-11-30,0.18,18,66.83999999999999,6684,0.5577183850225275,2.275728420822697,1648
NPL,Nepal,admin2,NP06,Karnali,NP0662,Dolpa,22,2024-11-16,2024-11-30,0.01,1,810.3099999999998,81031,0.5434782608695652,8.874879307765337,1400
NPL,Nepal,admin2,NP06,Karnali,NP0661,Dailekh,22,2024-11-16,2024-11-30,0.04,4,5.950000000000001,595,0.0366646129690644,0.35106466940930153,858
NPL,Nepal,admin2,NP06,Karnali,NP0660,Jajarkot,22,2024-11-16,2024-11-30,0.05,5,7.299999999999999,730,0.0982851363581001,0.28675869872461,577
NPL,Nepal,admin2,NP06,Karnali,NP0659,Surkhet,22,2024-11-16,2024-11-30,0.13,13,41.79000000000001,4179,0.0636673304201928,1.475793991348549,1162
NPL,Nepal,admin2,NP06,Karnali,NP0653,Salyan,22,2024-11-16,2024-11-30,0.45,45,21.86,2186,0.3860747952205455,0.9947127989181719,2092
NPL,Nepal,admin2,NP06,Karnali,NP0652,Rukum West,22,2024-11-16,2024-11-30,0.16,16,39.31999999999999,3932,0.487578693767119,2.834221129796079,1327
NPL,Nepal,admin2,NP05,Lumbini,NP0558,Bardiya,22,2024-11-16,2024-11-30,0.76,76,2.56,256,0.1153749641685724,0.11547713629650704,557
NPL,Nepal,admin2,NP05,Lumbini,NP0557,Banke,22,2024-11-16,2024-11-30,0.17,17,1.9699999999999998,197,0.0299044011138371,0.09207767598328633,489
NPL,Nepal,admin2,NP05,Lumbini,NP0556,Dang,22,2024-11-16,2024-11-30,0.14,14,7.999999999999999,800,0.022729893292383,0.23447193248559978,537
NPL,Nepal,admin2,NP05,Lumbini,NP0555,Pyuthan,22,2024-11-16,2024-11-30,0.62,62,23.040000000000003,2304,0.7113841258299485,1.5330204895108315,2590
NPL,Nepal,admin2,NP05,Lumbini,NP0554,Rolpa,22,2024-11-16,2024-11-30,0.23,23,8.850000000000001,885,0.4100621490612617,0.41261065411445313,917
NPL,Nepal,admin2,NP05,Lumbini,NP0552,Rukum East,22,2024-11-16,2024-11-30,0.1,10,21.14,2114,0.9646484707484536,1.0987087731223957,946
NPL,Nepal,admin2,NP05,Lumbini,NP0551,Gulmi,22,2024-11-16,2024-11-30,0.42,42,21.560000000000002,2156,0.6124455103626808,1.7109677583191603,3209
NPL,Nepal,admin2,NP05,Lumbini,NP0550,Arghakhanchi,22,2024-11-16,2024-11-30,0.11,11,3.7499999999999996,375,0.1602188801242909,0.26688418181012835,386
NPL,Nepal,admin2,NP05,Lumbini,NP0549,Kapilbastu,22,2024-11-16,2024-11-30,2.32,232,4.08,408,0.2493664149889613,0.22030203994098832,1680
NPL,Nepal,admin2,NP05,Lumbini,NP0548,Rupandehi,22,2024-11-16,2024-11-30,0,0,0.16,16,0,0.03378946068625218,38
NPL,Nepal,admin2,NP05,Lumbini,NP0547,Nawalparasi West,22,2024-11-16,2024-11-30,2.63,263,10.79,1079,0.6193881370616869,1.3125284608949084,2757
NPL,Nepal,admin2,NP05,Lumbini,NP0546,Palpa,22,2024-11-16,2024-11-30,0.73,73,27.850000000000005,2785,0.6553952070066551,1.6782687596972976,3895
NPL,Nepal,admin2,NP04,Gandaki,NP0447,Nawalparasi East,22,2024-11-16,2024-11-30,2.59,259,35.86,3586,1.1043202674245836,2.2181384112741003,5306
NPL,Nepal,admin2,NP04,Gandaki,NP0445,Mustang,22,2024-11-16,2024-11-30,0,0,207.38,20738,0,5.0742919992948785,242
NPL,Nepal,admin2,NP04,Gandaki,NP0444,Myagdi,22,2024-11-16,2024-11-30,0.06,6,14.870000000000001,1487,0.5276262337142817,0.5695128692546036,802
NPL,Nepal,admin2,NP04,Gandaki,NP0443,Baglung,22,2024-11-16,2024-11-30,0.14,14,8.94,894,0.2764533742412053,0.43024033368094283,910
NPL,Nepal,admin2,NP04,Gandaki,NP0442,Parbat,22,2024-11-16,2024-11-30,0.09,9,3.1699999999999995,317,0.1815996436057539,0.5138316278606776,238
NPL,Nepal,admin2,NP04,Gandaki,NP0441,Syangja,22,2024-11-16,2024-11-30,0.56,56,15.420000000000002,1542,0.6301083230337686,1.3077293184891436,2888
NPL,Nepal,admin2,NP04,Gandaki,NP0440,Tanahu,22,2024-11-16,2024-11-30,1.52,152,48.14000000000001,4814,1.1238127987664732,2.694630514565176,5374
NPL,Nepal,admin2,NP04,Gandaki,NP0439,Kaski,22,2024-11-16,2024-11-30,0.65,65,14.979999999999999,1498,0.669948978787576,0.630000585322148,3041
NPL,Nepal,admin2,NP04,Gandaki,NP0438,Manang,22,2024-11-16,2024-11-30,0,0,83.78000000000002,8378,0,3.1560456802079973,157
NPL,Nepal,admin2,NP04,Gandaki,NP0437,Lamjung,22,2024-11-16,2024-11-30,0,0,3.56,356,0,0.19245064742216708,251
NPL,Nepal,admin2,NP04,Gandaki,NP0436,Gorkha,22,2024-11-16,2024-11-30,0.12,12,83.64,8364,0.1258845342621911,2.012050624975572,1523
NPL,Nepal,admin2,NP03,Bagmati,NP0335,Chitawan,22,2024-11-16,2024-11-30,6.94,694,53.01,5301,1.5499905452065692,2.089463227190798,5162
NPL,Nepal,admin2,NP03,Bagmati,NP0331,Makawanpur,22,2024-11-16,2024-11-30,1.12,112,26.33,2633,0.3557200747061978,0.9524049858946778,2780
NPL,Nepal,admin2,NP03,Bagmati,NP0330,Dhading,22,2024-11-16,2024-11-30,1.77,177,35.68,3568,0.9991877656116028,1.646740021624956,5212
NPL,Nepal,admin2,NP03,Bagmati,NP0329,Rasuwa,22,2024-11-16,2024-11-30,0,0,55.339999999999996,5534,0,3.2463461840795635,411
NPL,Nepal,admin2,NP03,Bagmati,NP0328,Nuwakot,22,2024-11-16,2024-11-30,1.07,107,13.34,1334,0.9170645598661504,1.0005062678775025,2329
NPL,Nepal,admin2,NP03,Bagmati,NP0327,Kathmandu,22,2024-11-16,2024-11-30,0.02,2,0.9600000000000001,96,0.0288115897161832,0.20555847584435974,3898
NPL,Nepal,admin2,NP03,Bagmati,NP0325,Lalitpur,22,2024-11-16,2024-11-30,0.15,15,2.4999999999999996,250,0.2340924251975252,0.6065801818122997,419
NPL,Nepal,admin2,NP03,Bagmati,NP0324,Kabhrepalanchok,22,2024-11-16,2024-11-30,0.98,98,14.73,1473,0.5046903485392759,0.9335106733959259,935
NPL,Nepal,admin2,NP03,Bagmati,NP0323,Sindhupalchok,22,2024-11-16,2024-11-30,0.24,24,18.85,1885,0.4134503785232796,0.6662008792839849,1887
NPL,Nepal,admin2,NP03,Bagmati,NP0322,Dolakha,22,2024-11-16,2024-11-30,0.08,8,63.44,6344,0.3737646528569177,2.6046397500272302,2484
NPL,Nepal,admin2,NP03,Bagmati,NP0321,Ramechhap,22,2024-11-16,2024-11-30,0.57,57,18.749999999999996,1875,0.4971620546491747,1.0609118385535041,1030
NPL,Nepal,admin2,NP03,Bagmati,NP0320,Sindhuli,22,2024-11-16,2024-11-30,1.47,147,20.549999999999997,2055,0.4672482474918672,0.733068724935911,1919
NPL,Nepal,admin2,NP02,Madhesh,NP0234,Parsa,22,2024-11-16,2024-11-30,0.09,9,0.32999999999999996,33,0.0163114177294378,0.021377763990552436,648
NPL,Nepal,admin2,NP02,Madhesh,NP0233,Bara,22,2024-11-16,2024-11-30,0.11,11,0.48,48,0.0162870780703232,0.03472978172701042,133
NPL,Nepal,admin2,NP02,Madhesh,NP0232,Rautahat,22,2024-11-16,2024-11-30,0.48,48,0.65,65,0.0762005413973759,0.057299486109169705,482
NPL,Nepal,admin2,NP02,Madhesh,NP0219,Sarlahi,22,2024-11-16,2024-11-30,0.3,30,1.0899999999999999,109,0.038774844664931,0.07939470471168344,237
NPL,Nepal,admin2,NP02,Madhesh,NP0216,Siraha,22,2024-11-16,2024-11-30,0.17,17,0.28,28,0.0209656898299573,0.023134630296133225,567
NPL,Nepal,admin2,NP02,Madhesh,NP0215,Saptari,22,2024-11-16,2024-11-30,9.96,996,33.81999999999999,3382,1.1858288826231114,2.350667112626804,3222
NPL,Nepal,admin2,NP01,Koshi,NP0114,Udayapur,22,2024-11-16,2024-11-30,2.54,254,51.89999999999999,5190,0.7562447991386025,2.007171674669573,5529
NPL,Nepal,admin2,NP01,Koshi,NP0113,Okhaldhunga,22,2024-11-16,2024-11-30,0.64,64,10.07,1007,0.9585238732352176,0.8281358965249542,960
NPL,Nepal,admin2,NP01,Koshi,NP0112,Khotang,22,2024-11-16,2024-11-30,0.48,48,11.47,1147,0.2966524803443495,0.6400653814909818,929
NPL,Nepal,admin2,NP01,Koshi,NP0111,Solukhumbu,22,2024-11-16,2024-11-30,0.01,1,133.51,13351,0.3333333333333333,3.511362901148643,149
NPL,Nepal,admin2,NP01,Koshi,NP0110,Bhojpur,22,2024-11-16,2024-11-30,0.51,51,12.03,1203,0.4550615759022064,0.7000450380221684,957
NPL,Nepal,admin2,NP01,Koshi,NP0109,Sankhuwasabha,22,2024-11-16,2024-11-30,0,0,28.110000000000007,2811,0,0.7226499007951167,116
NPL,Nepal,admin2,NP01,Koshi,NP0108,Terhathum,22,2024-11-16,2024-11-30,0.05,5,3.6799999999999997,368,0.1095387174261923,0.4864614522325855,353
NPL,Nepal,admin2,NP01,Koshi,NP0107,Dhankuta,22,2024-11-16,2024-11-30,0.57,57,13.950000000000001,1395,0.7113447621583182,1.377719827500064,1373
NPL,Nepal,admin2,NP01,Koshi,NP0106,Sunsari,22,2024-11-16,2024-11-30,5.42,542,42.010000000000005,4201,0.7920494987096315,3.137601879324689,13001
NPL,Nepal,admin2,NP01,Koshi,NP0104,Jhapa,22,2024-11-16,2024-11-30,1.02,102,2.59,259,0.0877313463122208,0.14704794651422337,797
NPL,Nepal,admin2,NP01,Koshi,NP0103,Ilam,22,2024-11-16,2024-11-30,0,0,2.05,205,0,0.11984233769014582,136
NPL,Nepal,admin2,NP01,Koshi,NP0102,Panchthar,22,2024-11-16,2024-11-30,0.37,37,18.69,1869,0.5548214780303042,1.3310692072201584,2282
NPL,Nepal,admin2,NP01,Koshi,NP0101,Taplejung,22,2024-11-16,2024-11-30,0.01,1,98.53999999999999,9854,0.4119947006171842,2.395943621308923,201
NPL,Nepal,admin2,NP07,Sudurpaschim,NP0775,Darchula,22,2024-11-16,2024-11-30,0.11,11,157.64000000000001,15764,0.8106116433308772,5.823979969711633,1790
NPL,Nepal,admin2,NP07,Sudurpaschim,NP0774,Baitadi,22,2024-11-16,2024-11-30,0.13,13,13.53,1353,0.2014367330668575,0.7862048692450028,1606
NPL,Nepal,admin2,NP07,Sudurpaschim,NP0773,Dadeldhura,22,2024-11-16,2024-11-30,0.02,2,4.789999999999999,479,0.0234311038255182,0.27924636106407064,280
NPL,Nepal,admin2,NP07,Sudurpaschim,NP0772,Kanchanpur,22,2024-11-16,2024-11-30,0.35,35,4.5,450,0.0577349688706632,0.2442526707991874,2115
NPL,Nepal,admin2,NP07,Sudurpaschim,NP0771,Kailali,22,2024-11-16,2024-11-30,0.75,75,6.72,672,0.0808990303960392,0.17869066107400478,4994
NPL,Nepal,admin2,NP01,Koshi,NP0101,Taplejung,21,2024-01-11,2024-11-15,0,0,48.169999999999995,4817,0,1.1719175641929056,46
NPL,Nepal,admin2,NP01,Koshi,NP0102,Panchthar,21,2024-01-11,2024-11-15,0.1,10,7.109999999999999,711,0.1499517508190011,0.5063726200340233,1055
NPL,Nepal,admin2,NP01,Koshi,NP0103,Ilam,21,2024-01-11,2024-11-15,0,0,0.28,28,0,0.016542586456097897,32
NPL,Nepal,admin2,NP01,Koshi,NP0104,Jhapa,21,2024-01-11,2024-11-15,0.73,73,7.940000000000001,794,0.0627881203999227,0.45079563525981986,1110
NPL,Nepal,admin2,NP01,Koshi,NP0105,Morang,21,2024-01-11,2024-11-15,0.16,16,0.16,16,0.0155852686665393,0.0155852686665393,49
NPL,Nepal,admin2,NP01,Koshi,NP0106,Sunsari,21,2024-01-11,2024-11-15,5.78,578,42.35,4235,0.844657952498463,3.163870611791222,19669
NPL,Nepal,admin2,NP01,Koshi,NP0107,Dhankuta,21,2024-01-11,2024-11-15,0.21,21,9.1,910,0.2620743860583278,0.898789765346732,921
NPL,Nepal,admin2,NP01,Koshi,NP0108,Terhathum,21,2024-01-11,2024-11-15,0.08,8,2.56,256,0.1752619478819078,0.3389502780503423,280
NPL,Nepal,admin2,NP01,Koshi,NP0109,Sankhuwasabha,21,2024-01-11,2024-11-15,0.08,8,12,1200,0.2101838181126935,0.30550580159510776,160
NPL,Nepal,admin2,NP01,Koshi,NP0110,Bhojpur,21,2024-01-11,2024-11-15,0.17,17,7.91,791,0.1516871919674021,0.46029561519163364,587
NPL,Nepal,admin2,NP01,Koshi,NP0111,Solukhumbu,21,2024-01-11,2024-11-15,0,0,74.72,7472,0,1.9667156883303116,79
NPL,Nepal,admin2,NP01,Koshi,NP0112,Khotang,21,2024-01-11,2024-11-15,0.16,16,3.8899999999999997,389,0.0988841601147831,0.21706566565173874,336
NPL,Nepal,admin2,NP01,Koshi,NP0113,Okhaldhunga,21,2024-01-11,2024-11-15,0.11,11,2.5499999999999994,255,0.164746290712303,0.20970670666719285,283
NPL,Nepal,admin2,NP01,Koshi,NP0114,Udayapur,21,2024-01-11,2024-11-15,2.09,209,25.560000000000002,2556,0.6222644213384564,0.9885030444037438,3029
NPL,Nepal,admin2,NP02,Madhesh,NP0215,Saptari,21,2024-01-11,2024-11-15,10.75,1075,33.05,3305,1.279885591184583,2.2971480801985775,3783
NPL,Nepal,admin2,NP02,Madhesh,NP0216,Siraha,21,2024-01-11,2024-11-15,0.29,29,0.5599999999999999,56,0.0357650002981625,0.04626926059226653,957
NPL,Nepal,admin2,NP02,Madhesh,NP0217,Dhanusha,21,2024-01-11,2024-11-15,0.27,27,0.68,68,0.0379932542521818,0.05498610443427733,240
NPL,Nepal,admin2,NP02,Madhesh,NP0218,Mahottari,21,2024-01-11,2024-11-15,0.81,81,0.8400000000000001,84,0.1369489809185746,0.0832753606713406,947
NPL,Nepal,admin2,NP02,Madhesh,NP0219,Sarlahi,21,2024-01-11,2024-11-15,0.14,14,0.6799999999999999,68,0.0180949275103011,0.05079163776317829,185
NPL,Nepal,admin2,NP02,Madhesh,NP0232,Rautahat,21,2024-01-11,2024-11-15,0.4,40,0.55,55,0.0635004511644799,0.048918414722471944,268
NPL,Nepal,admin2,NP02,Madhesh,NP0233,Bara,21,2024-01-11,2024-11-15,0.39,39,0.6400000000000001,64,0.0577450949766007,0.04560385922658709,544
NPL,Nepal,admin2,NP02,Madhesh,NP0234,Parsa,21,2024-01-11,2024-11-15,0,0,0.32,32,0,0.0335217535229267,0
NPL,Nepal,admin2,NP03,Bagmati,NP0320,Sindhuli,21,2024-01-11,2024-11-15,0.87,87,6.029999999999999,603,0.2765346770870234,0.21510483753593876,647
NPL,Nepal,admin2,NP03,Bagmati,NP0321,Ramechhap,21,2024-01-11,2024-11-15,0,0,2.4899999999999998,249,0,0.15066283818462367,53
NPL,Nepal,admin2,NP03,Bagmati,NP0322,Dolakha,21,2024-01-11,2024-11-15,0.04,4,14.690000000000001,1469,0.1868823264284588,0.604084913476179,442
NPL,Nepal,admin2,NP03,Bagmati,NP0323,Sindhupalchok,21,2024-01-11,2024-11-15,0.04,4,4.71,471,0.0689083964205465,0.16646186426671436,539
NPL,Nepal,admin2,NP03,Bagmati,NP0324,Kabhrepalanchok,21,2024-01-11,2024-11-15,0.23,23,2.9799999999999995,298,0.1184477348612586,0.1888568775777229,245
NPL,Nepal,admin2,NP03,Bagmati,NP0325,Lalitpur,21,2024-01-11,2024-11-15,0.01,1,0.12,12,0.015606161679835,0.02933754106536689,14
NPL,Nepal,admin2,NP03,Bagmati,NP0328,Nuwakot,21,2024-01-11,2024-11-15,0.41,41,4.22,422,0.351398569668338,0.3165019827918336,747
NPL,Nepal,admin2,NP03,Bagmati,NP0329,Rasuwa,21,2024-01-11,2024-11-15,0,0,15.889999999999999,1589,0,0.9321366256780675,61
NPL,Nepal,admin2,NP03,Bagmati,NP0330,Dhading,21,2024-01-11,2024-11-15,0.35,35,9.11,911,0.1975795016746107,0.4204993263195506,1512
NPL,Nepal,admin2,NP03,Bagmati,NP0331,Makawanpur,21,2024-01-11,2024-11-15,0.15,15,3.4899999999999998,349,0.0476410814338657,0.1263511117868514,443
NPL,Nepal,admin2,NP03,Bagmati,NP0335,Chitawan,21,2024-01-11,2024-11-15,7.09,709,42.55,4255,1.5834917817744345,1.6771677101861626,3504
NPL,Nepal,admin2,NP04,Gandaki,NP0436,Gorkha,21,2024-01-11,2024-11-15,0.05,5,27.53,2753,0.0524518892759129,0.6622639132661106,396
NPL,Nepal,admin2,NP04,Gandaki,NP0438,Manang,21,2024-01-11,2024-11-15,0,0,58.93,5893,0,2.219930436078506,83
NPL,Nepal,admin2,NP04,Gandaki,NP0439,Kaski,21,2024-01-11,2024-11-15,0.38,38,8.620000000000001,862,0.3916624799065828,0.36252370130019473,1663
NPL,Nepal,admin2,NP04,Gandaki,NP0440,Tanahu,21,2024-01-11,2024-11-15,0.18,18,16.919999999999998,1692,0.1330830945907665,0.9529790977841667,1737
NPL,Nepal,admin2,NP04,Gandaki,NP0441,Syangja,21,2024-01-11,2024-11-15,0.14,14,5.4399999999999995,544,0.1575270807584421,0.461351977469581,1183
NPL,Nepal,admin2,NP04,Gandaki,NP0442,Parbat,21,2024-01-11,2024-11-15,0.01,1,0.5800000000000001,58,0.0201777381784171,0.10656504055668022,30
NPL,Nepal,admin2,NP04,Gandaki,NP0443,Baglung,21,2024-01-11,2024-11-15,0,0,2.05,205,0,0.10118723647523936,280
NPL,Nepal,admin2,NP04,Gandaki,NP0444,Myagdi,21,2024-01-11,2024-11-15,0,0,5.0200000000000005,502,0,0.1932560361524811,124
NPL,Nepal,admin2,NP04,Gandaki,NP0445,Mustang,21,2024-01-11,2024-11-15,0,0,94.68,9468,0,2.3172795414221685,102
NPL,Nepal,admin2,NP04,Gandaki,NP0447,Nawalparasi East,21,2024-01-11,2024-11-15,2.68,268,26.92,2692,1.1426943307713835,1.6651501960819517,4559
NPL,Nepal,admin2,NP05,Lumbini,NP0546,Palpa,21,2024-01-11,2024-11-15,0.08,8,7.72,772,0.0718241322747019,0.4689763541674368,1103
NPL,Nepal,admin2,NP05,Lumbini,NP0547,Nawalparasi West,21,2024-01-11,2024-11-15,2.67,267,11.059999999999999,1106,0.6288084889561613,1.345372083178655,2904
NPL,Nepal,admin2,NP05,Lumbini,NP0548,Rupandehi,21,2024-01-11,2024-11-15,0,0,0.16,16,0,0.0349734330487627,119
NPL,Nepal,admin2,NP05,Lumbini,NP0549,Kapilbastu,21,2024-01-11,2024-11-15,1.8,180,2.95,295,0.1934739426638493,0.15957762301064113,1398
NPL,Nepal,admin2,NP05,Lumbini,NP0550,Arghakhanchi,21,2024-01-11,2024-11-15,0.02,2,0.28,28,0.0291307054771438,0.020930654279940532,12
NPL,Nepal,admin2,NP05,Lumbini,NP0551,Gulmi,21,2024-01-11,2024-11-15,0.06,6,4.27,427,0.0874922157660972,0.33954729148316165,635
NPL,Nepal,admin2,NP05,Lumbini,NP0552,Rukum East,21,2024-01-11,2024-11-15,0,0,3.6,360,0,0.18841965803227756,64
NPL,Nepal,admin2,NP05,Lumbini,NP0554,Rolpa,21,2024-01-11,2024-11-15,0,0,0.4,40,0,0.022430860501027095,21
NPL,Nepal,admin2,NP05,Lumbini,NP0555,Pyuthan,21,2024-01-11,2024-11-15,0.04,4,2.599999999999999,260,0.045895750053545,0.17299710385104858,333
NPL,Nepal,admin2,NP05,Lumbini,NP0556,Dang,21,2024-01-11,2024-11-15,0.38,38,2.06,206,0.0616954246507539,0.06083294933957507,201
NPL,Nepal,admin2,NP05,Lumbini,NP0557,Banke,21,2024-01-11,2024-11-15,0.55,55,1.85,185,0.0967495330153555,0.08804006139121663,487
NPL,Nepal,admin2,NP05,Lumbini,NP0558,Bardiya,21,2024-01-11,2024-11-15,0.6,60,2.39,239,0.0910854980278203,0.10572991058835479,621
NPL,Nepal,admin2,NP06,Karnali,NP0652,Rukum West,21,2024-01-11,2024-11-15,0.06,6,8.269999999999998,827,0.1828420101626696,0.596109072823336,280
NPL,Nepal,admin2,NP06,Karnali,NP0653,Salyan,21,2024-01-11,2024-11-15,0.18,18,5.239999999999999,524,0.1544299180882181,0.23871031686623934,446
NPL,Nepal,admin2,NP06,Karnali,NP0659,Surkhet,21,2024-01-11,2024-11-15,0.06,6,16.41,1641,0.0293849217323967,0.5795113519509376,389
NPL,Nepal,admin2,NP06,Karnali,NP0660,Jajarkot,21,2024-01-11,2024-11-15,0.03,3,1.63,163,0.05897108181486,0.06738872227480582,159
NPL,Nepal,admin2,NP06,Karnali,NP0661,Dailekh,21,2024-01-11,2024-11-15,0.03,3,1.56,156,0.0274984597267983,0.09204384609722856,159
NPL,Nepal,admin2,NP06,Karnali,NP0662,Dolpa,21,2024-01-11,2024-11-15,0,0,475.02,47502,0,5.203681206402103,697
NPL,Nepal,admin2,NP06,Karnali,NP0663,Jumla,21,2024-01-11,2024-11-15,0.07,7,34.38,3438,0.2168904830643162,1.170549717353147,884
NPL,Nepal,admin2,NP06,Karnali,NP0664,Kalikot,21,2024-01-11,2024-11-15,0.14,14,7.709999999999999,771,0.58676475664055,0.41039637415883656,216
NPL,Nepal,admin2,NP06,Karnali,NP0665,Mugu,21,2024-01-11,2024-11-15,0,0,166.55,16655,0,4.467399306022477,735
NPL,Nepal,admin2,NP06,Karnali,NP0666,Humla,21,2024-01-11,2024-11-15,0,0,382.04,38204,0,5.488352483063985,717
NPL,Nepal,admin2,NP07,Sudurpaschim,NP0767,Bajhang,21,2024-01-11,2024-11-15,0.23,23,53.800000000000004,5380,0.4750272543343706,1.3468703671878468,1304
NPL,Nepal,admin2,NP07,Sudurpaschim,NP0768,Bajura,21,2024-01-11,2024-11-15,0,0,20.85,2085,0,0.7952939717951,169
NPL,Nepal,admin2,NP07,Sudurpaschim,NP0769,Achham,21,2024-01-11,2024-11-15,0,0,4.279999999999999,428,0,0.23694606611238092,228
NPL,Nepal,admin2,NP07,Sudurpaschim,NP0770,Doti,21,2024-01-11,2024-11-15,0.05,5,6.87,687,0.042455322848589,0.29154614048644684,563
NPL,Nepal,admin2,NP07,Sudurpaschim,NP0771,Kailali,21,2024-01-11,2024-11-15,0.57,57,7.47,747,0.0614832631009898,0.1986338152117286,4561
NPL,Nepal,admin2,NP07,Sudurpaschim,NP0772,Kanchanpur,21,2024-01-11,2024-11-15,0.25,25,4.540000000000001,454,0.0412392634790451,0.24642380565073574,2127
NPL,Nepal,admin2,NP07,Sudurpaschim,NP0773,Dadeldhura,21,2024-01-11,2024-11-15,0,0,2.5300000000000002,253,0,0.16770956462347483,101
NPL,Nepal,admin2,NP07,Sudurpaschim,NP0774,Baitadi,21,2024-01-11,2024-11-15,0,0,3.38,338,0,0.2040583341197514,473
NPL,Nepal,admin2,NP07,Sudurpaschim,NP0775,Darchula,21,2024-01-11,2024-11-15,0.09,9,50.64,5064,0.6632277081798086,1.8708852173699382,489
NPL,Nepal,admin2,NP01,Koshi,NP0101,Taplejung,20,2024-10-16,2024-10-31,0,0,15.7,1570,0,0.6921875803964589,7
NPL,Nepal,admin2,NP01,Koshi,NP0102,Panchthar,20,2024-10-16,2024-10-31,0.04,4,2.84,284,0.0599807003276004,0.2029187119184175,566
NPL,Nepal,admin2,NP01,Koshi,NP0103,Ilam,20,2024-10-16,2024-10-31,0,0,0.28,28,0,0.016542586456097897,20
NPL,Nepal,admin2,NP01,Koshi,NP0104,Jhapa,20,2024-10-16,2024-10-31,1.63,163,12.969999999999999,1297,0.1401981318518822,0.7363752379496049,2152
NPL,Nepal,admin2,NP01,Koshi,NP0105,Morang,20,2024-10-16,2024-10-31,4.27,427,13.409999999999998,1341,0.4159318575382676,0.6552569628441681,4249
NPL,Nepal,admin2,NP01,Koshi,NP0106,Sunsari,20,2024-10-16,2024-10-31,10.44,1044,67.15,6715,1.5256451598761165,5.015233663333799,43396
NPL,Nepal,admin2,NP01,Koshi,NP0107,Dhankuta,20,2024-10-16,2024-10-31,0.09,9,4.669999999999999,467,0.1123175940249976,0.4626441598774821,330
NPL,Nepal,admin2,NP01,Koshi,NP0108,Terhathum,20,2024-10-16,2024-10-31,0.04,4,1.1,110,0.0876309739409539,0.14564269759975645,130
NPL,Nepal,admin2,NP01,Koshi,NP0109,Sankhuwasabha,20,2024-10-16,2024-10-31,0,0,10.120000000000001,1012,0,0.260164247458078,48
NPL,Nepal,admin2,NP01,Koshi,NP0110,Bhojpur,20,2024-10-16,2024-10-31,0.07,7,2.5399999999999996,254,0.0624594319865773,0.1480917496638955,178
NPL,Nepal,admin2,NP01,Koshi,NP0111,Solukhumbu,20,2024-10-16,2024-10-31,0,0,42.8,4280,0,1.1265448535939149,38
NPL,Nepal,admin2,NP01,Koshi,NP0112,Khotang,20,2024-10-16,2024-10-31,0.23,23,3.75,375,0.1421459801650008,0.20912400431277664,285
NPL,Nepal,admin2,NP01,Koshi,NP0113,Okhaldhunga,20,2024-10-16,2024-10-31,0,0,0.85,85,0,0.07406664241404144,81
NPL,Nepal,admin2,NP01,Koshi,NP0114,Udayapur,20,2024-10-16,2024-10-31,1.91,191,21.299999999999997,2130,0.568672270218398,0.8237525370031198,2700
NPL,Nepal,admin2,NP02,Madhesh,NP0215,Saptari,20,2024-10-16,2024-10-31,16.97,1697,47.71,4771,2.0204333472002207,3.316094853442486,7458
NPL,Nepal,admin2,NP02,Madhesh,NP0216,Siraha,20,2024-10-16,2024-10-31,3.22,322,3.9400000000000004,394,0.3971148308968394,0.32553729773844725,4586
NPL,Nepal,admin2,NP02,Madhesh,NP0217,Dhanusha,20,2024-10-16,2024-10-31,0.59,59,1.57,157,0.0830222963288417,0.1208438550394121,408
NPL,Nepal,admin2,NP02,Madhesh,NP0218,Mahottari,20,2024-10-16,2024-10-31,1.04,104,1.21,121,0.1758357285868118,0.11053692968783688,1080
NPL,Nepal,admin2,NP02,Madhesh,NP0219,Sarlahi,20,2024-10-16,2024-10-31,0.76,76,3.0500000000000003,305,0.0982296064844919,0.22215949483544487,1255
NPL,Nepal,admin2,NP02,Madhesh,NP0232,Rautahat,20,2024-10-16,2024-10-31,4.49,449,5.38,538,0.7127925643212876,0.4600877483485349,3995
NPL,Nepal,admin2,NP02,Madhesh,NP0233,Bara,20,2024-10-16,2024-10-31,1.92,192,6.6499999999999995,665,0.2842835445001882,0.46360243161423353,2845
NPL,Nepal,admin2,NP02,Madhesh,NP0234,Parsa,20,2024-10-16,2024-10-31,6.59,659,14.010000000000002,1401,1.1943582537443942,0.8826281786707928,30208
NPL,Nepal,admin2,NP03,Bagmati,NP0320,Sindhuli,20,2024-10-16,2024-10-31,0.44,44,4.49,449,0.1398566182968854,0.1601692737207902,470
NPL,Nepal,admin2,NP03,Bagmati,NP0321,Ramechhap,20,2024-10-16,2024-10-31,0.16,16,2.29,229,0.1395542609541543,0.1295726992153346,124
NPL,Nepal,admin2,NP03,Bagmati,NP0322,Dolakha,20,2024-10-16,2024-10-31,0.04,4,18.5,1850,0.1868823264284588,0.7607604424308584,283
NPL,Nepal,admin2,NP03,Bagmati,NP0323,Sindhupalchok,20,2024-10-16,2024-10-31,0,0,2.0900000000000003,209,0,0.07584358969823314,320
NPL,Nepal,admin2,NP03,Bagmati,NP0324,Kabhrepalanchok,20,2024-10-16,2024-10-31,0.05,5,1,100,0.0257495075785344,0.06415868763228312,78
NPL,Nepal,admin2,NP03,Bagmati,NP0328,Nuwakot,20,2024-10-16,2024-10-31,0.26,26,2.5300000000000002,253,0.2228381173506533,0.1932944343576866,334
NPL,Nepal,admin2,NP03,Bagmati,NP0329,Rasuwa,20,2024-10-16,2024-10-31,0,0,8.44,844,0,0.4951059232676458,133
NPL,Nepal,admin2,NP03,Bagmati,NP0330,Dhading,20,2024-10-16,2024-10-31,0.12,12,6.48,648,0.0677415434312951,0.30029017691841825,712
NPL,Nepal,admin2,NP03,Bagmati,NP0331,Makawanpur,20,2024-10-16,2024-10-31,0.2,20,4.43,443,0.063521441911821,0.16278218641095776,561
NPL,Nepal,admin2,NP03,Bagmati,NP0335,Chitawan,20,2024-10-16,2024-10-31,8.47,847,67.12,6712,1.8917031581987955,2.6456285947754465,6017
NPL,Nepal,admin2,NP04,Gandaki,NP0436,Gorkha,20,2024-10-16,2024-10-31,0.04,4,15.12,1512,0.0419615114207303,0.36432032540506365,290
NPL,Nepal,admin2,NP04,Gandaki,NP0437,Lamjung,20,2024-10-16,2024-10-31,0,0,0.12,12,0,0.0091336789127411,12
NPL,Nepal,admin2,NP04,Gandaki,NP0438,Manang,20,2024-10-16,2024-10-31,0,0,29.01,2901,0,1.0928250797664596,47
NPL,Nepal,admin2,NP04,Gandaki,NP0439,Kaski,20,2024-10-16,2024-10-31,0.53,53,12.280000000000001,1228,0.5462660903960235,0.5164490779543376,2388
NPL,Nepal,admin2,NP04,Gandaki,NP0440,Tanahu,20,2024-10-16,2024-10-31,0.18,18,16.099999999999998,1610,0.1330830945907665,0.9011954982239161,1502
NPL,Nepal,admin2,NP04,Gandaki,NP0441,Syangja,20,2024-10-16,2024-10-31,0.3,30,3.1799999999999997,318,0.3375580301966617,0.2717542475634613,545
NPL,Nepal,admin2,NP04,Gandaki,NP0442,Parbat,20,2024-10-16,2024-10-31,0,0,0.45,45,0,0.0914465991308629,22
NPL,Nepal,admin2,NP04,Gandaki,NP0443,Baglung,20,2024-10-16,2024-10-31,0.08,8,1.2400000000000002,124,0.1579733567092602,0.06003889426660831,119
NPL,Nepal,admin2,NP04,Gandaki,NP0444,Myagdi,20,2024-10-16,2024-10-31,0.01,1,4.35,435,0.0879377056190469,0.16673297906928045,279
NPL,Nepal,admin2,NP04,Gandaki,NP0445,Mustang,20,2024-10-16,2024-10-31,0,0,57.58,5758,0,1.4092623151150026,55
NPL,Nepal,admin2,NP04,Gandaki,NP0447,Nawalparasi East,20,2024-10-16,2024-10-31,2.33,233,28.140000000000004,2814,0.993461862200494,1.7406139122491127,3371
NPL,Nepal,admin2,NP05,Lumbini,NP0546,Palpa,20,2024-10-16,2024-10-31,0.14,14,7.37,737,0.1256922314807283,0.44771447282564886,1198
NPL,Nepal,admin2,NP05,Lumbini,NP0547,Nawalparasi West,20,2024-10-16,2024-10-31,3.28,328,11.75,1175,0.7724688553468948,1.4293057845704518,3322
NPL,Nepal,admin2,NP05,Lumbini,NP0548,Rupandehi,20,2024-10-16,2024-10-31,0.48,48,1.21,121,0.0535213553706056,0.08201048947517424,707
NPL,Nepal,admin2,NP05,Lumbini,NP0549,Kapilbastu,20,2024-10-16,2024-10-31,4.64,464,9.09,909,0.4987328299779227,0.4859075287126076,3341
NPL,Nepal,admin2,NP05,Lumbini,NP0550,Arghakhanchi,20,2024-10-16,2024-10-31,0,0,0.47000000000000003,47,0,0.0369755111667739,50
NPL,Nepal,admin2,NP05,Lumbini,NP0551,Gulmi,20,2024-10-16,2024-10-31,0.11,11,4.94,494,0.1604023955711783,0.3928252037299342,704
NPL,Nepal,admin2,NP05,Lumbini,NP0552,Rukum East,20,2024-10-16,2024-10-31,0,0,1.28,128,0,0.0806521477316063,23
NPL,Nepal,admin2,NP05,Lumbini,NP0554,Rolpa,20,2024-10-16,2024-10-31,0,0,1.23,123,0,0.06897489604065832,171
NPL,Nepal,admin2,NP05,Lumbini,NP0555,Pyuthan,20,2024-10-16,2024-10-31,0.03,3,1.17,117,0.0344218125401588,0.08704831124379707,162
NPL,Nepal,admin2,NP05,Lumbini,NP0556,Dang,20,2024-10-16,2024-10-31,0.97,97,8.459999999999999,846,0.1574856892400824,0.24982852010330342,981
NPL,Nepal,admin2,NP05,Lumbini,NP0557,Banke,20,2024-10-16,2024-10-31,4.21,421,12.399999999999999,1240,0.7405736981720855,0.5795752193871834,3317
NPL,Nepal,admin2,NP05,Lumbini,NP0558,Bardiya,20,2024-10-16,2024-10-31,4.06,406,28.320000000000004,2832,0.6163452033215843,1.2411345780804977,5159
NPL,Nepal,admin2,NP06,Karnali,NP0652,Rukum West,20,2024-10-16,2024-10-31,0.17,17,9.27,927,0.5180523621275639,0.6689457354649222,443
NPL,Nepal,admin2,NP06,Karnali,NP0653,Salyan,20,2024-10-16,2024-10-31,0.09,9,4.9799999999999995,498,0.077214959044109,0.2258691439858249,431
NPL,Nepal,admin2,NP06,Karnali,NP0659,Surkhet,20,2024-10-16,2024-10-31,0.11,11,23.37,2337,0.0538723565093939,0.8253004445517008,578
NPL,Nepal,admin2,NP06,Karnali,NP0660,Jajarkot,20,2024-10-16,2024-10-31,0.08,8,1.69,169,0.1572562181729602,0.06916317897755202,149
NPL,Nepal,admin2,NP06,Karnali,NP0661,Dailekh,20,2024-10-16,2024-10-31,0.08,8,3.2699999999999996,327,0.0733292259381288,0.19240584279677708,482
NPL,Nepal,admin2,NP06,Karnali,NP0662,Dolpa,20,2024-10-16,2024-10-31,0,0,259.85,25985,0,2.846567642380503,451
NPL,Nepal,admin2,NP06,Karnali,NP0663,Jumla,20,2024-10-16,2024-10-31,0,0,11.5,1150,0,0.39589546383315055,308
NPL,Nepal,admin2,NP06,Karnali,NP0664,Kalikot,20,2024-10-16,2024-10-31,0.06,6,7.039999999999999,704,0.251470609988807,0.3741093412489244,190
NPL,Nepal,admin2,NP06,Karnali,NP0665,Mugu,20,2024-10-16,2024-10-31,0.06,6,60.97,6097,1.816735338470855,1.6339613238805533,426
NPL,Nepal,admin2,NP06,Karnali,NP0666,Humla,20,2024-10-16,2024-10-31,0,0,179.49,17949,0,2.5785372923912533,409
NPL,Nepal,admin2,NP07,Sudurpaschim,NP0767,Bajhang,20,2024-10-16,2024-10-31,0.19,19,23.27,2327,0.3924138187979583,0.5825589859565276,1608
NPL,Nepal,admin2,NP07,Sudurpaschim,NP0768,Bajura,20,2024-10-16,2024-10-31,0.01,1,12.01,1201,0.0359286499281426,0.45329221538057773,281
NPL,Nepal,admin2,NP07,Sudurpaschim,NP0769,Achham,20,2024-10-16,2024-10-31,0.04,4,7.14,714,0.0290946763588069,0.36590893552152737,440
NPL,Nepal,admin2,NP07,Sudurpaschim,NP0770,Doti,20,2024-10-16,2024-10-31,0.11,11,11.709999999999999,1171,0.0934017102668958,0.4973051375923348,898
NPL,Nepal,admin2,NP07,Sudurpaschim,NP0771,Kailali,20,2024-10-16,2024-10-31,2.46,246,23.730000000000004,2373,0.2653488196990087,0.6310013969175797,16768
NPL,Nepal,admin2,NP07,Sudurpaschim,NP0772,Kanchanpur,20,2024-10-16,2024-10-31,1.26,126,23.8,2380,0.2078458879343876,1.291825236671258,10350
NPL,Nepal,admin2,NP07,Sudurpaschim,NP0773,Dadeldhura,20,2024-10-16,2024-10-31,0.01,1,4.4399999999999995,444,0.0117155519127591,0.2572156638387107,218
NPL,Nepal,admin2,NP07,Sudurpaschim,NP0774,Baitadi,20,2024-10-16,2024-10-31,0,0,4.309999999999999,431,0,0.2602045621467837,558
NPL,Nepal,admin2,NP07,Sudurpaschim,NP0775,Darchula,20,2024-10-16,2024-10-31,0.04,4,22.810000000000002,2281,0.2947678703021371,0.8427111336534023,675
NPL,Nepal,admin2,NP07,Sudurpaschim,NP0775,Darchula,19,2024-01-10,2024-10-15,0,0,5.3999999999999995,540,0,0.20050720313754597,93
NPL,Nepal,admin2,NP07,Sudurpaschim,NP0774,Baitadi,19,2024-01-10,2024-10-15,0.02,2,3.2800000000000002,328,0.0309902666256703,0.19071351068412934,398
NPL,Nepal,admin2,NP07,Sudurpaschim,NP0773,Dadeldhura,19,2024-01-10,2024-10-15,0.01,1,6.9799999999999995,698,0.0117155519127591,0.4043615616203155,394
NPL,Nepal,admin2,NP07,Sudurpaschim,NP0772,Kanchanpur,19,2024-01-10,2024-10-15,2.75,275,46.88,4688,0.4536318982694969,2.5299095607699944,18282
NPL,Nepal,admin2,NP07,Sudurpaschim,NP0771,Kailali,19,2024-01-10,2024-10-15,5.11,511,47.910000000000004,4791,0.5511920604316809,1.2739686863177941,26487
NPL,Nepal,admin2,NP07,Sudurpaschim,NP0770,Doti,19,2024-01-10,2024-10-15,0.03,3,10.99,1099,0.0254731937091534,0.4667278789188522,948
NPL,Nepal,admin2,NP07,Sudurpaschim,NP0769,Achham,19,2024-01-10,2024-10-15,0.08,8,6.11,611,0.0581893527176139,0.3131237529462931,415
NPL,Nepal,admin2,NP07,Sudurpaschim,NP0768,Bajura,19,2024-01-10,2024-10-15,0,0,5.75,575,0,0.2193256756749076,115
NPL,Nepal,admin2,NP07,Sudurpaschim,NP0767,Bajhang,19,2024-01-10,2024-10-15,0.01,1,9.4,940,0.020653358884103,0.23532679278003255,588
NPL,Nepal,admin2,NP06,Karnali,NP0666,Humla,19,2024-01-10,2024-10-15,0,0,55.730000000000004,5573,0,0.8006121973645584,96
NPL,Nepal,admin2,NP06,Karnali,NP0665,Mugu,19,2024-01-10,2024-10-15,0,0,19.290000000000003,1929,0,0.5174189889713214,219
NPL,Nepal,admin2,NP06,Karnali,NP0664,Kalikot,19,2024-01-10,2024-10-15,0.02,2,2.96,296,0.0838235366629357,0.15755814105190086,108
NPL,Nepal,admin2,NP06,Karnali,NP0663,Jumla,19,2024-01-10,2024-10-15,0,0,1.4800000000000002,148,0,0.052041306456319665,109
NPL,Nepal,admin2,NP06,Karnali,NP0662,Dolpa,19,2024-01-10,2024-10-15,0,0,136.44,13644,0,1.4946534120700243,147
NPL,Nepal,admin2,NP06,Karnali,NP0661,Dailekh,19,2024-01-10,2024-10-15,0.08,8,2.08,208,0.0733292259381288,0.1223865911367878,446
NPL,Nepal,admin2,NP06,Karnali,NP0660,Jajarkot,19,2024-01-10,2024-10-15,0.06,6,2.8800000000000003,288,0.1179421636297201,0.11783362495444061,321
NPL,Nepal,admin2,NP06,Karnali,NP0659,Surkhet,19,2024-01-10,2024-10-15,0.05,5,14.93,1493,0.0244874347769972,0.5272458552484763,477
NPL,Nepal,admin2,NP06,Karnali,NP0653,Salyan,19,2024-01-10,2024-10-15,0.19,19,5.11,511,0.1630093579820081,0.23176532645935052,379
NPL,Nepal,admin2,NP06,Karnali,NP0652,Rukum West,19,2024-01-10,2024-10-15,0.15,15,3.8499999999999996,385,0.4571050254066739,0.2776013030564161,311
NPL,Nepal,admin2,NP05,Lumbini,NP0558,Bardiya,19,2024-01-10,2024-10-15,10.18,1018,52.870000000000005,5287,1.5454172832053514,2.316326749407975,11303
NPL,Nepal,admin2,NP05,Lumbini,NP0557,Banke,19,2024-01-10,2024-10-15,8.3,830,25.31,2531,1.460038407322639,1.1829878066685173,6247
NPL,Nepal,admin2,NP05,Lumbini,NP0556,Dang,19,2024-01-10,2024-10-15,3.11,311,15.36,1536,0.5049283438522232,0.4501861103723517,1780
NPL,Nepal,admin2,NP05,Lumbini,NP0555,Pyuthan,19,2024-01-10,2024-10-15,0,0,1.06,106,0,0.08372606578279242,113
NPL,Nepal,admin2,NP05,Lumbini,NP0554,Rolpa,19,2024-01-10,2024-10-15,0.01,1,0.93,93,0.01782878908962,0.043359085686603335,119
NPL,Nepal,admin2,NP05,Lumbini,NP0551,Gulmi,19,2024-01-10,2024-10-15,0.07,7,3.1499999999999995,315,0.1020742517271134,0.25048570683184057,496
NPL,Nepal,admin2,NP05,Lumbini,NP0550,Arghakhanchi,19,2024-01-10,2024-10-15,0.01,1,0.7900000000000001,79,0.0145653527385719,0.056223600968000345,101
NPL,Nepal,admin2,NP05,Lumbini,NP0549,Kapilbastu,19,2024-01-10,2024-10-15,25.9,2590,42.69,4269,2.783875063885388,2.2820013642179573,21404
NPL,Nepal,admin2,NP05,Lumbini,NP0548,Rupandehi,19,2024-01-10,2024-10-15,14.22,1422,18.53,1853,1.585570152854192,1.255912702458661,9295
NPL,Nepal,admin2,NP05,Lumbini,NP0547,Nawalparasi West,19,2024-01-10,2024-10-15,14.48,1448,28.44,2844,3.4101673857997064,3.4595282138879706,10831
NPL,Nepal,admin2,NP05,Lumbini,NP0546,Palpa,19,2024-01-10,2024-10-15,1.23,123,12.71,1271,1.104296033723542,0.7697061627338929,2764
NPL,Nepal,admin2,NP04,Gandaki,NP0447,Nawalparasi East,19,2024-01-10,2024-10-15,4.9,490,52.91,5291,2.0892545599924555,3.2727747724627054,6840
NPL,Nepal,admin2,NP04,Gandaki,NP0445,Mustang,19,2024-01-10,2024-10-15,0,0,25.19,2519,0,0.6165216692904987,24
NPL,Nepal,admin2,NP04,Gandaki,NP0444,Myagdi,19,2024-01-10,2024-10-15,0,0,1.92,192,0,0.0739146592455704,56
NPL,Nepal,admin2,NP04,Gandaki,NP0443,Baglung,19,2024-01-10,2024-10-15,0,0,0.56,56,0,0.027750487207608324,279
NPL,Nepal,admin2,NP04,Gandaki,NP0442,Parbat,19,2024-01-10,2024-10-15,0,0,0.01,1,0,0.3450188745619612,2
NPL,Nepal,admin2,NP04,Gandaki,NP0441,Syangja,19,2024-01-10,2024-10-15,0.82,82,6.110000000000001,611,0.9226586158708756,0.5181729011652833,1643
NPL,Nepal,admin2,NP04,Gandaki,NP0440,Tanahu,19,2024-01-10,2024-10-15,0.95,95,20.330000000000002,2033,0.7023829992290458,1.1379692222914422,2739
NPL,Nepal,admin2,NP04,Gandaki,NP0439,Kaski,19,2024-01-10,2024-10-15,0.94,94,9.83,983,0.9688492924004946,0.46832249913094987,2160
NPL,Nepal,admin2,NP04,Gandaki,NP0438,Manang,19,2024-01-10,2024-10-15,0,0,20.41,2041,0,0.7688576310938791,19
NPL,Nepal,admin2,NP04,Gandaki,NP0437,Lamjung,19,2024-01-10,2024-10-15,0,0,0.31,31,0,0.2431612625191137,0
NPL,Nepal,admin2,NP04,Gandaki,NP0436,Gorkha,19,2024-01-10,2024-10-15,0.01,1,5.24,524,0.0104903778551825,0.12625916039170182,207
NPL,Nepal,admin2,NP03,Bagmati,NP0335,Chitawan,19,2024-01-10,2024-10-15,17.12,1712,147.26,14726,3.8236078002790297,5.804458683948631,18802
NPL,Nepal,admin2,NP03,Bagmati,NP0331,Makawanpur,19,2024-01-10,2024-10-15,0.62,62,3.85,385,0.1969164699266452,0.1393844642920853,533
NPL,Nepal,admin2,NP03,Bagmati,NP0330,Dhading,19,2024-01-10,2024-10-15,0.26,26,5.139999999999999,514,0.1467733441011393,0.25051335455787505,822
NPL,Nepal,admin2,NP03,Bagmati,NP0329,Rasuwa,19,2024-01-10,2024-10-15,0,0,3.3800000000000003,338,0,0.1982770166640549,1
NPL,Nepal,admin2,NP03,Bagmati,NP0328,Nuwakot,19,2024-01-10,2024-10-15,0,0,1.4000000000000001,140,0,0.1174292313723935,259
NPL,Nepal,admin2,NP03,Bagmati,NP0324,Kabhrepalanchok,19,2024-01-10,2024-10-15,0.19,19,1.12,112,0.097848128798431,0.07151655410405096,102
NPL,Nepal,admin2,NP03,Bagmati,NP0323,Sindhupalchok,19,2024-01-10,2024-10-15,0,0,1.2400000000000002,124,0,0.04499811063435829,154
NPL,Nepal,admin2,NP03,Bagmati,NP0322,Dolakha,19,2024-01-10,2024-10-15,0,0,5.739999999999999,574,0,0.23813736847616337,99
NPL,Nepal,admin2,NP03,Bagmati,NP0321,Ramechhap,19,2024-01-10,2024-10-15,0.14,14,1.1,110,0.122109978334885,0.06388688927607201,112
NPL,Nepal,admin2,NP03,Bagmati,NP0320,Sindhuli,19,2024-01-10,2024-10-15,0.53,53,5.32,532,0.168463653857612,0.19023576179066615,678
NPL,Nepal,admin2,NP02,Madhesh,NP0234,Parsa,19,2024-01-10,2024-10-15,13.86,1386,22.21,2221,2.51195833033343,1.4002945549902683,33733
NPL,Nepal,admin2,NP02,Madhesh,NP0233,Bara,19,2024-01-10,2024-10-15,29.99,2999,53.370000000000005,5337,4.440449739354502,3.7206709436468643,28122
NPL,Nepal,admin2,NP02,Madhesh,NP0232,Rautahat,19,2024-01-10,2024-10-15,84.9,8490,124.4,12440,13.47797075966087,10.638460203449393,125538
NPL,Nepal,admin2,NP02,Madhesh,NP0219,Sarlahi,19,2024-01-10,2024-10-15,34.38,3438,52.080000000000005,5208,4.443597198601097,3.6608333448649755,34402
NPL,Nepal,admin2,NP02,Madhesh,NP0218,Mahottari,19,2024-01-10,2024-10-15,17.13,1713,24.48,2448,2.89621733720393,2.173272755757482,17146
NPL,Nepal,admin2,NP02,Madhesh,NP0217,Dhanusha,19,2024-01-10,2024-10-15,12.88,1288,18.119999999999997,1812,1.8124189435855624,1.3553447945414503,9856
NPL,Nepal,admin2,NP02,Madhesh,NP0216,Siraha,19,2024-01-10,2024-10-15,11.24,1124,14.270000000000001,1427,1.3862020805218866,1.1146537056411796,28351
NPL,Nepal,admin2,NP02,Madhesh,NP0215,Saptari,19,2024-01-10,2024-10-15,69.1,6910,151.85000000000002,15185,8.226985521009738,10.5543702262679,32892
NPL,Nepal,admin2,NP01,Koshi,NP0114,Udayapur,19,2024-01-10,2024-10-15,11.6,1160,29.91,2991,3.4537164055148777,1.156734196326916,3200
NPL,Nepal,admin2,NP01,Koshi,NP0113,Okhaldhunga,19,2024-01-10,2024-10-15,0.08,8,1.1800000000000002,118,0.1198154841544022,0.12889069786109977,94
NPL,Nepal,admin2,NP01,Koshi,NP0112,Khotang,19,2024-01-10,2024-10-15,0.09,9,2.849999999999999,285,0.0556223400645655,0.1589342432777102,175
NPL,Nepal,admin2,NP01,Koshi,NP0111,Solukhumbu,19,2024-01-10,2024-10-15,0,0,20.21,2021,0,0.531950268484416,21
NPL,Nepal,admin2,NP01,Koshi,NP0110,Bhojpur,19,2024-01-10,2024-10-15,0.19,19,4.620000000000001,462,0.1695327439635671,0.2688452265721046,305
NPL,Nepal,admin2,NP01,Koshi,NP0109,Sankhuwasabha,19,2024-01-10,2024-10-15,0.04,4,5.42,542,0.1050919090563467,0.1379867870537899,103
NPL,Nepal,admin2,NP01,Koshi,NP0108,Terhathum,19,2024-01-10,2024-10-15,0,0,1.1700000000000002,117,0,0.16487533634071258,143
NPL,Nepal,admin2,NP01,Koshi,NP0107,Dhankuta,19,2024-01-10,2024-10-15,0.33,33,1.8800000000000001,188,0.4118311780916579,0.18624647121406124,248
NPL,Nepal,admin2,NP01,Koshi,NP0106,Sunsari,19,2024-01-10,2024-10-15,41.01,4101,112.82,11282,5.992979694111067,8.426190050592986,118672
NPL,Nepal,admin2,NP01,Koshi,NP0105,Morang,19,2024-01-10,2024-10-15,4.94,494,10.33,1033,0.481195170079401,0.5047752971441425,6018
NPL,Nepal,admin2,NP01,Koshi,NP0104,Jhapa,19,2024-01-10,2024-10-15,0.37,37,2.22,222,0.0318241158191389,0.12604109701219143,606
NPL,Nepal,admin2,NP01,Koshi,NP0102,Panchthar,19,2024-01-10,2024-10-15,0.04,4,4.06,406,0.0599807003276004,0.2891522977972059,497
NPL,Nepal,admin2,NP01,Koshi,NP0101,Taplejung,19,2024-01-10,2024-10-15,0,0,9.66,966,0,0.2350160612435845,8
NPL,Nepal,admin2,NP01,Koshi,NP0108,Terhathum,18,2024-09-16,2024-09-30,0,0,0.89,89,0,0.12541799089165312,89
NPL,Nepal,admin2,NP01,Koshi,NP0107,Dhankuta,18,2024-09-16,2024-09-30,0.33,33,1.77,177,0.4118311780916579,0.17534907130260027,193
NPL,Nepal,admin2,NP01,Koshi,NP0106,Sunsari,18,2024-09-16,2024-09-30,30.45,3045,114.21,11421,4.449798382972007,8.530005013988879,96291
NPL,Nepal,admin2,NP01,Koshi,NP0105,Morang,18,2024-09-16,2024-09-30,9.91,991,27.5,2750,0.9653125780337782,1.3437409752583613,10345
NPL,Nepal,admin2,NP01,Koshi,NP0104,Jhapa,18,2024-09-16,2024-09-30,5.18,518,36.35000000000001,3635,0.4455376214679449,2.0188688688884917,6100
NPL,Nepal,admin2,NP01,Koshi,NP0103,Ilam,18,2024-09-16,2024-09-30,0.72,72,6.039999999999999,604,0.6418049961512686,0.31840954165192487,643
NPL,Nepal,admin2,NP01,Koshi,NP0102,Panchthar,18,2024-09-16,2024-09-30,0,0,2.03,203,0,0.15197770958361784,142
NPL,Nepal,admin2,NP01,Koshi,NP0101,Taplejung,18,2024-09-16,2024-09-30,0,0,1.4400000000000002,144,0,0.03503345012326707,33
NPL,Nepal,admin2,NP07,Sudurpaschim,NP0775,Darchula,18,2024-09-16,2024-09-30,0,0,0.16,16,0,0.030121718319999543,0
NPL,Nepal,admin2,NP07,Sudurpaschim,NP0774,Baitadi,18,2024-09-16,2024-09-30,0,0,1.39,139,0,0.08397163940500357,150
NPL,Nepal,admin2,NP07,Sudurpaschim,NP0773,Dadeldhura,18,2024-09-16,2024-09-30,0.25,25,4.79,479,0.2928887978189776,0.27749167337554603,340
NPL,Nepal,admin2,NP07,Sudurpaschim,NP0772,Kanchanpur,18,2024-09-16,2024-09-30,20.77,2077,79.91,7991,3.4261580098390727,4.310828208194907,64750
NPL,Nepal,admin2,NP07,Sudurpaschim,NP0771,Kailali,18,2024-09-16,2024-09-30,50.69,5069,136.01,13601,5.467695801033639,3.616624525695745,91888
NPL,Nepal,admin2,NP07,Sudurpaschim,NP0770,Doti,18,2024-09-16,2024-09-30,0,0,2.1999999999999997,220,0,0.09834950422996654,191
NPL,Nepal,admin2,NP07,Sudurpaschim,NP0769,Achham,18,2024-09-16,2024-09-30,0.07,7,1.96,196,0.0509156836279121,0.10044559014316427,248
NPL,Nepal,admin2,NP07,Sudurpaschim,NP0768,Bajura,18,2024-09-16,2024-09-30,0,0,0.24,24,0,0.010679472354492963,1
NPL,Nepal,admin2,NP07,Sudurpaschim,NP0767,Bajhang,18,2024-09-16,2024-09-30,0,0,1.9200000000000002,192,0,0.06924770613083905,25
NPL,Nepal,admin2,NP06,Karnali,NP0666,Humla,18,2024-09-16,2024-09-30,0,0,4.74,474,0,0.07891281681052555,4
NPL,Nepal,admin2,NP06,Karnali,NP0665,Mugu,18,2024-09-16,2024-09-30,0,0,5.75,575,0,0.17277842938993032,161
NPL,Nepal,admin2,NP06,Karnali,NP0662,Dolpa,18,2024-09-16,2024-09-30,0,0,7.7,770,0,0.08435085952022266,15
NPL,Nepal,admin2,NP06,Karnali,NP0661,Dailekh,18,2024-09-16,2024-09-30,0.02,2,0.7100000000000001,71,0.0183323064845322,0.04174384070264476,112
NPL,Nepal,admin2,NP06,Karnali,NP0660,Jajarkot,18,2024-09-16,2024-09-30,0.02,2,0.7899999999999999,79,0.03931405454324,0.03233071680015742,100
NPL,Nepal,admin2,NP06,Karnali,NP0659,Surkhet,18,2024-09-16,2024-09-30,2.15,215,12.260000000000002,1226,1.052959695410882,0.4320276199183425,889
NPL,Nepal,admin2,NP06,Karnali,NP0653,Salyan,18,2024-09-16,2024-09-30,0.17,17,2.769999999999999,277,0.1458504781944283,0.12552607527651288,222
NPL,Nepal,admin2,NP06,Karnali,NP0652,Rukum West,18,2024-09-16,2024-09-30,0.01,1,0.77,77,0.0304736683604449,0.05847722100044316,89
NPL,Nepal,admin2,NP05,Lumbini,NP0558,Bardiya,18,2024-09-16,2024-09-30,26.18,2618,100.45,10045,3.97436389728056,4.400889388651997,23984
NPL,Nepal,admin2,NP05,Lumbini,NP0557,Banke,18,2024-09-16,2024-09-30,9.64,964,38.61,3861,1.6957554513964146,1.804628969398319,7278
NPL,Nepal,admin2,NP05,Lumbini,NP0556,Dang,18,2024-09-16,2024-09-30,20.01,2001,38.19,3819,3.248751177004175,1.1193103877031323,25823
NPL,Nepal,admin2,NP05,Lumbini,NP0555,Pyuthan,18,2024-09-16,2024-09-30,0,0,0.17,17,0,0.013525047686322898,21
NPL,Nepal,admin2,NP05,Lumbini,NP0551,Gulmi,18,2024-09-16,2024-09-30,0.01,1,0.24000000000000002,24,0.0145820359610162,0.019179079610385154,48
NPL,Nepal,admin2,NP05,Lumbini,NP0549,Kapilbastu,18,2024-09-16,2024-09-30,14.54,1454,55.53,5553,1.562839514629094,2.9683657942146433,18759
NPL,Nepal,admin2,NP05,Lumbini,NP0548,Rupandehi,18,2024-09-16,2024-09-30,8.32,832,19.830000000000002,1983,0.9277034930904978,1.3440231456964518,11333
NPL,Nepal,admin2,NP05,Lumbini,NP0547,Nawalparasi West,18,2024-09-16,2024-09-30,6.17,617,15.559999999999999,1556,1.4530892797226649,1.8927657879077642,5423
NPL,Nepal,admin2,NP05,Lumbini,NP0546,Palpa,18,2024-09-16,2024-09-30,0.22,22,2.8100000000000005,281,0.1975163637554303,0.1707025330583546,549
NPL,Nepal,admin2,NP04,Gandaki,NP0447,Nawalparasi East,18,2024-09-16,2024-09-30,5.46,546,51.22,5122,2.3280265097058788,3.1682389689196704,7021
NPL,Nepal,admin2,NP04,Gandaki,NP0445,Mustang,18,2024-09-16,2024-09-30,0,0,2.14,214,0,0.07165700380439984,1
NPL,Nepal,admin2,NP04,Gandaki,NP0444,Myagdi,18,2024-09-16,2024-09-30,0,0,0.6000000000000001,60,0,0.028512221120660722,3
NPL,Nepal,admin2,NP04,Gandaki,NP0443,Baglung,18,2024-09-16,2024-09-30,0.07,7,0.12000000000000001,12,0.1382266871206026,0.007246424002240144,13
NPL,Nepal,admin2,NP04,Gandaki,NP0441,Syangja,18,2024-09-16,2024-09-30,0.07,7,0.64,64,0.078763540379221,0.054446560883982593,124
NPL,Nepal,admin2,NP04,Gandaki,NP0440,Tanahu,18,2024-09-16,2024-09-30,0.2,20,7.37,737,0.1478701051008517,0.41253483365902244,799
NPL,Nepal,admin2,NP04,Gandaki,NP0439,Kaski,18,2024-09-16,2024-09-30,0.71,71,9.309999999999999,931,0.7317904229833522,0.4193725178116944,2559
NPL,Nepal,admin2,NP04,Gandaki,NP0438,Manang,18,2024-09-16,2024-09-30,0,0,3.7600000000000002,376,0,0.1528575538343403,4
NPL,Nepal,admin2,NP04,Gandaki,NP0437,Lamjung,18,2024-09-16,2024-09-30,0,0,0.28,28,0,0.4412468127024698,1
NPL,Nepal,admin2,NP04,Gandaki,NP0436,Gorkha,18,2024-09-16,2024-09-30,0.06,6,1.66,166,0.0629422671310955,0.0493439958795838,82
NPL,Nepal,admin2,NP03,Bagmati,NP0335,Chitawan,18,2024-09-16,2024-09-30,19.44,1944,129.14000000000001,12914,4.341760259195347,5.090233562713068,17174
NPL,Nepal,admin2,NP03,Bagmati,NP0331,Makawanpur,18,2024-09-16,2024-09-30,0.59,59,5.049999999999999,505,0.187388253639872,0.18282897264286518,557
NPL,Nepal,admin2,NP03,Bagmati,NP0330,Dhading,18,2024-09-16,2024-09-30,0,0,1.1600000000000001,116,0,0.06350416633918074,172
NPL,Nepal,admin2,NP03,Bagmati,NP0328,Nuwakot,18,2024-09-16,2024-09-30,0.1,10,0.5,50,0.0857069682117897,0.04406922580635796,163
NPL,Nepal,admin2,NP03,Bagmati,NP0327,Kathmandu,18,2024-09-16,2024-09-30,0.02,2,0.36000000000000004,36,0.0288115897161832,0.12145347260350976,182
NPL,Nepal,admin2,NP03,Bagmati,NP0323,Sindhupalchok,18,2024-09-16,2024-09-30,0,0,0.28,28,0,0.0158928800298127,49
NPL,Nepal,admin2,NP03,Bagmati,NP0322,Dolakha,18,2024-09-16,2024-09-30,0.04,4,0.44,44,0.1868823264284588,0.022972480503949632,37
NPL,Nepal,admin2,NP03,Bagmati,NP0321,Ramechhap,18,2024-09-16,2024-09-30,0.07,7,0.6900000000000002,69,0.0610549891674425,0.04138809483624997,72
NPL,Nepal,admin2,NP03,Bagmati,NP0320,Sindhuli,18,2024-09-16,2024-09-30,0.49,49,3.3000000000000007,330,0.1557494158306224,0.1177190653181755,308
NPL,Nepal,admin2,NP02,Madhesh,NP0234,Parsa,18,2024-09-16,2024-09-30,5.14,514,26.299999999999997,2630,0.9315631903256733,1.6568965809451712,17837
NPL,Nepal,admin2,NP02,Madhesh,NP0233,Bara,18,2024-09-16,2024-09-30,22.66,2266,39.57,3957,3.3551380824865964,2.758454910955165,20703
NPL,Nepal,admin2,NP02,Madhesh,NP0232,Rautahat,18,2024-09-16,2024-09-30,65.79,6579,92.63,9263,10.444236705277842,7.921547979465572,88346
NPL,Nepal,admin2,NP02,Madhesh,NP0219,Sarlahi,18,2024-09-16,2024-09-30,36.52,3652,51.150000000000006,5115,4.720191090544272,3.5934811759525065,36665
NPL,Nepal,admin2,NP02,Madhesh,NP0218,Mahottari,18,2024-09-16,2024-09-30,16.77,1677,25.65,2565,2.8353511234623414,2.2771424095253026,19279
NPL,Nepal,admin2,NP02,Madhesh,NP0217,Dhanusha,18,2024-09-16,2024-09-30,9.77,977,17,1700,1.3747929409030235,1.2715707233556657,8372
NPL,Nepal,admin2,NP02,Madhesh,NP0216,Siraha,18,2024-09-16,2024-09-30,10.61,1061,13.28,1328,1.3085057005638094,1.0373231402182805,22740
NPL,Nepal,admin2,NP02,Madhesh,NP0215,Saptari,18,2024-09-16,2024-09-30,59.64,5964,138.43,13843,7.100686200767305,9.621609946804512,29284
NPL,Nepal,admin2,NP01,Koshi,NP0114,Udayapur,18,2024-09-16,2024-09-30,12.88,1288,44.18000000000001,4418,3.834816146813072,1.7086097222909782,3227
NPL,Nepal,admin2,NP01,Koshi,NP0113,Okhaldhunga,18,2024-09-16,2024-09-30,0.14,14,0.9000000000000001,90,0.2096770972702038,0.07411161965568024,69
NPL,Nepal,admin2,NP01,Koshi,NP0112,Khotang,18,2024-09-16,2024-09-30,0.01,1,1.43,143,0.0061802600071739,0.07979534752750282,105
NPL,Nepal,admin2,NP01,Koshi,NP0111,Solukhumbu,18,2024-09-16,2024-09-30,0,0,2.33,233,0,0.09221791178696681,3
NPL,Nepal,admin2,NP01,Koshi,NP0110,Bhojpur,18,2024-09-16,2024-09-30,0.12,12,3.5700000000000003,357,0.1070733119769897,0.20774403871480804,279
NPL,Nepal,admin2,NP01,Koshi,NP0109,Sankhuwasabha,18,2024-09-16,2024-09-30,0.23,23,2.3,230,0.604278477073994,0.06178588383758701,228
NPL,Nepal,admin2,NP01,Koshi,NP0111,Solukhumbu,17,2024-01-09,2024-09-15,0,0,0.6,60,0,0.04152487257088635,1
NPL,Nepal,admin2,NP01,Koshi,NP0110,Bhojpur,17,2024-01-09,2024-09-15,0.24,24,2.52,252,0.2141466239539795,0.14664285085751153,172
NPL,Nepal,admin2,NP01,Koshi,NP0109,Sankhuwasabha,17,2024-01-09,2024-09-15,0.15,15,5.029999999999999,503,0.3940946589613004,0.1280578485019482,96
NPL,Nepal,admin2,NP01,Koshi,NP0108,Terhathum,17,2024-01-09,2024-09-15,0,0,0.77,77,0,0.10850769998491333,76
NPL,Nepal,admin2,NP01,Koshi,NP0107,Dhankuta,17,2024-01-09,2024-09-15,0.07,7,1.1300000000000001,113,0.0873581286861092,0.11194601727228144,140
NPL,Nepal,admin2,NP01,Koshi,NP0106,Sunsari,17,2024-01-09,2024-09-15,14.97,1497,80.75,8075,2.187634870052248,6.030977190084949,46834
NPL,Nepal,admin2,NP01,Koshi,NP0105,Morang,17,2024-01-09,2024-09-15,0.99,99,8.48,848,0.0964338498742119,0.4143750745191023,2735
NPL,Nepal,admin2,NP01,Koshi,NP0104,Jhapa,17,2024-01-09,2024-09-15,2.27,227,16.66,1666,0.195245251106609,0.9458759802806799,2422
NPL,Nepal,admin2,NP01,Koshi,NP0103,Ilam,17,2024-01-09,2024-09-15,0,0,0.88,88,0,0.05147831426689591,117
NPL,Nepal,admin2,NP01,Koshi,NP0102,Panchthar,17,2024-01-09,2024-09-15,0,0,0.38,38,0,0.02841299439709817,29
NPL,Nepal,admin2,NP01,Koshi,NP0101,Taplejung,17,2024-01-09,2024-09-15,0,0,0.48000000000000004,48,0,0.014159532163504534,21
NPL,Nepal,admin2,NP01,Koshi,NP0112,Khotang,17,2024-01-09,2024-09-15,0.09,9,1.14,114,0.0556223400645655,0.06361591411505828,117
NPL,Nepal,admin2,NP07,Sudurpaschim,NP0775,Darchula,17,2024-01-09,2024-09-15,0,0,0.09999999999999999,10,0,0.008380911714358537,12
NPL,Nepal,admin2,NP07,Sudurpaschim,NP0774,Baitadi,17,2024-01-09,2024-09-15,0,0,0.38,38,0,0.02967315797364609,43
NPL,Nepal,admin2,NP07,Sudurpaschim,NP0773,Dadeldhura,17,2024-01-09,2024-09-15,0.01,1,0.25,25,0.0117155519127591,0.014482863954882281,11
NPL,Nepal,admin2,NP07,Sudurpaschim,NP0772,Kanchanpur,17,2024-01-09,2024-09-15,5.74,574,24.119999999999997,2412,0.9468534894788772,1.3016514207715923,16258
NPL,Nepal,admin2,NP07,Sudurpaschim,NP0771,Kailali,17,2024-01-09,2024-09-15,31.32,3132,88.80999999999999,8881,3.3783435093385994,2.3615290791165395,66968
NPL,Nepal,admin2,NP07,Sudurpaschim,NP0770,Doti,17,2024-01-09,2024-09-15,0.05,5,0.63,63,0.042455322848589,0.026755101339297198,75
NPL,Nepal,admin2,NP07,Sudurpaschim,NP0769,Achham,17,2024-01-09,2024-09-15,0.09,9,1.52,152,0.0654630218073156,0.07789658011102538,239
NPL,Nepal,admin2,NP07,Sudurpaschim,NP0767,Bajhang,17,2024-01-09,2024-09-15,0,0,0.28,28,0,0.01073092008967859,31
NPL,Nepal,admin2,NP06,Karnali,NP0666,Humla,17,2024-01-09,2024-09-15,0,0,6.4399999999999995,644,0,0.15927899514216445,18
NPL,Nepal,admin2,NP06,Karnali,NP0665,Mugu,17,2024-01-09,2024-09-15,0,0,0.89,89,0,0.09470969069805608,27
NPL,Nepal,admin2,NP06,Karnali,NP0662,Dolpa,17,2024-01-09,2024-09-15,0,0,3.41,341,0,0.03735538064466999,7
NPL,Nepal,admin2,NP06,Karnali,NP0661,Dailekh,17,2024-01-09,2024-09-15,0.02,2,0.53,53,0.0183323064845322,0.03118504485696996,108
NPL,Nepal,admin2,NP06,Karnali,NP0660,Jajarkot,17,2024-01-09,2024-09-15,0.07,7,0.6100000000000001,61,0.1375991909013402,0.024964224364678492,125
NPL,Nepal,admin2,NP06,Karnali,NP0659,Surkhet,17,2024-01-09,2024-09-15,0.48,48,7.23,723,0.2350793738591736,0.25435815200597095,351
NPL,Nepal,admin2,NP06,Karnali,NP0653,Salyan,17,2024-01-09,2024-09-15,0.13,13,1.5500000000000003,155,0.1115327186192687,0.07030063718434304,146
NPL,Nepal,admin2,NP06,Karnali,NP0652,Rukum West,17,2024-01-09,2024-09-15,0.01,1,0.25,25,0.0304736683604449,0.018593730631530494,37
NPL,Nepal,admin2,NP05,Lumbini,NP0558,Bardiya,17,2024-01-09,2024-09-15,10.46,1046,48.02,4802,1.5879238489516678,2.1044944364203917,11730
NPL,Nepal,admin2,NP05,Lumbini,NP0557,Banke,17,2024-01-09,2024-09-15,6.21,621,17.6,1760,1.0923901818642878,0.8345686517604801,3593
NPL,Nepal,admin2,NP05,Lumbini,NP0556,Dang,17,2024-01-09,2024-09-15,16.45,1645,34.55,3455,2.6707624618550065,1.0126256584221847,22806
NPL,Nepal,admin2,NP05,Lumbini,NP0555,Pyuthan,17,2024-01-09,2024-09-15,0,0,0.01,1,0,0.32634987265955956,6
NPL,Nepal,admin2,NP05,Lumbini,NP0551,Gulmi,17,2024-01-09,2024-09-15,0,0,0.1,10,0,0.008454615062702354,16
NPL,Nepal,admin2,NP05,Lumbini,NP0550,Arghakhanchi,17,2024-01-09,2024-09-15,0,0,0.13,13,0,0.009727278507887615,33
NPL,Nepal,admin2,NP05,Lumbini,NP0549,Kapilbastu,17,2024-01-09,2024-09-15,12.14,1214,20.61,2061,1.3048742577439616,1.101711129457299,11520
NPL,Nepal,admin2,NP05,Lumbini,NP0548,Rupandehi,17,2024-01-09,2024-09-15,7.48,748,14.500000000000002,1450,0.8340411211919381,0.9827703284215105,7304
NPL,Nepal,admin2,NP05,Lumbini,NP0547,Nawalparasi West,17,2024-01-09,2024-09-15,5.78,578,19.330000000000002,1933,1.3612408487515402,2.3513600694252625,5668
NPL,Nepal,admin2,NP05,Lumbini,NP0546,Palpa,17,2024-01-09,2024-09-15,1.51,151,6.88,688,1.355680496684999,0.4145956576918277,1802
NPL,Nepal,admin2,NP04,Gandaki,NP0447,Nawalparasi East,17,2024-01-09,2024-09-15,8.88,888,51.970000000000006,5197,3.786240916884286,3.2146305977109586,8746
NPL,Nepal,admin2,NP04,Gandaki,NP0441,Syangja,17,2024-01-09,2024-09-15,0.31,31,2.7300000000000004,273,0.3488099645365504,0.23224861127073843,736
NPL,Nepal,admin2,NP04,Gandaki,NP0440,Tanahu,17,2024-01-09,2024-09-15,0.27,27,5.84,584,0.1996246418861498,0.32839691958749756,752
NPL,Nepal,admin2,NP04,Gandaki,NP0439,Kaski,17,2024-01-09,2024-09-15,0.59,59,5.63,563,0.6081075345917998,0.3156822192575446,1325
NPL,Nepal,admin2,NP04,Gandaki,NP0438,Manang,17,2024-01-09,2024-09-15,0,0,1.2000000000000002,120,0,0.0615660210771876,1
NPL,Nepal,admin2,NP04,Gandaki,NP0436,Gorkha,17,2024-01-09,2024-09-15,0,0,0.38,38,0,0.012869586227263577,33
NPL,Nepal,admin2,NP03,Bagmati,NP0335,Chitawan,17,2024-01-09,2024-09-15,23.18,2318,107.32000000000001,10732,5.177057757620789,4.230167771026534,12151
NPL,Nepal,admin2,NP03,Bagmati,NP0331,Makawanpur,17,2024-01-09,2024-09-15,0.54,54,4.01,401,0.1715078931619168,0.14504914521221635,373
NPL,Nepal,admin2,NP03,Bagmati,NP0330,Dhading,17,2024-01-09,2024-09-15,0,0,0.44000000000000006,44,0,0.023975444529208446,53
NPL,Nepal,admin2,NP03,Bagmati,NP0328,Nuwakot,17,2024-01-09,2024-09-15,0.1,10,0.43999999999999995,44,0.0857069682117897,0.038780918709595,138
NPL,Nepal,admin2,NP03,Bagmati,NP0327,Kathmandu,17,2024-01-09,2024-09-15,0,0,0.28,28,0,0.123351661593527,146
NPL,Nepal,admin2,NP03,Bagmati,NP0324,Kabhrepalanchok,17,2024-01-09,2024-09-15,0,0,0.14,14,0,0.0121216594938925,4
NPL,Nepal,admin2,NP03,Bagmati,NP0322,Dolakha,17,2024-01-09,2024-09-15,0,0,0.16,16,0,0.008448035954840847,36
NPL,Nepal,admin2,NP03,Bagmati,NP0321,Ramechhap,17,2024-01-09,2024-09-15,0,0,0.12000000000000001,12,0,0.0077557297925029975,10
NPL,Nepal,admin2,NP03,Bagmati,NP0320,Sindhuli,17,2024-01-09,2024-09-15,0.12,12,5.07,507,0.0381427140809687,0.1812453936879582,380
NPL,Nepal,admin2,NP02,Madhesh,NP0234,Parsa,17,2024-01-09,2024-09-15,2.06,206,4.67,467,0.3733502280293554,0.29420939289026427,5287
NPL,Nepal,admin2,NP02,Madhesh,NP0233,Bara,17,2024-01-09,2024-09-15,4.86,486,7.59,759,0.7195927220161015,0.5396450713838808,4639
NPL,Nepal,admin2,NP02,Madhesh,NP0232,Rautahat,17,2024-01-09,2024-09-15,13.17,1317,25.499999999999996,2550,2.090752354590503,2.1798288211686856,16104
NPL,Nepal,admin2,NP02,Madhesh,NP0219,Sarlahi,17,2024-01-09,2024-09-15,9.95,995,15.349999999999998,1535,1.2860323480535465,1.0783956217179078,9256
NPL,Nepal,admin2,NP02,Madhesh,NP0218,Mahottari,17,2024-01-09,2024-09-15,4.74,474,6.1,610,0.8014051475975849,0.5419907083524131,4868
NPL,Nepal,admin2,NP02,Madhesh,NP0217,Dhanusha,17,2024-01-09,2024-09-15,6.94,694,8.99,899,0.9765673500375625,0.6724365178216137,5333
NPL,Nepal,admin2,NP02,Madhesh,NP0216,Siraha,17,2024-01-09,2024-09-15,2.12,212,3.08,308,0.2614544849382918,0.24058398131568556,3366
NPL,Nepal,admin2,NP02,Madhesh,NP0215,Saptari,17,2024-01-09,2024-09-15,14.35,1435,56.519999999999996,5652,1.7084984403254666,3.928435990705707,5024
NPL,Nepal,admin2,NP01,Koshi,NP0114,Udayapur,17,2024-01-09,2024-09-15,3.75,375,22.47,2247,1.116503148334551,0.8690009157962488,1596
NPL,Nepal,admin2,NP01,Koshi,NP0113,Okhaldhunga,17,2024-01-09,2024-09-15,0.04,4,0.29000000000000004,29,0.0599077420772011,0.023880410777941292,35
NPL,Nepal,admin2,NP07,Sudurpaschim,NP0775,Darchula,16,2024-08-16,2024-08-31,0,0,4.17,417,0,0.5476871824665935,10
NPL,Nepal,admin2,NP07,Sudurpaschim,NP0774,Baitadi,16,2024-08-16,2024-08-31,0.04,4,0.11,11,0.0619805332513407,0.008177495916062203,11
NPL,Nepal,admin2,NP07,Sudurpaschim,NP0773,Dadeldhura,16,2024-08-16,2024-08-31,0,0,0.42,42,0,0.025767272878451177,24
NPL,Nepal,admin2,NP07,Sudurpaschim,NP0772,Kanchanpur,16,2024-08-16,2024-08-31,8.54,854,32.56,3256,1.408733240444183,1.756483124250109,23571
NPL,Nepal,admin2,NP01,Koshi,NP0101,Taplejung,16,2024-08-16,2024-08-31,0,0,2.81,281,0,0.1238883503766908,2
NPL,Nepal,admin2,NP01,Koshi,NP0102,Panchthar,16,2024-08-16,2024-08-31,0,0,0.05,5,0,0.022543018709998204,6
NPL,Nepal,admin2,NP01,Koshi,NP0103,Ilam,16,2024-08-16,2024-08-31,0.02,2,1.56,156,0.0178279165597574,0.08241863599312166,188
NPL,Nepal,admin2,NP01,Koshi,NP0104,Jhapa,16,2024-08-16,2024-08-31,1.94,194,17.669999999999998,1767,0.1668615802408905,0.9813868751928372,6484
NPL,Nepal,admin2,NP01,Koshi,NP0105,Morang,16,2024-08-16,2024-08-31,1.55,155,9.139999999999999,914,0.1509822902070995,0.44662596475290045,2129
NPL,Nepal,admin2,NP01,Koshi,NP0106,Sunsari,16,2024-08-16,2024-08-31,10.72,1072,69.78999999999999,6979,1.5665628461563188,5.212407406761962,31138
NPL,Nepal,admin2,NP01,Koshi,NP0107,Dhankuta,16,2024-08-16,2024-08-31,0.25,25,1.2499999999999998,125,0.3119933167361045,0.1238340899029662,156
NPL,Nepal,admin2,NP01,Koshi,NP0108,Terhathum,16,2024-08-16,2024-08-31,0,0,0.38,38,0,0.053630375137555815,30
NPL,Nepal,admin2,NP01,Koshi,NP0109,Sankhuwasabha,16,2024-08-16,2024-08-31,0.04,4,5.83,583,0.1050919090563467,0.14842490194162186,54
NPL,Nepal,admin2,NP01,Koshi,NP0110,Bhojpur,16,2024-08-16,2024-08-31,0.13,13,2.33,233,0.1159960879750722,0.13558644543571502,160
NPL,Nepal,admin2,NP01,Koshi,NP0111,Solukhumbu,16,2024-08-16,2024-08-31,0,0,3.85,385,0,0.15237723621451538,6
NPL,Nepal,admin2,NP01,Koshi,NP0112,Khotang,16,2024-08-16,2024-08-31,0,0,0.25,25,0,0.0189530394521117,13
NPL,Nepal,admin2,NP01,Koshi,NP0113,Okhaldhunga,16,2024-08-16,2024-08-31,0,0,0.02,2,0,0.4696262327688608,0
NPL,Nepal,admin2,NP01,Koshi,NP0114,Udayapur,16,2024-08-16,2024-08-31,4.41,441,20.2,2020,1.313007702441432,0.7812113261719728,1405
NPL,Nepal,admin2,NP02,Madhesh,NP0215,Saptari,16,2024-08-16,2024-08-31,10.63,1063,43.81,4381,1.2655984962132203,3.0450244294553612,4678
NPL,Nepal,admin2,NP02,Madhesh,NP0216,Siraha,16,2024-08-16,2024-08-31,20.93,2093,23.119999999999997,2312,2.5812464008294564,1.8059420935125488,23832
NPL,Nepal,admin2,NP02,Madhesh,NP0217,Dhanusha,16,2024-08-16,2024-08-31,27.99,2799,33.32,3332,3.938634024142849,2.492278617777105,29345
NPL,Nepal,admin2,NP02,Madhesh,NP0218,Mahottari,16,2024-08-16,2024-08-31,9.33,933,11.469999999999999,1147,1.577449372802841,1.0204893722531077,8417
NPL,Nepal,admin2,NP02,Madhesh,NP0219,Sarlahi,16,2024-08-16,2024-08-31,23.88,2388,29.650000000000002,2965,3.086477635328511,2.0841725936107243,21791
NPL,Nepal,admin2,NP02,Madhesh,NP0232,Rautahat,16,2024-08-16,2024-08-31,19.24,1924,28.74,2874,3.054371701011486,2.4567953066818835,18182
NPL,Nepal,admin2,NP02,Madhesh,NP0233,Bara,16,2024-08-16,2024-08-31,12.03,1203,14.269999999999998,1427,1.7812140835089918,0.9948280750579117,9952
NPL,Nepal,admin2,NP02,Madhesh,NP0234,Parsa,16,2024-08-16,2024-08-31,8.54,854,11.069999999999999,1107,1.5477723045488812,0.6974085608769218,15362
NPL,Nepal,admin2,NP03,Bagmati,NP0320,Sindhuli,16,2024-08-16,2024-08-31,0.54,54,3.0700000000000003,307,0.1716422133643594,0.10951440318993898,478
NPL,Nepal,admin2,NP03,Bagmati,NP0321,Ramechhap,16,2024-08-16,2024-08-31,0.09,9,0.28,28,0.0784992717867118,0.017563903334966994,85
NPL,Nepal,admin2,NP03,Bagmati,NP0322,Dolakha,16,2024-08-16,2024-08-31,0,0,0.56,56,0,0.06058593215020483,1
NPL,Nepal,admin2,NP03,Bagmati,NP0323,Sindhupalchok,16,2024-08-16,2024-08-31,0,0,0.49,49,0,0.1604919544015312,0
NPL,Nepal,admin2,NP03,Bagmati,NP0324,Kabhrepalanchok,16,2024-08-16,2024-08-31,0.01,1,0.16,16,0.0051499015157068,0.010241908609792608,8
NPL,Nepal,admin2,NP03,Bagmati,NP0329,Rasuwa,16,2024-08-16,2024-08-31,0,0,2.91,291,0,0.5484945541191267,3
NPL,Nepal,admin2,NP03,Bagmati,NP0330,Dhading,16,2024-08-16,2024-08-31,0.01,1,2.08,208,0.0056451286192745,0.09600862774365129,174
NPL,Nepal,admin2,NP03,Bagmati,NP0331,Makawanpur,16,2024-08-16,2024-08-31,0.34,34,1.03,103,0.1079864512500957,0.03728986966775255,210
NPL,Nepal,admin2,NP03,Bagmati,NP0335,Chitawan,16,2024-08-16,2024-08-31,23.2,2320,103.82,10382,5.18152458916317,4.092210380059398,11014
NPL,Nepal,admin2,NP04,Gandaki,NP0436,Gorkha,16,2024-08-16,2024-08-31,0.01,1,34.52,3452,0.0104903778551825,0.8317683619697542,223
NPL,Nepal,admin2,NP04,Gandaki,NP0437,Lamjung,16,2024-08-16,2024-08-31,0,0,0.99,99,0,0.7765472577223312,1
NPL,Nepal,admin2,NP04,Gandaki,NP0438,Manang,16,2024-08-16,2024-08-31,0,0,21.51,2151,0,0.8744590380257081,11
NPL,Nepal,admin2,NP04,Gandaki,NP0439,Kaski,16,2024-08-16,2024-08-31,0.61,61,7.55,755,0.6287213493237251,0.3596983589459483,1636
NPL,Nepal,admin2,NP04,Gandaki,NP0440,Tanahu,16,2024-08-16,2024-08-31,0.8,80,5.109999999999999,511,0.591480420403407,0.28603161465367766,1160
NPL,Nepal,admin2,NP04,Gandaki,NP0441,Syangja,16,2024-08-16,2024-08-31,0.35,35,1.89,189,0.3938177018961054,0.16068634189432515,569
NPL,Nepal,admin2,NP04,Gandaki,NP0444,Myagdi,16,2024-08-16,2024-08-31,0,0,3.2600000000000002,326,0,0.4861713407462814,1
NPL,Nepal,admin2,NP04,Gandaki,NP0445,Mustang,16,2024-08-16,2024-08-31,0.01,1,31.960000000000004,3196,0.4981344376941259,0.7818323189841316,71
NPL,Nepal,admin2,NP04,Gandaki,NP0447,Nawalparasi East,16,2024-08-16,2024-08-31,10.72,1072,57.78,5778,4.570777323085535,3.5740110820808004,10353
NPL,Nepal,admin2,NP05,Lumbini,NP0546,Palpa,16,2024-08-16,2024-08-31,0.44,44,3.53,353,0.3950327275108606,0.213773623481561,872
NPL,Nepal,admin2,NP05,Lumbini,NP0547,Nawalparasi West,16,2024-08-16,2024-08-31,6.61,661,19.759999999999998,1976,1.5567131505618823,2.4036665789882656,5734
NPL,Nepal,admin2,NP05,Lumbini,NP0548,Rupandehi,16,2024-08-16,2024-08-31,24.14,2414,31.23,3123,2.691678163846709,2.1334725777384747,15264
NPL,Nepal,admin2,NP05,Lumbini,NP0549,Kapilbastu,16,2024-08-16,2024-08-31,83.51,8351,97.54000000000002,9754,8.976116084365588,5.214017640333089,65747
NPL,Nepal,admin2,NP05,Lumbini,NP0550,Arghakhanchi,16,2024-08-16,2024-08-31,0.07,7,0.26,26,0.1019574691700033,0.018503969938835373,53
NPL,Nepal,admin2,NP05,Lumbini,NP0551,Gulmi,16,2024-08-16,2024-08-31,0,0,0.09,9,0,0.007609153556432119,14
NPL,Nepal,admin2,NP05,Lumbini,NP0556,Dang,16,2024-08-16,2024-08-31,3.02,302,12.839999999999998,1284,0.490316269592834,0.37632745163938763,1717
NPL,Nepal,admin2,NP05,Lumbini,NP0557,Banke,16,2024-08-16,2024-08-31,9.05,905,18.060000000000002,1806,1.591969588707215,0.844123263075204,4886
NPL,Nepal,admin2,NP05,Lumbini,NP0558,Bardiya,16,2024-08-16,2024-08-31,9.42,942,33.17,3317,1.430042319036779,1.4532354506877727,9614
NPL,Nepal,admin2,NP06,Karnali,NP0652,Rukum West,16,2024-08-16,2024-08-31,0.02,2,0.39,39,0.0609473367208898,0.03759120260777481,27
NPL,Nepal,admin2,NP06,Karnali,NP0653,Salyan,16,2024-08-16,2024-08-31,0.11,11,1.13,113,0.0943738388316889,0.05125143226987586,149
NPL,Nepal,admin2,NP06,Karnali,NP0659,Surkhet,16,2024-08-16,2024-08-31,0.55,55,6.09,609,0.2693617825469698,0.2154205102132027,369
NPL,Nepal,admin2,NP06,Karnali,NP0660,Jajarkot,16,2024-08-16,2024-08-31,0.07,7,0.43,43,0.1375991909013402,0.01759773192919959,100
NPL,Nepal,admin2,NP06,Karnali,NP0661,Dailekh,16,2024-08-16,2024-08-31,0.02,2,0.42000000000000004,42,0.0183323064845322,0.02471267705646676,87
NPL,Nepal,admin2,NP06,Karnali,NP0662,Dolpa,16,2024-08-16,2024-08-31,0,0,100.57000000000001,10057,0,1.1790491946033832,68
NPL,Nepal,admin2,NP06,Karnali,NP0665,Mugu,16,2024-08-16,2024-08-31,0,0,14.55,1455,0,0.3902771534231554,29
NPL,Nepal,admin2,NP06,Karnali,NP0666,Humla,16,2024-08-16,2024-08-31,0,0,54.71,5471,0,0.9108270480387851,71
NPL,Nepal,admin2,NP07,Sudurpaschim,NP0767,Bajhang,16,2024-08-16,2024-08-31,0,0,11.02,1102,0,0.2792682347394349,4
NPL,Nepal,admin2,NP07,Sudurpaschim,NP0768,Bajura,16,2024-08-16,2024-08-31,0,0,5.11,511,0,1.3649596561481159,5
NPL,Nepal,admin2,NP07,Sudurpaschim,NP0769,Achham,16,2024-08-16,2024-08-31,0.15,15,0.79,79,0.1091050363455261,0.04954986731113703,141
NPL,Nepal,admin2,NP07,Sudurpaschim,NP0770,Doti,16,2024-08-16,2024-08-31,0,0,0.89,89,0,0.03978684489303187,67
NPL,Nepal,admin2,NP07,Sudurpaschim,NP0771,Kailali,16,2024-08-16,2024-08-31,34.27,3427,89.05000000000001,8905,3.6965463622296872,2.3679108714708694,63034
NPL,Nepal,admin2,NP03,Bagmati,NP0329,Rasuwa,15,2024-01-08,2024-08-15,0,0,0.37,37,0,0.12287016901127061,0
NPL,Nepal,admin2,NP03,Bagmati,NP0328,Nuwakot,15,2024-01-08,2024-08-15,0.03,3,0.23,23,0.0257120904635369,0.01736078324276181,96
NPL,Nepal,admin2,NP03,Bagmati,NP0324,Kabhrepalanchok,15,2024-01-08,2024-08-15,0,0,0.12,12,0,0.008747040977514213,25
NPL,Nepal,admin2,NP03,Bagmati,NP0323,Sindhupalchok,15,2024-01-08,2024-08-15,0,0,0.12,12,0,0.005261221178952939,24
NPL,Nepal,admin2,NP03,Bagmati,NP0320,Sindhuli,15,2024-01-08,2024-08-15,3.59,359,6.090000000000001,609,1.1411028629223152,0.2172451841780873,1122
NPL,Nepal,admin2,NP02,Madhesh,NP0234,Parsa,15,2024-01-08,2024-08-15,5.5,550,6.180000000000001,618,0.9968088612434246,0.3943052010329744,9340
NPL,Nepal,admin2,NP02,Madhesh,NP0233,Bara,15,2024-01-08,2024-08-15,30.87,3087,34.09000000000001,3409,4.570746363917088,2.3765724652224396,24660
NPL,Nepal,admin2,NP02,Madhesh,NP0232,Rautahat,15,2024-01-08,2024-08-15,134.37,13437,162.72000000000003,16272,21.33138905742793,13.909872383551708,122657
NPL,Nepal,admin2,NP02,Madhesh,NP0219,Sarlahi,15,2024-01-08,2024-08-15,118.36,11836,139.29000000000002,13929,15.29796871513746,9.78613117093115,108998
NPL,Nepal,admin2,NP02,Madhesh,NP0218,Mahottari,15,2024-01-08,2024-08-15,2.18,218,2.44,244,0.3685787387685095,0.22290091606472912,1873
NPL,Nepal,admin2,NP02,Madhesh,NP0217,Dhanusha,15,2024-01-08,2024-08-15,42.62,4262,49.45999999999999,4946,5.9973055415851455,3.6992737928084622,34087
NPL,Nepal,admin2,NP02,Madhesh,NP0216,Siraha,15,2024-01-08,2024-08-15,17.02,1702,18.03,1803,2.099035534740437,1.4083536308837048,20571
NPL,Nepal,admin2,NP02,Madhesh,NP0215,Saptari,15,2024-01-08,2024-08-15,8.09,809,32.730000000000004,3273,0.9631883193193744,2.2749064043842497,3497
NPL,Nepal,admin2,NP01,Koshi,NP0114,Udayapur,15,2024-01-08,2024-08-15,11.03,1103,21.66,2166,3.284007926968026,0.8376751150933133,2744
NPL,Nepal,admin2,NP01,Koshi,NP0112,Khotang,15,2024-01-08,2024-08-15,0,0,0.13,13,0,0.039931421547765564,10
NPL,Nepal,admin2,NP01,Koshi,NP0111,Solukhumbu,15,2024-01-08,2024-08-15,0,0,4.949999999999999,495,0,0.19591358941866335,6
NPL,Nepal,admin2,NP01,Koshi,NP0110,Bhojpur,15,2024-01-08,2024-08-15,0.15,15,1.2,120,0.1338416399712372,0.06982992897976732,92
NPL,Nepal,admin2,NP01,Koshi,NP0109,Sankhuwasabha,15,2024-01-08,2024-08-15,0.03,3,2.55,255,0.07881893179226,0.06491998283895964,53
NPL,Nepal,admin2,NP01,Koshi,NP0108,Terhathum,15,2024-01-08,2024-08-15,0,0,0.01,1,0,0.44570289969062965,0
NPL,Nepal,admin2,NP01,Koshi,NP0107,Dhankuta,15,2024-01-08,2024-08-15,0.01,1,0.22,22,0.0124797326694441,0.021794799822921786,26
NPL,Nepal,admin2,NP01,Koshi,NP0106,Sunsari,15,2024-01-08,2024-08-15,27.97,2797,72.49000000000001,7249,4.0873845902045,5.414062371631676,66007
NPL,Nepal,admin2,NP01,Koshi,NP0105,Morang,15,2024-01-08,2024-08-15,1.85,185,3.7,370,0.1802046689568607,0.18433634578192717,2631
NPL,Nepal,admin2,NP01,Koshi,NP0104,Jhapa,15,2024-01-08,2024-08-15,1.67,167,2.32,232,0.1436385768053027,0.13745730656450653,746
NPL,Nepal,admin2,NP01,Koshi,NP0103,Ilam,15,2024-01-08,2024-08-15,0.02,2,0.64,64,0.0178279165597574,0.03381277374076786,91
NPL,Nepal,admin2,NP01,Koshi,NP0101,Taplejung,15,2024-01-08,2024-08-15,0,0,0.6400000000000001,64,0,0.028216563786861604,0
NPL,Nepal,admin2,NP07,Sudurpaschim,NP0775,Darchula,15,2024-01-08,2024-08-15,0,0,0.52,52,0,0.09789558453999855,0
NPL,Nepal,admin2,NP07,Sudurpaschim,NP0773,Dadeldhura,15,2024-01-08,2024-08-15,0,0,0.12,12,0,0.007954603855658738,11
NPL,Nepal,admin2,NP07,Sudurpaschim,NP0772,Kanchanpur,15,2024-01-08,2024-08-15,3.39,339,20.72,2072,0.5592044127758525,1.1181682188386153,9785
NPL,Nepal,admin2,NP07,Sudurpaschim,NP0771,Kailali,15,2024-01-08,2024-08-15,21.4,2140,54.41,5441,2.3083190006336536,1.4469786517786798,34538
NPL,Nepal,admin2,NP07,Sudurpaschim,NP0770,Doti,15,2024-01-08,2024-08-15,0,0,0.32,32,0,0.015942707535953737,14
NPL,Nepal,admin2,NP07,Sudurpaschim,NP0768,Bajura,15,2024-01-08,2024-08-15,0,0,0.32,32,0,0.1772464631619508,1
NPL,Nepal,admin2,NP07,Sudurpaschim,NP0767,Bajhang,15,2024-01-08,2024-08-15,0,0,4.21,421,0,0.3149442059859202,2
NPL,Nepal,admin2,NP06,Karnali,NP0666,Humla,15,2024-01-08,2024-08-15,0,0,28.12,2812,0,0.6954853017698256,34
NPL,Nepal,admin2,NP06,Karnali,NP0665,Mugu,15,2024-01-08,2024-08-15,0,0,4.9,490,0,0.13143354307721408,34
NPL,Nepal,admin2,NP06,Karnali,NP0662,Dolpa,15,2024-01-08,2024-08-15,0,0,40.10000000000001,4010,0,0.4392817489299907,23
NPL,Nepal,admin2,NP06,Karnali,NP0660,Jajarkot,15,2024-01-08,2024-08-15,0.11,11,1.04,104,0.2162272999878203,0.04256195629387804,205
NPL,Nepal,admin2,NP06,Karnali,NP0659,Surkhet,15,2024-01-08,2024-08-15,0.22,22,2.33,233,0.1077447130187879,0.08241868453148797,145
NPL,Nepal,admin2,NP06,Karnali,NP0653,Salyan,15,2024-01-08,2024-08-15,0.23,23,1.6199999999999999,162,0.1973271175571677,0.07347550467008764,201
NPL,Nepal,admin2,NP06,Karnali,NP0652,Rukum West,15,2024-01-08,2024-08-15,0.01,1,1.51,151,0.0304736683604449,0.11230613301444459,208
NPL,Nepal,admin2,NP05,Lumbini,NP0558,Bardiya,15,2024-01-08,2024-08-15,21.2,2120,34.13,3413,3.218354263649652,1.4952947220974881,10613
NPL,Nepal,admin2,NP05,Lumbini,NP0557,Banke,15,2024-01-08,2024-08-15,50.96,5096,55.45000000000001,5545,8.964284004477312,2.591729509275752,31963
NPL,Nepal,admin2,NP05,Lumbini,NP0556,Dang,15,2024-01-08,2024-08-15,1.83,183,5.27,527,0.2971121766075782,0.15477258070451116,1618
NPL,Nepal,admin2,NP05,Lumbini,NP0555,Pyuthan,15,2024-01-08,2024-08-15,0,0,0.01,1,0,0.1098143921450411,2
NPL,Nepal,admin2,NP05,Lumbini,NP0551,Gulmi,15,2024-01-08,2024-08-15,0,0,0.46,46,0,0.04315236208782819,92
NPL,Nepal,admin2,NP05,Lumbini,NP0550,Arghakhanchi,15,2024-01-08,2024-08-15,0.03,3,0.4,40,0.0436960582157157,0.02985592321759029,28
NPL,Nepal,admin2,NP05,Lumbini,NP0549,Kapilbastu,15,2024-01-08,2024-08-15,13.52,1352,22.389999999999997,2239,1.4532042804529128,1.1990230401975803,9419
NPL,Nepal,admin2,NP05,Lumbini,NP0548,Rupandehi,15,2024-01-08,2024-08-15,1.73,173,2.8299999999999996,283,0.1928998849815578,0.19333100848542686,1418
NPL,Nepal,admin2,NP05,Lumbini,NP0547,Nawalparasi West,15,2024-01-08,2024-08-15,3.74,374,22.699999999999996,2270,0.8808029021333496,2.761297132744617,5807
NPL,Nepal,admin2,NP05,Lumbini,NP0546,Palpa,15,2024-01-08,2024-08-15,0.31,31,1.24,124,0.2783185125644699,0.07532780818233434,378
NPL,Nepal,admin2,NP04,Gandaki,NP0447,Nawalparasi East,15,2024-01-08,2024-08-15,17.76,1776,40.14,4014,7.572481833768572,2.482879972909715,10178
NPL,Nepal,admin2,NP04,Gandaki,NP0445,Mustang,15,2024-01-08,2024-08-15,0,0,19.409999999999997,1941,0,0.507751917268592,81
NPL,Nepal,admin2,NP04,Gandaki,NP0444,Myagdi,15,2024-01-08,2024-08-15,0,0,1.04,104,0,0.15363562900610542,0
NPL,Nepal,admin2,NP04,Gandaki,NP0441,Syangja,15,2024-01-08,2024-08-15,0.41,41,1.25,125,0.4613293079354377,0.10634093922652862,322
NPL,Nepal,admin2,NP04,Gandaki,NP0440,Tanahu,15,2024-01-08,2024-08-15,0.04,4,1.05,105,0.0295740210201703,0.05941249859235083,106
NPL,Nepal,admin2,NP04,Gandaki,NP0439,Kaski,15,2024-01-08,2024-08-15,1.11,111,4.8,480,1.1440667176218606,0.26914292227996695,1247
NPL,Nepal,admin2,NP04,Gandaki,NP0438,Manang,15,2024-01-08,2024-08-15,0,0,3.65,365,0,0.18726331410977914,2
NPL,Nepal,admin2,NP04,Gandaki,NP0436,Gorkha,15,2024-01-08,2024-08-15,0.04,4,1.68,168,0.0419615114207303,0.05542100409224086,36
NPL,Nepal,admin2,NP03,Bagmati,NP0335,Chitawan,15,2024-01-08,2024-08-15,72.9,7290,123.2,12320,16.28160097198255,4.8561001620431306,42614
NPL,Nepal,admin2,NP03,Bagmati,NP0331,Makawanpur,15,2024-01-08,2024-08-15,3.65,365,5.67,567,1.1592663148907338,0.20509442727014135,1045
NPL,Nepal,admin2,NP03,Bagmati,NP0330,Dhading,15,2024-01-08,2024-08-15,0.05,5,0.37000000000000005,37,0.0282256430963729,0.01810860417996097,123
NPL,Nepal,admin2,NP07,Sudurpaschim,NP0775,Darchula,14,2024-07-16,2024-07-31,0,0,0.12000000000000001,12,0,0.0159317288971625,0
NPL,Nepal,admin2,NP07,Sudurpaschim,NP0773,Dadeldhura,14,2024-07-16,2024-07-31,0.03,3,0.30000000000000004,30,0.0351466557382773,0.018821557439346017,28
NPL,Nepal,admin2,NP07,Sudurpaschim,NP0772,Kanchanpur,14,2024-07-16,2024-07-31,5.42,542,23.7,2370,0.8940672322256994,1.278521193019889,12882
NPL,Nepal,admin2,NP07,Sudurpaschim,NP0771,Kailali,14,2024-07-16,2024-07-31,7.68,768,25.599999999999998,2560,0.828406071255442,0.6808077926294505,26002
NPL,Nepal,admin2,NP07,Sudurpaschim,NP0770,Doti,14,2024-07-16,2024-07-31,0,0,0.08,8,0,0.004002673550480299,6
NPL,Nepal,admin2,NP07,Sudurpaschim,NP0769,Achham,14,2024-07-16,2024-07-31,0,0,0.27,27,0,0.014885686360728607,33
NPL,Nepal,admin2,NP07,Sudurpaschim,NP0768,Bajura,14,2024-07-16,2024-07-31,0,0,1.77,177,0,0.06751416451210107,35
NPL,Nepal,admin2,NP07,Sudurpaschim,NP0767,Bajhang,14,2024-07-16,2024-07-31,0.02,2,1.14,114,0.0413067177682061,0.053747802663361294,41
NPL,Nepal,admin2,NP06,Karnali,NP0666,Humla,14,2024-07-16,2024-07-31,0,0,21.25,2125,0,0.35377581376026546,37
NPL,Nepal,admin2,NP06,Karnali,NP0665,Mugu,14,2024-07-16,2024-07-31,0,0,2.19,219,0,0.08414627013012463,46
NPL,Nepal,admin2,NP06,Karnali,NP0662,Dolpa,14,2024-07-16,2024-07-31,0,0,11.33,1133,0,0.12411626472261324,12
NPL,Nepal,admin2,NP06,Karnali,NP0661,Dailekh,14,2024-07-16,2024-07-31,0,0,0.03,3,0,0.5930600347308365,2
NPL,Nepal,admin2,NP06,Karnali,NP0660,Jajarkot,14,2024-07-16,2024-07-31,0.03,3,0.26,26,0.05897108181486,0.010637757808386869,43
NPL,Nepal,admin2,NP06,Karnali,NP0659,Surkhet,14,2024-07-16,2024-07-31,0.13,13,0.64,64,0.0636673304201928,0.02263860862667467,107
NPL,Nepal,admin2,NP06,Karnali,NP0653,Salyan,14,2024-07-16,2024-07-31,0.12,12,0.55,55,0.1029532787254788,0.025026277591470917,93
NPL,Nepal,admin2,NP06,Karnali,NP0652,Rukum West,14,2024-07-16,2024-07-31,0.01,1,0.56,56,0.0304736683604449,0.04164995661462847,55
NPL,Nepal,admin2,NP05,Lumbini,NP0558,Bardiya,14,2024-07-16,2024-07-31,14.51,1451,24.99,2499,2.202750960639455,1.0948554088841556,8631
NPL,Nepal,admin2,NP05,Lumbini,NP0557,Banke,14,2024-07-16,2024-07-31,19.27,1927,22.669999999999998,2267,3.3897518203743675,1.0595943728635038,9986
NPL,Nepal,admin2,NP05,Lumbini,NP0556,Dang,14,2024-07-16,2024-07-31,1.17,117,2.13,213,0.1899569653720582,0.06302900733821701,1108
NPL,Nepal,admin2,NP05,Lumbini,NP0555,Pyuthan,14,2024-07-16,2024-07-31,0,0,0.01,1,0,0.1098143921450411,2
NPL,Nepal,admin2,NP05,Lumbini,NP0550,Arghakhanchi,14,2024-07-16,2024-07-31,0.03,3,0.25,25,0.0436960582157157,0.0186599520109939,17
NPL,Nepal,admin2,NP05,Lumbini,NP0549,Kapilbastu,14,2024-07-16,2024-07-31,49.18,4918,60.290000000000006,6029,5.286138055671173,3.2286332779594513,28729
NPL,Nepal,admin2,NP05,Lumbini,NP0548,Rupandehi,14,2024-07-16,2024-07-31,305.37,30537,338.99,33899,34.04961726983718,22.943877188229507,253544
NPL,Nepal,admin2,NP05,Lumbini,NP0547,Nawalparasi West,14,2024-07-16,2024-07-31,50.48,5048,64.12,6412,11.8884840908266,7.799372581388829,30297
NPL,Nepal,admin2,NP05,Lumbini,NP0546,Palpa,14,2024-07-16,2024-07-31,2.67,267,3.7099999999999995,371,2.397130414668177,0.22537594222295187,1402
NPL,Nepal,admin2,NP04,Gandaki,NP0447,Nawalparasi East,14,2024-07-16,2024-07-31,33.59,3359,60.42,6042,14.322053197989096,3.737309615426133,19958
NPL,Nepal,admin2,NP04,Gandaki,NP0445,Mustang,14,2024-07-16,2024-07-31,0,0,13.879999999999999,1388,0,0.33971102698499855,45
NPL,Nepal,admin2,NP04,Gandaki,NP0444,Myagdi,14,2024-07-16,2024-07-31,0,0,0.16,16,0,0.023636250616323913,0
NPL,Nepal,admin2,NP04,Gandaki,NP0442,Parbat,14,2024-07-16,2024-07-31,0,0,0.09999999999999999,10,0,0.020170500050426175,24
NPL,Nepal,admin2,NP04,Gandaki,NP0441,Syangja,14,2024-07-16,2024-07-31,0.39,39,1.08,108,0.4388254392556603,0.09182076679675708,246
NPL,Nepal,admin2,NP04,Gandaki,NP0440,Tanahu,14,2024-07-16,2024-07-31,0.48,48,2.77,277,0.3548882522420442,0.15601371754504376,452
NPL,Nepal,admin2,NP04,Gandaki,NP0439,Kaski,14,2024-07-16,2024-07-31,1.17,117,4.12,412,1.2059081618176366,0.2310143416236384,2177
NPL,Nepal,admin2,NP04,Gandaki,NP0438,Manang,14,2024-07-16,2024-07-31,0,0,2.4000000000000004,240,0,0.12313204215437536,1
NPL,Nepal,admin2,NP04,Gandaki,NP0436,Gorkha,14,2024-07-16,2024-07-31,0.06,6,2.27,227,0.0629422671310955,0.06734112807423986,62
NPL,Nepal,admin2,NP03,Bagmati,NP0335,Chitawan,14,2024-07-16,2024-07-31,112.24,11224,171.98999999999998,17199,25.067858615848028,6.779226192124982,73475
NPL,Nepal,admin2,NP03,Bagmati,NP0331,Makawanpur,14,2024-07-16,2024-07-31,2.86,286,3.2799999999999994,328,0.9083566193390408,0.11864368984939395,1079
NPL,Nepal,admin2,NP03,Bagmati,NP0330,Dhading,14,2024-07-16,2024-07-31,0.05,5,0.37000000000000005,37,0.0282256430963729,0.01810860417996097,123
NPL,Nepal,admin2,NP03,Bagmati,NP0329,Rasuwa,14,2024-07-16,2024-07-31,0,0,1.01,101,0,0.335402353246982,2
NPL,Nepal,admin2,NP03,Bagmati,NP0328,Nuwakot,14,2024-07-16,2024-07-31,0.79,79,1.6,160,0.677085048873139,0.12000075176941524,947
NPL,Nepal,admin2,NP03,Bagmati,NP0324,Kabhrepalanchok,14,2024-07-16,2024-07-31,0,0,0.12,12,0,0.008747040977514213,25
NPL,Nepal,admin2,NP03,Bagmati,NP0323,Sindhupalchok,14,2024-07-16,2024-07-31,0,0,0.36,36,0,0.013920303291564722,24
NPL,Nepal,admin2,NP03,Bagmati,NP0322,Dolakha,14,2024-07-16,2024-07-31,0,0,3.3200000000000003,332,0,0.288008056877405,7
NPL,Nepal,admin2,NP03,Bagmati,NP0320,Sindhuli,14,2024-07-16,2024-07-31,5.22,522,6.33,633,1.6592080625221408,0.22580657074668165,997
NPL,Nepal,admin2,NP02,Madhesh,NP0234,Parsa,14,2024-07-16,2024-07-31,109.3,10930,122.91,12291,19.809310642528423,7.7432652389734224,499459
NPL,Nepal,admin2,NP02,Madhesh,NP0233,Bara,14,2024-07-16,2024-07-31,59.77,5977,66.32000000000001,6632,8.849805966029297,4.623217834080025,58991
NPL,Nepal,admin2,NP02,Madhesh,NP0232,Rautahat,14,2024-07-16,2024-07-31,72.92,7292,88.38,8838,11.576132247284695,7.55796649321307,64950
NPL,Nepal,admin2,NP02,Madhesh,NP0219,Sarlahi,14,2024-07-16,2024-07-31,64.11,6411,74.46999999999998,7447,8.286184304895764,5.234682396161571,57821
NPL,Nepal,admin2,NP02,Madhesh,NP0218,Mahottari,14,2024-07-16,2024-07-31,97.79,9779,118.49,11849,16.53363067163878,10.519057053663468,87545
NPL,Nepal,admin2,NP02,Madhesh,NP0217,Dhanusha,14,2024-07-16,2024-07-31,247.02,24702,289.58,28958,34.75960616805168,21.65862727297765,233550
NPL,Nepal,admin2,NP02,Madhesh,NP0216,Siraha,14,2024-07-16,2024-07-31,136.41,13641,153.60999999999999,15361,16.823116174732256,11.99873550970859,216497
NPL,Nepal,admin2,NP02,Madhesh,NP0215,Saptari,14,2024-07-16,2024-07-31,59.69,5969,87.99999999999999,8800,7.1066391570053735,6.116460848940237,33380
NPL,Nepal,admin2,NP01,Koshi,NP0114,Udayapur,14,2024-07-16,2024-07-31,12.77,1277,24.459999999999994,2446,3.8020653877952575,0.9459618335725959,2040
NPL,Nepal,admin2,NP01,Koshi,NP0113,Okhaldhunga,14,2024-07-16,2024-07-31,0.02,2,0.08,8,0.0299538710386005,0.006603537281855822,15
NPL,Nepal,admin2,NP01,Koshi,NP0112,Khotang,14,2024-07-16,2024-07-31,0,0,0.09000000000000001,9,0,0.02823040735924251,5
NPL,Nepal,admin2,NP01,Koshi,NP0111,Solukhumbu,14,2024-07-16,2024-07-31,0,0,4.75,475,0,0.18799788883609037,4
NPL,Nepal,admin2,NP01,Koshi,NP0110,Bhojpur,14,2024-07-16,2024-07-31,0.04,4,0.43,43,0.0356911039923299,0.025022391217749948,29
NPL,Nepal,admin2,NP01,Koshi,NP0109,Sankhuwasabha,14,2024-07-16,2024-07-31,0,0,3.92,392,0,0.10077508399561823,20
NPL,Nepal,admin2,NP01,Koshi,NP0107,Dhankuta,14,2024-07-16,2024-07-31,0.08,8,0.16,16,0.0998378613555534,0.01706402921462152,21
NPL,Nepal,admin2,NP01,Koshi,NP0106,Sunsari,14,2024-07-16,2024-07-31,103.85,10385,161.3,16130,15.17607757213934,12.047016975364732,293571
NPL,Nepal,admin2,NP01,Koshi,NP0105,Morang,14,2024-07-16,2024-07-31,162.69,16269,186.38,18638,15.847295995995497,9.107455942083762,91950
NPL,Nepal,admin2,NP01,Koshi,NP0104,Jhapa,14,2024-07-16,2024-07-31,218.35,21835,239.57,23957,18.78052888948374,13.305651029425473,82240
NPL,Nepal,admin2,NP01,Koshi,NP0101,Taplejung,14,2024-07-16,2024-07-31,0,0,1.1700000000000002,117,0,0.05158340567285696,0
NPL,Nepal,admin2,NP07,Sudurpaschim,NP0775,Darchula,13,2024-01-07,2024-07-15,0,0,0.77,77,0,0.14496076941499764,0
NPL,Nepal,admin2,NP07,Sudurpaschim,NP0773,Dadeldhura,13,2024-01-07,2024-07-15,0.03,3,0.53,53,0.0351466557382773,0.030788637450501265,28
NPL,Nepal,admin2,NP07,Sudurpaschim,NP0772,Kanchanpur,13,2024-01-07,2024-07-15,33.57,3357,51.00000000000001,5100,5.537608299966186,2.7522480289946616,89875
NPL,Nepal,admin2,NP07,Sudurpaschim,NP0771,Kailali,13,2024-01-07,2024-07-15,61.16,6116,75.95,7595,6.597046265362348,2.0195767423468256,71886
NPL,Nepal,admin2,NP07,Sudurpaschim,NP0770,Doti,13,2024-01-07,2024-07-15,0.09,9,0.12,12,0.0764195811274602,0.08884960665175774,44
NPL,Nepal,admin2,NP07,Sudurpaschim,NP0767,Bajhang,13,2024-01-07,2024-07-15,0,0,0.43999999999999995,44,0,0.047485113078475034,0
NPL,Nepal,admin2,NP06,Karnali,NP0666,Humla,13,2024-01-07,2024-07-15,0,0,49.260000000000005,4926,0,0.7076296780268904,66
NPL,Nepal,admin2,NP06,Karnali,NP0665,Mugu,13,2024-01-07,2024-07-15,0,0,10.610000000000001,1061,0,0.28459385552025507,40
NPL,Nepal,admin2,NP06,Karnali,NP0663,Jumla,13,2024-01-07,2024-07-15,0,0,0.07,7,0,0.1149190705783358,0
NPL,Nepal,admin2,NP06,Karnali,NP0662,Dolpa,13,2024-01-07,2024-07-15,0,0,46.120000000000005,4612,0,0.5052287845548915,29
NPL,Nepal,admin2,NP06,Karnali,NP0659,Surkhet,13,2024-01-07,2024-07-15,0.09,9,0.49000000000000005,49,0.044077382598595,0.017424259866039044,58
NPL,Nepal,admin2,NP06,Karnali,NP0653,Salyan,13,2024-01-07,2024-07-15,0,0,0.33,33,0,0.017825311187779504,29
NPL,Nepal,admin2,NP06,Karnali,NP0652,Rukum West,13,2024-01-07,2024-07-15,0.01,1,0.12,12,0.0304736683604449,0.009113333142926117,14
NPL,Nepal,admin2,NP05,Lumbini,NP0558,Bardiya,13,2024-01-07,2024-07-15,16.87,1687,21.279999999999998,2128,2.561020586215548,0.935508237123823,8038
NPL,Nepal,admin2,NP05,Lumbini,NP0557,Banke,13,2024-01-07,2024-07-15,12.45,1245,14.299999999999999,1430,2.1900576109839585,0.6683810997771549,5306
NPL,Nepal,admin2,NP05,Lumbini,NP0556,Dang,13,2024-01-07,2024-07-15,0.34,34,1.5100000000000002,151,0.0552011694243588,0.044256577256656965,705
NPL,Nepal,admin2,NP05,Lumbini,NP0550,Arghakhanchi,13,2024-01-07,2024-07-15,0.05,5,1.12,112,0.0728267636928595,0.08348368776679835,194
NPL,Nepal,admin2,NP05,Lumbini,NP0549,Kapilbastu,13,2024-01-07,2024-07-15,60.32,6032,63.6,6360,6.483526789712996,3.40716669299388,41990
NPL,Nepal,admin2,NP05,Lumbini,NP0548,Rupandehi,13,2024-01-07,2024-07-15,49.38,4938,53.120000000000005,5312,5.506009433751056,3.600328265224182,66180
NPL,Nepal,admin2,NP05,Lumbini,NP0547,Nawalparasi West,13,2024-01-07,2024-07-15,52.29,5229,61.989999999999995,6199,12.314755014051563,7.540652390257217,27629
NPL,Nepal,admin2,NP05,Lumbini,NP0546,Palpa,13,2024-01-07,2024-07-15,0,0,0.19999999999999998,20,0,0.014307547924464351,19
NPL,Nepal,admin2,NP04,Gandaki,NP0447,Nawalparasi East,13,2024-01-07,2024-07-15,23.16,2316,32.94,3294,9.874925634576584,2.0375203365133534,13379
NPL,Nepal,admin2,NP04,Gandaki,NP0445,Mustang,13,2024-01-07,2024-07-15,0,0,49.84,4984,0,1.219826915340947,59
NPL,Nepal,admin2,NP04,Gandaki,NP0444,Myagdi,13,2024-01-07,2024-07-15,0,0,9.499999999999998,950,0,0.3657235743921455,10
NPL,Nepal,admin2,NP04,Gandaki,NP0441,Syangja,13,2024-01-07,2024-07-15,0.01,1,0.06,6,0.0112519343398887,0.005646184609201842,12
NPL,Nepal,admin2,NP04,Gandaki,NP0440,Tanahu,13,2024-01-07,2024-07-15,0.24,24,0.24,24,0.1774441261210221,0.17744412612102206,81
NPL,Nepal,admin2,NP04,Gandaki,NP0439,Kaski,13,2024-01-07,2024-07-15,1.29,129,7.07,707,1.3295910502091892,0.29733672484830315,1153
NPL,Nepal,admin2,NP04,Gandaki,NP0438,Manang,13,2024-01-07,2024-07-15,0,0,14.04,1404,0,0.5288956952747703,15
NPL,Nepal,admin2,NP04,Gandaki,NP0436,Gorkha,13,2024-01-07,2024-07-15,0,0,2.14,214,0,0.05775369312483591,9
NPL,Nepal,admin2,NP03,Bagmati,NP0335,Chitawan,13,2024-01-07,2024-07-15,23.13,2313,43.339999999999996,4334,5.165890678764833,1.7083066641473157,13401
NPL,Nepal,admin2,NP03,Bagmati,NP0331,Makawanpur,13,2024-01-07,2024-07-15,0.19,19,2.5599999999999996,256,0.0603453698162299,0.09268161781499698,251
NPL,Nepal,admin2,NP03,Bagmati,NP0329,Rasuwa,13,2024-01-07,2024-07-15,0,0,9.61,961,0,0.910086985902795,3
NPL,Nepal,admin2,NP03,Bagmati,NP0323,Sindhupalchok,13,2024-01-07,2024-07-15,0,0,0.9299999999999999,93,0,0.19585876200579477,1
NPL,Nepal,admin2,NP03,Bagmati,NP0320,Sindhuli,13,2024-01-07,2024-07-15,1.07,107,1.4000000000000001,140,0.3401058672219714,0.04994142165013463,333
NPL,Nepal,admin2,NP02,Madhesh,NP0234,Parsa,13,2024-01-07,2024-07-15,36.04,3604,39.21,3921,6.531816610766004,2.4702249026182574,224337
NPL,Nepal,admin2,NP02,Madhesh,NP0233,Bara,13,2024-01-07,2024-07-15,66.82,6682,76.33,7633,9.893659605990926,5.321319339114955,54720
NPL,Nepal,admin2,NP02,Madhesh,NP0232,Rautahat,13,2024-01-07,2024-07-15,14.88,1488,19.31,1931,2.3622167833186545,1.6513558402621202,17076
NPL,Nepal,admin2,NP02,Madhesh,NP0219,Sarlahi,13,2024-01-07,2024-07-15,85.2,8520,101.09,10109,11.012055884840416,7.102304544974008,78369
NPL,Nepal,admin2,NP02,Madhesh,NP0218,Mahottari,13,2024-01-07,2024-07-15,8.84,884,10.97,1097,1.4946036929879007,0.9738889759256362,7125
NPL,Nepal,admin2,NP02,Madhesh,NP0217,Dhanusha,13,2024-01-07,2024-07-15,1.89,189,2.4499999999999997,245,0.2659527797652727,0.18720178059681636,1388
NPL,Nepal,admin2,NP02,Madhesh,NP0216,Siraha,13,2024-01-07,2024-07-15,3.05,305,3.35,335,0.3761491410668821,0.26763204057893847,5715
NPL,Nepal,admin2,NP02,Madhesh,NP0215,Saptari,13,2024-01-07,2024-07-15,119.18,11918,163.11,16311,14.189466489058477,11.336999193984571,75072
NPL,Nepal,admin2,NP01,Koshi,NP0114,Udayapur,13,2024-01-07,2024-07-15,4.74,474,6.760000000000001,676,1.4112599794948726,0.2616227277937848,779
NPL,Nepal,admin2,NP01,Koshi,NP0112,Khotang,13,2024-01-07,2024-07-15,0,0,0.12,12,0,0.007426707318100134,12
NPL,Nepal,admin2,NP01,Koshi,NP0106,Sunsari,13,2024-01-07,2024-07-15,52.66,5266,73.73,7373,7.6954477125552,5.50819787974892,141450
NPL,Nepal,admin2,NP01,Koshi,NP0105,Morang,13,2024-01-07,2024-07-15,59.69,5969,69.82,6982,5.81427929191082,3.4117532668542143,42531
NPL,Nepal,admin2,NP01,Koshi,NP0104,Jhapa,13,2024-01-07,2024-07-15,23.72,2372,27.6,2760,2.0401838573783118,1.5328792804641143,11516
NPL,Nepal,admin2,NP01,Koshi,NP0101,Taplejung,13,2024-01-07,2024-07-15,0,0,0.28,28,0,0.031540877905438074,0
